netuid,chars,pages,has_readme,sha256
1,11160,6,1,02eaae8f9ca0927d1a1f82dbc88fe5794fe604dce5e1225890320670c695931f
2,5834,2,1,22fc854220a994fcc405d537ed6d366f0785ac4b32c50e57be5c46cc391773f7
3,9266,2,1,379f115eaae9560e1d34a66af53b228bf5b6647b227fbd06f098eae9cf0e4904
4,12467,5,1,11baef60b7be78230fa9ae104b6d2227bb269b09a490d116978a034742c6d40d
5,6787,1,1,1a074eac9a228fbf1127f63f827fc5e8841d900339205be657a2312ead1d183f
6,9644,3,1,7eecde069ee756ef8bb2b7446c3d13cbe2a1e9164b8022b2b52e82a9c86ef5b3
7,5630,1,1,176a56c654b354efcb4dd3fa7fbd440a3fae5d3c7fe6db97e077309c20330def
8,11366,2,1,11a3a1be8f1bc071e7a93579b7e798509154a808276d060e876f706088eed991
9,18201,9,1,b67c0a59a0f538b1e5581f404538d04dce777006a1a37ee6a106b2aa35d162fe
10,11555,3,1,0e55f5345af9191f3d9decf1036118573de1e6c8ddc4d8e5b868b2597f4a8cfb
11,6148,2,1,56a6273f573e1fd09a3e3d632bdc8b4090ea66bea85341bd1e8ca6305ad67b12
12,5649,0,1,bc7aa4f1921b3ea460b9e6089ce79d3ff9e8f905a1fbd07543c1c5d759894d25
13,16169,5,1,e82819b8a00112ef73e93e4fc4cb5faa0642e2f2fe2db3a5ad4d97009fbdf263
14,11073,5,1,834bcbf2676d6ecfae2f34b8701d0e2c406b142b69e394be96f79663e6e536cf
15,19090,6,1,a6eae6afb556cd5ee1b3ce1894ada63016e019818f22e209d147ce7cf32f1e12
16,124,0,0,35d93a3c437c56f042a15162e69c80bc37a10e2aba4003805f39a27cd5444004
17,6956,3,1,f0234510f77e12e6836c524c8db1198aaf058eaecb742e2db6431ab51a91796f
18,19503,5,1,3dc63bc93d2f97dabc2decf54043b9bb3a5181d33068061b06d077b440c7eab1
19,20413,8,1,483771a36874d3bf7a40c734c35371809c63246e282cde1edd862870a7b6be61
20,9617,2,1,88fd31f3921f1ad2dff43376bc03b81bc45a9748a237d820984b64f60284aa1d
21,16319,6,1,fb5946dbf3058f268344f00ec10a49752ba172c09a2356c902c34d7993564873
22,29707,9,1,305ed99d220fde5232a444bcb28cae3dc6fdab01c70aae06e15d6a0fb0d21df1
23,12033,4,1,5c5200b0385f04505c605a5e2eac879bc1e7e41b46dd7c70fc140965fcda3523
24,3994,1,1,4e6176c20ed18dccc345c8655de9a567deb4a2cde0356c427ef36a3c2a5e624f
25,11180,5,1,7453d86e80329fe1aeadd5422660dcb6ef89b7a982ebe5129c2b8b0d8a0ea9a0
26,17889,4,1,398da3d1d40837bdf126e92edf4d5aef9c8b6cf379b082315116804fe21ddd31
27,4028,1,1,b484227d7d4116679404c332c51bbe9405af0a2254c411684705039d4cd9dbc0
28,14526,5,1,bbc24bf4c6f20d16eabf604f410388fc13bd5a4b9b97e8c6049e283200b76e78
29,5388,1,1,b8160fddb72f76d43e062cf8e952d0cde738b39ab4e3760cfa9b3c4acc332f7e
30,6956,2,0,4e7d580db429c0e2e25267069b8764e1c0fccf5106106fe88553c65f454b632d
31,1070,0,0,1156219dcadea6fd800216c74eb447bdaa358b29ec07425553cfda03f4009eb1
32,16209,6,1,2d470754fc3eafd8193c9c1904517517cfb7e31547f01884c73d84394b2ba8ac
33,6430,0,1,c94c2cad730045d853177877dd6fbadc7e9a45ee9589b667fb4c7341238f6bc4
34,18484,9,1,7838d4edf09acb507c7587069bfc16a7fbd318f49c578eecfb8134d025389117
35,128,0,0,20b4a8fcd4a7c43db0cd8ddc34f0393e185854db346f70e0117ea8295736fc8a
36,11078,2,1,760aeb7670573b0a5b785628817f7a663923b264c8d07812ff0733aeea8f7535
37,14912,5,1,50329f2d56b1d266378d1d04c2874b94b13f0c1c0510f16f23115a7913d93ece
38,12284,1,1,250723709e937cab35e982e0bceee68602dff17a0050f7deed5be3fb381af951
39,675,0,0,b6345d764d1f124a1c124563ac68cfdf2c41d3e21655fbdd21b5db9fff9bf794
40,10107,3,1,7829ea70718bccc2506084a90e7ea5f023101c7cc1d0ad242c9a07469781de70
41,8672,2,1,03543ebf64b61de352eaca3f278561a28acd7e3ecfb7893495f4b6a86b9ff705
42,126,0,0,b117e064e96700477875baf1515a62db095ae65df40e1eb7a684a9d8125f0317
43,5127,0,1,10dce204db151ffdd44fe35253645d10cfc729c76a1008985ab327b0cdd6a0d6
44,6821,2,1,b39fbe3918a4c8aa7b84e90ef09d40893058e56fc7f14d2aa70203ec24836784
45,19348,6,1,ad0c915f8f5c4bfed6103506638e3b716ba944e80b8ad1d6e3983f802fbc9917
46,5501,1,1,0bb8cfd29053569c3cb986d72eaac8d2d30d41e0f3aa64378d56f25d8eb15ce0
47,8768,1,1,aa87574d89e4c477d3938ec976bb8dae3ec6cd5e51b34e7899779a377ae425ef
48,7621,2,1,6cbdf3c2ec530bc7e16ca46a8de3ea2f161cd7ee73eed58ca797dba95f42bb15
49,16972,9,1,c0a65b56927fc2d8746f40869a65cbfbf3f81534e2425537d4f26a084aeb4c64
50,17474,8,1,2de8eee45e46b521c75dfe4063a26a8a10221da68c54b97de7e4097971ec12b3
51,18835,9,1,e404ec0dafbc836d943dd79f3c095c5c01210d99ef4c5702af3ea08c6c1c893f
52,6095,2,1,345562fd295dae680c8ac25b69752fdb1aeb1f5b97e147af4c714671a973fb8a
53,9708,4,1,2c93a64fc642fbb8bb48bf827a9470679d036b0841e34ccd9cba37cc74ae0407
54,8470,1,1,b029bbfff882b59571d180f7ff9f0bbfe1cba4d4fc8238950044512bc8d465ab
55,10624,2,1,e637f7f96729f1fafd49429b6ce84a9268da87695f8b5a06bbbcaecd6ab229e9
56,13798,9,1,b7b031ab46b2ef65f34b606d7c5701e3c2b7be1f7eb7649ec1ac6fd6cc3eaf83
57,128,0,0,8619e5148bb88ee218e5a7ad0ad48fa2d0f06039dcb85d2462f69a76fbb0892c
58,128,0,0,689332cda0b2ab4808168c424c8cbb8ec7607c9537fa956a3a356c35bd0631ce
59,128,0,0,d8d54dd7769d4387f148429dcdf8ed5c9afc59da4d1be55a3c473ae3913f3b22
60,7120,2,1,21478f9d08809b358734cad4fba7c04566fd366846cf5e44c151e3d74dc97b36
61,6796,3,1,d2fb570bb938dca0bf74477c092a75b6f9d51ca84d81c36a8cea4995259a6719
62,8277,3,1,9ed661315f76358ccfe694509e1fd603c0247b67306ca68f50c485224ae72985
63,6532,2,1,1f4c9727b5c33640b402cf3862755ca375e9221556796a6bbfa1c31a7b66cddb
64,17018,9,1,07e37838db687fe35f236f29c58e4ae1d120d9da438e8c5f7c1f4b2ea3079b48
65,8223,2,1,26caed2f45b7d181d6829c76349f9746d50fd46d29d0f6fcb9dfb9786c10c383
66,11105,2,1,c2db309a6bce4500836c643126e949d5319eb33ef6823d4617cda6f6d00d0980
67,14450,3,1,9836fbba647e718539ac545c3fe3c6534bf1951cd1b5d7312498d486e04d6a1e
68,5073,1,1,fcc2d4af67b8d51312f78b41dfa7a98a17b687078563e56e04974d6f789d9f6a
69,12586,2,1,a90d51083f40eca3f49d9048eeb95758680d944b8c591a406c78cdfda4438e0d
70,128,0,0,7e7aeb89f7bbe69ad2b129d5097440c5f36c3e3eec72134d6c37682fdbe04c18
71,18666,5,1,0f988f853c759b0bd223c1a2ee34d7bcb006b3c5afc852a76bb9822f9ac5f60d
72,19893,9,1,517873ce458d09b34826aff0f203b275558d3160f7b5e065aa587500568face1
73,125,0,0,e8ff15b5dcde507b1a9194c984f020588f3849d503d54100f4ca80f3e7a12888
74,4539,2,1,28f1abac737e25ac94361fccfdff5a775cfa789e978bf2d0377ba0cd7e9224db
75,19062,9,1,87dfff0f2184fa17996b8feb6c96099cf037d4d0e46bfbaa6a17e33be02b01b6
76,12523,4,1,9be832f0ea0d2d26c60fa0b4a8eaea75f3c50516aa405204ec17fb8d70eaef32
77,7831,1,1,7d966906b602800009c2c0102e17a227699de54c431650ee92900856801fcbf7
78,10728,1,1,c9f3dc6924e6b540a2ce359711899418cba916f29b135055250e66dde6fa3c12
79,14872,3,1,16fa794e6937472a02c05fb1a3d1497d7b1e09a1f9e419669f350a9ef83cf425
80,7367,1,1,6665af28463965d5d137d7676b42b3fe7c9b3ae4075e2f5858fd36de12c85c7a
81,9446,4,1,e8d5cf25dbbe0540691e2e48ed720ffefe264096dc9eb5ba0db5a74ffac225a1
82,128,0,0,da70629b33c5c747fbe03a19e96614ccf178bf31f74094c46c3b451bb73cde8e
83,4327,1,1,42f37eb04dff34bae5500195c426775fa982adc59d2dd62a576120ce67b473c5
84,128,0,0,8a895a1f983ad469a5e4761a7cba3688c7a9d0bbb2f436f8a7fd85e68eef649e
85,10741,4,1,d471aa9bd0241f3005e53007bf67a7ec9a9be08bab4ee434cc97698a5a7208af
86,128,0,0,3b2d58e0df9527e5d9c843b19a910f29d6f569cedca40359c9e0fa543abd3b3d
87,14022,4,0,1cd2d2690fffd145a6448cab64b90280cedf357f3ac6b33b10dffa026752d2a8
88,5038,2,1,684f793a535e96c69a32a1503b3fd6b502c7d275f4a129112091a8709349366d
89,4894,1,1,b0dc0fd75135826c8442d18c33a27e0886e90d95f380ff95b07094c84be796e1
90,10652,2,1,daa13777f449c44e301241b4d0cc5907c5bae18614f8427eac5d9e3e823aac40
91,5911,2,1,1ec72ad6ae78856e72e08743241ccca952c5b47012aa00222a28affcc55a91b7
92,128,0,0,4058b687794ba5fb048c2f5409baedf5844930c2de12c807ca765261e62d2493
93,5924,1,1,903f3379a088e666dc8bfb06906a86aa1c72466a31220fa3fae2b7ad5b763b90
94,14407,2,1,c66b7ec7b173176504f853d7426966b0fcad0767814ff93ccdb02139ff6f1954
95,6640,4,0,6e5fdb07044919263c7f6a8802f676afedd79cbdad169e72a3e21a0b3c4d728c
96,17233,7,1,118cb988eaf07596133f6caa07663b487c19153c82323ca0c88cd717b037c4ae
97,3846,1,0,f31248b10b2d0f54dcc70fdd4d3a6cb63ea01a4ae9d8ba00fe3c60b36584133c
98,9655,1,1,ec4cb4196684f1b34492e938871d59b0715ad5f9dc222e26d20722ec2aad2dd7
99,8787,6,0,4594e9085a02e61b1baf08550cd6d2e1de98a3425672b79ba690e497a3258cd2
100,12226,3,1,27203e7619fab53e013d0596f3f9fe8deb805c2ff1a3ada490516200a61f4d9f
101,7028,2,1,b0d0444f85b42920b413663f5d2421eadfc26604654a6709f28c6254e05c5eff
102,13122,5,1,1ec503ffc1e5887cf3283e74a735ea0e9ef507c34698e6a33f9dc18a19c24963
103,6381,1,1,2ee65e13c15a964cd816af150847e2b298acdab53285ef3b9df4eb41ef5eef0f
104,12541,4,1,3f116d37022e2581da841e790d59858731aa0b91fe784bd49832383d4c47435c
105,10537,3,1,45f861d67487a52fe68a52d1839135a2e4e7cce908f4f571df3bfb7e0b54dd1c
106,17486,4,1,e78ee985902633d8c9ce4d78adbef036c655274bca1514e40216def51cc5e7cc
107,14645,5,1,8f53caa084f666665daddb900f0ea2ba8a376b05a7e53ad358cd47c5764615ed
108,13678,2,1,44cfb08650e9d4d571d033ba343f737eae77d9a3102ba40cb35543787e4f34b6
109,5646,2,0,084591ba9c299188e0cca2bb8aef89c1a96c679f86919504a8429839bd2bd51b
110,9934,5,0,32f7df6b5774af224e576f4482a9b210580181be1a7cefb922ce013910a8018a
111,14543,4,1,4521b04eaf226730441314387d5d28dda9984fcae1b53bfb667e8dfb579091e2
112,128,0,0,a76f1ee27524ee98e49ad3f9d265086358fcee638144fd9907e993277ed3b64c
113,706,0,0,31454b2010c2c90e2830cbb9827cf6b03ce027e289b784be77a60768ffe1c887
114,11663,6,1,0fb34e48a67801bd7b589841506d1a815e8ff60b160a82814e8acaac12f7d67c
115,1916,0,1,13fa8ef7be92e9b9b70210fba4a00710018ad484c06e63ddefe370e4ba7bf08f
116,128,0,0,ab3184ab5d56961c0c76e57397e188dc2fdebd9d4aae9975bdfefff71ff786f6
117,8040,1,1,1f595ba1a05a7961dade1c3331f4f7022904dd96aa3da4cecdbb73f71c6b5ade
118,21111,9,1,11ee43bdfaf668ee88e04846701c9e4dfc11fe188529faccbfc60ae009465ddd
119,2719,0,1,a64b80d203e31f5469ae793edae9314398df7cdee9ce3495b60844fb162b72c5
120,3691,1,1,79c753b69efbe1f264b3009171e2f6ad86988537890f4a3582c284465c6006a9
121,11038,5,1,e9c1bed5dbb76afa486c6b1586cf28a8fe32e8d585bfd5869f44d1152664ed0e
122,8613,1,1,4df359f696cdac0e79f6555257e50790913fe0081e098518c1e7b83ff8e945d9
123,8850,1,1,0d3c7754714b0d0811329e1e3939f8595c55385221c0206cbb456f6a6ac64f02
124,9782,2,1,504beeda8aa53494ab467400e0e4c4c5aa138aa8f62aab2af2e6c944001bd51d
125,13413,5,1,9ec3964e6ca96cd7862065ee7930e647a805871769034bdc89803b02653d1c70
126,9829,7,0,f053c7df59fa40704263ad89bdec97874d930dd2a053c1891efd57f640b3a5b8
127,8112,1,1,fe1be594c843bb69c080e60be7ac6795c80f749b4de615c5b09bb0409d66c3fb
128,7887,1,1,f877ce4c530a67abbaaffe0664f7bad9f76ef6504932f2e039cc35728760458d
