netuid,website_url,x_handles,handles_n,how
3,https://www.teutonic.ai/,,0,
5,https://honedashboard.com,,0,
20,https://witnessvision.io/,,0,
36,https://epago.ai/,,0,
40,https://www.ralphlabs.ai/,,0,
41,https://almnc.ai,,0,
45,https://alpharidge.ai,,0,
53,https://engy.ai,,0,
54,https://www.yanez.ai,yanez__ai,1,static
55,https://niome.genomes.io,GenomesDAO,1,static
61,https://www.theredteam.io/,,0,
66,https://conjectures.io,,0,
69,https://www.heraldmedia.ai,heraldmedia69,1,static
76,https://ormas.ai,,0,
83,https://cliqueai.toptensor.ai/,,0,
91,https://dashboard.cascadesub.net/,,0,
95,https://actual.inc,,0,
96,https://verathos.ai,verathos_ai,1,browser
97,https://us-east-1.hippius.com/albedo/index.html,,0,
99,https://www.thirtyspokes.ai,,0,
101,https://tag101.ai/,,0,
103,http://capcomp.ai/,,0,
109,https://finsight.tech/,,0,
120,https://www.affine.io,,0,
123,https://mantis123.com,,0,
125,https://refinery125.com,,0,
