netuid,chars,fetched_utc,how,page,sha256,topic,url
1,4919,2026-10-02T05:40:46Z,browser,0,e443fbd34cff3edbbed9e99b2ae4b9c7efeb7671cba77eaa63c58f0e43b772dc,home,https://apex.macrocosmos.ai
1,4788,2026-10-02T05:40:55Z,browser,1,4456362a84caf5673f79f22a82100e2c645f1cd50cbdb412a9b8a21fd3726fe8,docs,https://docs.macrocosmos.ai/subnets/subnet-1-apex
1,2544,2026-10-02T05:40:58Z,browser,2,2670703666104bc3305269d8a1dc1313118f2284a0c9a702f201e544762afe00,docs,https://macrocosmos.ai/delegation-guide
1,4788,2026-10-02T05:41:04Z,browser,3,4456362a84caf5673f79f22a82100e2c645f1cd50cbdb412a9b8a21fd3726fe8,docs,https://docs.macrocosmos.ai
1,850,2026-10-02T05:41:10Z,browser,4,1e1b9ffaed6341a69becc6113f5cf04d881214e8ad923db61ba61fcfab758c86,team,https://macrocosmos.ai/team
1,1900,2026-10-02T05:41:25Z,browser,5,21a012ddb10499ae750050210c485c43618c2e600cbe0af8f4e15d2f7b023179,product,https://apex.macrocosmos.ai/competitions/13
2,984,2026-10-02T05:40:40Z,browser,0,be1be8756848e0edf13450a3be3fed69a675cf825ab4ca1799499f6053a67dd8,home,https://subnet2.inferencelabs.com
2,2904,2026-10-02T05:40:50Z,browser,1,49dba1499088a8719aff2470544b634cc483319004aea3b99730985e9e58bc17,docs,https://sn2-docs.inferencelabs.com
3,561665,2026-10-02T05:11:33Z,,0,dc609afc3590bb9485618f549af731dffa6b16852976050bd999d7931c1587b5,home,https://www.teutonic.ai/
3,36751,2026-10-02T05:11:37Z,,1,2888adde0609c81f90d344de90bb56a3a78e3998228ac51745095602e631825d,paper,https://teutonic.ai/paper.html
4,2493,2026-10-02T05:40:41Z,browser,0,efb2b2f59a2b39f86f8b6579bb15dac8cc48e44ce32b7eaada5604d10d1f02a4,home,https://targon.com
4,35503,2026-10-02T05:40:45Z,browser,1,8f63d23510badaec80ba7db88b8f0946a58ef86c0ca2bc0f22ae2ce9e4d9c4a3,paper,https://targon.com/releases/intel-whitepaper
4,1113,2026-10-02T05:40:50Z,browser,2,a9d0563e8d0b9053093567b86951e65e10915b7eefb0a17a9ee963d6e6d2117b,docs,https://docs.targon.com/
4,88,2026-10-02T05:40:55Z,browser,3,2de26ff631047ea4ad7b70c7dbcd83d45d16a959322dd3af469a74c2532fb455,product,https://targon.com/sign-in
4,83,2026-10-02T05:40:58Z,browser,4,462a432fecc6b0c19c2b536f1c616070a49d4f0c70a82a44a0ab1a118af9f8a3,product,https://targon.com/sign-up
5,26551,2026-10-02T05:40:40Z,browser,0,03a17a9964613d326a795bbfe1a1a14c7742bc809a9a9927a9271579b65213cb,home,https://honedashboard.com
6,661,2026-10-02T05:40:45Z,browser,0,b56b07fcbb2e3dcc8a9acc8fb4a6120d35bb11446624f1ea3f77886e434fffd9,home,https://numinouslabs.io/
6,5335,2026-10-02T05:40:50Z,browser,1,b71971c517721ddc2690ca75c1c5d89bb29c291a3c48b2d3e5cbf3bf02e36488,docs,https://api.numinouslabs.io/api/docs
6,1471,2026-10-02T05:41:10Z,browser,2,f5aa1d2ed3fa7af5bc9c0c912549fed77477fa8e1614693025e55a288c002465,docs,https://truth-alpha.notion.site/numinous-forecasts-api
7,7,2026-10-02T05:56:15Z,static,0,4a66ad2b251184aedbf253f297f4816efa286d177cfde0c0ce5b39d0903e78e9,home,https://all-ways.io/
8,7567,2026-10-02T05:41:04Z,browser,0,efb2c6a9544d0bcfc18986612cd7cef61eed536a33fc1b55fc84a89580f7b365,home,https://www.vantanetwork.io/
8,173,2026-10-02T05:41:16Z,browser,1,67ecd83d29d338867b498ddc2985134e43e1b23226289255bc18521e59854402,product,https://www.vantanetwork.io/dashboard
9,4746,2026-10-02T05:14:07Z,,0,6076bbf737896405cae802a46d50f56c33d0bba7db5e4262defa6ec58ab3a565,home,https://iota.macrocosmos.ai/
9,4775,2026-10-02T05:14:12Z,,1,ea20d0a13357fa2d91790478f1bebd7a5fa7c0f93a5deec2dbfe3ff9e13e156a,home,https://iota.macrocosmos.ai/use-iota
9,3242,2026-10-02T05:14:18Z,,2,314ca407e87ff65edd08e01bfaede410e30c7f486294433f9fa8a8ba82337b87,docs,https://iota.macrocosmos.ai/docs
9,2544,2026-10-02T05:14:33Z,,3,2670703666104bc3305269d8a1dc1313118f2284a0c9a702f201e544762afe00,docs,https://macrocosmos.ai/delegation-guide
9,4788,2026-10-02T05:14:36Z,,4,4456362a84caf5673f79f22a82100e2c645f1cd50cbdb412a9b8a21fd3726fe8,docs,https://docs.macrocosmos.ai
9,5953,2026-10-02T05:14:41Z,,5,93914c01043b6784119f39941bedf28d305f193aae2428346d313fb32f1dca32,api,https://iota.macrocosmos.ai/sdk
9,850,2026-10-02T05:14:46Z,,6,1e1b9ffaed6341a69becc6113f5cf04d881214e8ad923db61ba61fcfab758c86,team,https://macrocosmos.ai/team
9,1077,2026-10-02T05:15:55Z,,7,faf4554739eaf31a4eb367717b91f0624160a5dd7284695190da757e79c82634,product,https://iota.macrocosmos.ai/dashboard
9,5273,2026-10-02T05:16:10Z,,8,f6f0ffe9cbe60773d752318e59a47872ce62476457bef67e14d64110864c59a7,home,https://iota.macrocosmos.ai/train-with-iota
10,4231,2026-10-02T05:15:14Z,,0,8319552cc02191fcf11d4686836040a9dfe692485d01e5f7b65abc34edca19df,home,https://www.pareton.ai/
10,2528,2026-10-02T05:15:16Z,,1,3dad4c5a8a1eef41363ca9c1a6abefc0c8b6f0c54ba065a957184477f80d156c,docs,https://www.pareton.ai/docs
10,822,2026-10-02T05:15:20Z,,2,fe55cf986cf02dd70811e7280e9850a7520e45a4e18b76c9aa80fe26081ef1fc,product,https://www.pareton.ai/dashboard
11,311,2026-10-02T05:15:25Z,,0,b8e31c8beece1ed9690c4224a25ff2b79f6d49fcd16cefe06b1f6b9430e7ba73,home,https://trajrl.com
11,2808,2026-10-02T05:15:31Z,,1,7254c70adac7d41c5e1bbc1458895ef3c5bf7bda63670c02c0ace0ba6a7cfbc4,docs,https://trajrl.com/docs
13,4729,2026-10-02T05:41:39Z,browser,0,6726045771a8a27f0dea84adce0d259bcf788f814be39ca3291a46d054997475,home,https://datauniverse.macrocosmos.ai/
13,4788,2026-10-02T05:41:44Z,browser,1,4456362a84caf5673f79f22a82100e2c645f1cd50cbdb412a9b8a21fd3726fe8,docs,https://docs.macrocosmos.ai
13,2544,2026-10-02T05:41:48Z,browser,2,2670703666104bc3305269d8a1dc1313118f2284a0c9a702f201e544762afe00,docs,https://macrocosmos.ai/delegation-guide
13,850,2026-10-02T05:41:53Z,browser,3,1e1b9ffaed6341a69becc6113f5cf04d881214e8ad923db61ba61fcfab758c86,team,https://macrocosmos.ai/team
13,153,2026-10-02T05:42:12Z,browser,4,343f4ff28c0a6ec002af2f9ab78324dad0aee9ed443e3b966bc7727243c8428c,product,https://app.macrocosmos.ai
14,5080,2026-10-02T05:16:10Z,,0,d0c44d30fd4c9e7f0f4939098468f38081186353d19263469dd8f9abc71786cc,home,https://cacheon.ai
14,5850,2026-10-02T05:16:41Z,,1,6a113171ad5f3fb649c4b6b5ca034fa633054904866995d6ff3e815a16a5f202,docs,https://cacheon.ai/docs
14,18868,2026-10-02T05:16:47Z,,2,e06dbb1b7088b2d4a785f7c683654ab8bd1fce643cbdaac537ed839b9977fed2,docs,https://cacheon.ai/docs/miner-guide/submitting
14,13957,2026-10-02T05:16:51Z,,3,501af24581614e446066e16c1023e414defa9c05feb8a2b67a10cc89ea19ab95,docs,https://cacheon.ai/docs/validator-guide/fidelity
14,1602,2026-10-02T05:16:55Z,,4,648f522d268494d3fb055acc9521669d4cc50462a7d2be3955d34e9f535ad8a2,product,https://dash.cacheon.ai/
15,4906,2026-10-02T05:15:56Z,,0,9f0e1e01e3b908d2614f225d3cada5fc93181c41b226b3bf728cc73628ca0269,home,https://oroagents.com
15,4684,2026-10-02T05:16:11Z,,1,6025085f38159d591a805eaf333f04e3cc1d1a8f04e20fd5f505e39414e31057,paper,https://oroagents.com/whitepaper
15,3655,2026-10-02T05:16:47Z,,2,e3d70aae35df0a4e06eb810fe1bad9d2365c2dea6e43365a492ec0c277a2832d,docs,https://oroagents.com/docs
15,46680,2026-10-02T05:16:55Z,,3,c80ed44ee447bb6e6950e7ddc9f62bc4c65affe12f32cd1cb822ee8f818b76a2,docs,https://oroagents.com/docs/resources/changelog
15,5713,2026-10-02T05:17:07Z,,4,7ba02a9a114b8353cc7a107455db74a767e7f4b6da1ef556722fc1fe7b1706fe,docs,https://docs.oroagents.com/docs/miners/quick-start
15,671,2026-10-02T05:17:12Z,,5,7223cfe85fc37f9b72abb17580ef2bec9d35dc8ce6b7ba57c927c4b0680425ff,product,https://oroagents.com/dashboard
17,266,2026-10-02T05:16:47Z,,0,8d922b1acd4d7b59aa6ac7c23980ea73fb5c58b775896ceb9cdf16e876dc388f,home,https://www.404.xyz
17,263,2026-10-02T05:16:51Z,,1,5a812d32c94c11cc7badae8dbdae5b1aeed88a1e48fcbbd3ee5070bea500fc1d,team,https://www.404.xyz/about
17,306,2026-10-02T05:16:55Z,,2,0f7b80b17ccbbb8daafabd1658e19bba210b013484adba1bda07f543273f16d9,product,https://www.404.xyz/app
18,4022,2026-10-02T05:16:51Z,,0,efaf33c5d618da9ed9262e9d7236cdcb4ea3ac72abcae6363d017c28f1654c2b,home,https://www.zeussubnet.com/
18,1401,2026-10-02T05:16:55Z,,1,ce34a6f1cc99e21af048e2d780143eee59f3f7028fdd625dcc68ea116750d6e6,docs,https://docs.zeussubnet.com/docs/introduction
18,4135,2026-10-02T05:17:02Z,,2,6257c93115744b0ea90346732010fc0f98fa61297447325b2b71daddd7f71775,docs,https://docs.zeussubnet.com/docs/forecast/point
18,4004,2026-10-02T05:17:07Z,,3,e38f8a4e9e0489757353a832037f6c767466068768ae7de203d510fc35c9f0f4,team,https://www.zeussubnet.com/company
18,2020,2026-10-02T05:17:12Z,,4,ad2d5703e2f16385f8e0b1dc9b69e73a4ae4e314da87d6e4672cb1eafa71ab7f,product,https://www.zeussubnet.com/pricing
19,5799,2026-10-02T05:11:33Z,,0,ad24909d70f43fa2f2296c50338f7a2d8fd99faf8c489d85fc454356e394267f,home,https://blockmachine.io
19,52148,2026-10-02T05:11:38Z,,1,3aaea6500e1527cdecac2b8a8ff115e47bb0e8ab0c938ab63fa335637d86d907,paper,https://blockmachine.io/whitepaper
19,14479,2026-10-02T05:11:43Z,,2,25c3ab49209aa31fe019877ad7ced584267e1f402a154837fbd1c1cd2a06aafd,docs,https://blockmachine.io/docs/ai-agents
19,4152,2026-10-02T05:11:46Z,,3,1d0dfe2f87fb69b908955d1ab247b70678fe23028f307b9502c9a946fabf596a,docs,https://blockmachine.io/docs
19,8550,2026-10-02T05:11:50Z,,4,9dfd989ad4ac8fe4cc3673185b257f32dcab72ef5c58692f8a48560886ef730c,docs,https://blockmachine.io/docs/referrals
19,11611,2026-10-02T05:11:53Z,,5,e34e5cc3ff284f65995988b6c568fe2843a09e9e07ce302810393ef513a9ecff,product,https://blockmachine.io/pricing
19,1724,2026-10-02T05:11:57Z,,6,8dec088ee862aedc416620ca08ee9ace48d96be4c7f7807274ab8223875e5bc4,product,https://blockmachine.io/login
19,1724,2026-10-02T05:12:00Z,,7,8dec088ee862aedc416620ca08ee9ace48d96be4c7f7807274ab8223875e5bc4,product,https://blockmachine.io/login?redirect=%2Fdashboard%2Fplans
20,5166,2026-10-02T05:17:00Z,,0,58b144400c808f56a0e881736d03746c0288a716302cd0c7e8a384be85239b48,home,https://witnessvision.io/
20,2067,2026-10-02T05:17:02Z,,1,730e5650a614de03252d13bd79fcca7ea963eb1563e8705ae7dc4147516b514a,product,https://witnessvision.io/dashboard
21,853,2026-10-02T05:17:00Z,,0,5ab61f25138d27ea7b87c3f73cbe43eef0899f5883523f546019802dde338483,home,https://adtao.io
21,9930,2026-10-02T05:17:02Z,,1,c8b73cc97374d677d0841ca36f00c0c7d4e5f3532ca747430164789933e50b70,api,https://adtao.io/mcp
21,2793,2026-10-02T05:17:06Z,,2,e3b268d7a48df0873c7f2bde16e3605112b84ef4d14b9becde5065b831546bf0,team,https://adtao.io/about
21,4850,2026-10-02T05:17:12Z,,3,204cb3c00719fc70bf307fa5919f630e8296680a41db10336624be7b9f0874ef,product,https://adtao.io/pricing
21,1816,2026-10-02T05:17:16Z,,4,6c7021bc820d1792d3db89c1a2198dbd5a58e21fcb4409981f106cfb04af005a,product,https://adtao.io/login
21,698,2026-10-02T05:17:21Z,,5,8513bb0eeeba235fc453adc183dc64a568d76953b8c4f794da99b4435e06fc5d,product,https://adtao.io/contact
22,11066,2026-10-02T05:17:07Z,,0,ab72bc7ccd56399dc0f8d8100e99ce390206b0cdc75e1ace1b0986b38115ac4c,home,https://www.desearch.ai/
22,56415,2026-10-02T05:17:12Z,,1,2dc1ae80d76a4284df9e96833e553292c37a4f35942ea04f4c944e87dfb493e1,paper,https://www.desearch.ai/whitepaper
22,6083,2026-10-02T05:17:16Z,,2,4a9602fb03194351d897a8da8cf532e8192d32324e3d9f1109b47d602680ab09,docs,https://www.desearch.ai/blog
22,4002,2026-10-02T05:17:21Z,,3,f195dd85b92193ca3d40eccda00ae26b91de1dec234e863a5edc6cddfd3831ba,docs,https://www.desearch.ai/docs/guide/introduction/desearch-ai
22,14727,2026-10-02T05:17:25Z,,4,cd430b5a71f074d2afc40dfb094e78cc560faf6d78e682b46cd4dfb5342ba087,docs,https://www.desearch.ai/blog/integrate-search-apis-langchain
22,21131,2026-10-02T05:17:28Z,,5,40392efc88d08490c3801330e283a661e9e11b08b6b3edc670e4e4c213e06842,docs,https://www.desearch.ai/blog/real-time-search-apis-managing-latency-scale
22,5685,2026-10-02T05:17:33Z,,6,5012eed292f5215e5a220b627d8e8af6cec3c648d787110a67335492042680c9,docs,https://www.desearch.ai/docs/guide/introduction/pricing-and-billing
22,12783,2026-10-02T05:17:38Z,,7,4841d807fc741fd092b889f0e63cc5ecef56e7225e6427e4ad66c5e11f036493,docs,https://www.desearch.ai/docs/api-reference
22,4995,2026-10-02T05:17:42Z,,8,c48ce56e2fc956147695a4d41696d5371b62e6026801feb5a6aff8bd616dc568,docs,https://www.desearch.ai/docs/guide/sdk/desearch-api-sdk
23,5654,2026-10-02T06:39:49Z,browser,0,7aa294167e53516c65382059978e1e863ccb043003c91ce8b5e39c30d97fdf0d,home,https://trishool.ai
23,0,2026-10-02T06:39:50Z,browser,1,e3b0c44298fc1c149afbf4c8996fb92427ae41e4649b934ca495991b7852b855,paper,https://litepaper.trishool.ai
23,1218,2026-10-02T06:39:54Z,browser,2,2243fbd8244c9b4545d601bdcbfa758d5638176b7c4dd7cb683e8f87d69104f3,docs,https://guide.trishool.ai/
23,2172,2026-10-02T06:39:56Z,browser,3,071031f7a7374fe3d4203eb366f1588c3c46f3bf3a82eefc9396db8279b1e88e,docs,https://docs.trishool.ai
23,4825,2026-10-02T06:39:58Z,browser,4,b8aba2e1b079881c9dfc63bb9f138d94341a888090a18b2c7435f2240e915da4,product,https://trishool.ai/dashboard
24,94,2026-10-02T05:41:28Z,browser,0,b0f43d57b24d432cd12860de657f99d4adb1eed57ac7ecbe288383e094993d50,home,https://silxinc.com/
25,1913,2026-10-02T05:17:25Z,,0,ede8dd0c19095b0a58e4d7c781e3bbe9972a36f21538f4c216420576140f6d39,home,https://ur.xyz/
25,15162,2026-10-02T05:17:28Z,,1,c54d55ea951ee8799962eaab7789343923efcf18cf3253c5926a8271a2682943,paper,https://ur.xyz/research
25,7201,2026-10-02T05:17:33Z,,2,5096a1dfbb846726c27c91782ba638d6b9bb0b028564f174e93f272412dcf63d,paper,https://ur.xyz/docs/litepaper
25,1771,2026-10-02T05:17:38Z,,3,27045d1fcfb1cfe831b8a50c9f7258186e47a503d1ec367444929bd90a6cc986,docs,https://ur.xyz/docs
25,2111,2026-10-02T05:17:42Z,,4,a1abb167fcee2c84eb6daf3f6f07f7d695d53a44906bd4024a896cb88dba732d,team,https://ur.xyz/about
26,5302,2026-10-02T05:17:28Z,,0,ee82833cee57b0dadd9e1c257217bf87df911c0587dc492adf623875dd1040d6,home,https://www.perturbai.io/
26,27932,2026-10-02T05:17:33Z,,1,1e98f270f8e1906b580c70a9240b34437a20790eed662ba43c4b193de0c5e3fd,paper,https://www.perturbai.io/whitepaper
26,462,2026-10-02T05:17:38Z,,2,91b27244f9c696c7dce046f29b9b5356960e659fc3610f5425fd38ae4b3fc96e,product,https://www.perturbai.io/login
26,462,2026-10-02T05:17:42Z,,3,91b27244f9c696c7dce046f29b9b5356960e659fc3610f5425fd38ae4b3fc96e,product,https://www.perturbai.io/playground
27,94,2026-10-02T05:41:33Z,browser,0,393b7dd3e95d2dd42bdee9c1a48f917f61a55f645059a14c880a84f047325620,home,https://silxinc.com
28,4341,2026-10-02T05:41:41Z,browser,0,e122e3ccd4ce5e508f09c06028d45d1c2b93e62bc37e069cec4415e5da0c0157,home,https://saygm.com/
28,1221,2026-10-02T05:41:44Z,browser,1,a292652f79eb95210278edf8c0e7e9532132de1dbb6af8ef92e79415b860113b,docs,https://docs.saygm.com
28,2003,2026-10-02T05:41:48Z,browser,2,781ee0da85b7a3e0a87710f1d70059aa648d7daccc5ceabfe2515b0b3d9a3b7a,docs,https://docs.saygm.com/platform/guardrails/
28,2359,2026-10-02T05:41:53Z,browser,3,3f93f73d91698966db5c3175d99cae27d040072ff2f5cd65582f1fb7395a0d46,docs,https://saygm.com/developers
28,1315,2026-10-02T05:41:59Z,browser,4,a984a10fb97130bf8b2c281bdd3be7edb119c7d967a6fdba3cc7691052039b73,product,https://saygm.com/login
29,1548,2026-10-02T05:17:54Z,,0,0cb994f5558e6e02b97063e8227e7fba078a727ece90fef0509317bae018e035,home,https://coldint.io/
30,7700,2026-10-02T05:18:08Z,,0,f410a45e04c412dfbed1c879b28c85e06aea42764c66b802c8e3d4093bbf1a79,home,https://endure.network
30,702,2026-10-02T05:18:40Z,,1,c745eeea0b9accb96c47564537396aeb2de75eb7d261bab4c1b8d22df593debd,paper,https://docs.endure.network
32,14762,2026-10-02T05:41:53Z,browser,0,bde9e47dce30086745e5208bad18d2c055d34717001b182d3cae9bc84c1313fd,home,https://its-ai.org/en
32,11242,2026-10-02T05:41:59Z,browser,1,3ee70bf0695aff776d3ac1d37282accf99ceeabbaa33664a2f321cfb97c47832,docs,https://docs.its-ai.org/
32,461,2026-10-02T05:42:06Z,browser,2,db46af667bd21654630d1db901c47594b2f94e6c246af179e09c683b3fd3e019,api,https://app.its-ai.org/en/main/api/table
32,4505,2026-10-02T05:42:30Z,browser,3,f795199fa3769a85b0e8f9941aadb3d4ab24c2496d6dd3d5c500c29a1d4ef9c0,team,https://its-ai.org/en/about
32,262,2026-10-02T05:42:39Z,browser,4,713d57e476da367eb161cc846db0b86ee43ed1c80dd4e77328f47a739bcb4b18,product,https://app.its-ai.org/en
32,1338,2026-10-02T05:42:44Z,browser,5,dababf9ad5c6db45f1aeffa9ab4bb9eff1bbb3e0bfa6397a5e6636a1624b62e7,product,https://app.its-ai.org/en/main/subscription
34,4793,2026-10-02T05:42:09Z,browser,0,8a8c1121fcf7083465f5985fcd943b41a2e0a9cb692cac2d43e3f7a982e5a4ae,home,https://bitmind.ai/
34,1369,2026-10-02T05:42:14Z,browser,1,d525b406f4e6008e7e698141a4eb56a011b2cae3072c290acce560995f65af1c,paper,https://bitmind.ai/research
34,1897,2026-10-02T05:42:18Z,browser,2,bb29d40455aa92ac43e3c71889e00dc3e4b392357d28efc234bf7e34e05872a5,docs,https://bitmind.ai/developers
34,1566,2026-10-02T05:42:28Z,browser,3,085b2551967cc6062ca72609e41cad748675185783b6290e8a0bbad74edcfba1,docs,https://docs.bitmind.ai
34,2878,2026-10-02T05:42:31Z,browser,4,50a02caa0d011fc11832bad6d4b7418d8e849e921902aeaf97a0771038b881b6,api,https://bitmind.ai/product/api
34,952,2026-10-02T05:42:37Z,browser,5,d993f567292d2e4d9a2093658f2870a28825f1fd6864eb9ebded9562d8522bc1,home,https://bitmind.ai/contact
34,1187,2026-10-02T05:42:55Z,browser,6,10a4c74906480b995ea63e064b04d548ea6500c72354bdda5838577c62521b40,product,https://app.bitmind.ai/
34,2851,2026-10-02T05:42:59Z,browser,7,a3d2ab75ef7cb824741f7814755c584af225b34ae1be05981bea4fdb50f53f1d,product,https://bitmind.ai/product/custom-solutions
34,2113,2026-10-02T05:43:03Z,browser,8,05edaf24378d48b65515ea21c3578d45e0d6b93b47a8eba6b42435339d7b55f0,product,https://bitmind.ai/product/applications
36,28575,2026-10-02T06:39:50Z,browser,0,bac5cbd8f22f633ff44ac0c64be6494e4b5dda582b8e14f28262f2abc0454826,home,https://epago.ai/
36,0,2026-10-02T06:39:51Z,browser,1,e3b0c44298fc1c149afbf4c8996fb92427ae41e4649b934ca495991b7852b855,paper,https://epago.ai/whitepaper
36,0,2026-10-02T06:39:52Z,browser,2,e3b0c44298fc1c149afbf4c8996fb92427ae41e4649b934ca495991b7852b855,paper,https://epago.ai/litepaper
36,0,2026-10-02T06:39:53Z,browser,3,e3b0c44298fc1c149afbf4c8996fb92427ae41e4649b934ca495991b7852b855,product,https://app.epago.ai
36,7935,2026-10-02T06:39:55Z,browser,4,f46af40c73a2c9c6caa8a9c5c95f7828040017dcf8de8c8cafee63189ad01d71,other,https://leaderboard.epago.ai
37,2558,2026-10-02T05:19:29Z,,0,1d59d7827783d78372a4f5e2641a4465719eca9763be67a6382670cc070095b8,home,https://aureliusaligned.ai
37,5998,2026-10-02T05:19:34Z,,1,d63b09c6e0a419f80c7a71fcc66e4793a81deaf760d1feb25effe0c9b0c92441,team,https://aureliusaligned.ai/about/alignment/
37,12862,2026-10-02T05:19:43Z,,2,68017cd51aa66b843b18983998a014158f37929f301e1b42e8d5380286b024f5,team,https://aureliusaligned.ai/about/
37,3609,2026-10-02T05:20:14Z,,3,cd79ebaafa936845e1a9b0f02e2ec65ccfcb3de6be80fcce93f7fd8beae64b1b,team,https://aureliusaligned.ai/team/
37,4043,2026-10-02T05:20:26Z,,4,bb513ac4c42fa466342b6066d6bf50ba3445efbb03403c343c4b412d707194d3,product,https://aureliusaligned.ai/product/
38,4659,2026-10-02T05:19:24Z,,0,b6227f1bafab7cfbfbc1da29d325230266929321e7db92ed16d7795be62c6a3e,home,https://chronollm.com/
40,4190,2026-10-02T05:19:24Z,,0,480bfc2e8d23c34d9b0fb34cbb64b42a5f5ad3fe32ee6d899feafd31ec4901e9,home,https://www.ralphlabs.ai/
40,3298,2026-10-02T05:19:29Z,,1,da1fe80d1ea677b297518dcb75a683b28b3d95593b40dcd35ee9b04178affd15,paper,https://www.ralphlabs.ai/research
40,19969,2026-10-02T05:19:34Z,,2,c6bbcda4236851a07a35843efd78fb98a21993f638d89686a446c43feaf261c7,product,https://www.ralphlabs.ai/dashboard
41,3300,2026-10-02T05:42:18Z,browser,0,773eb712205604dae881bd359b24984c795ff1daefd6058baecb8d9a41af8559,home,https://almnc.ai
41,170,2026-10-02T05:42:30Z,browser,1,ffe77d3df25dd7f8e2f0950ce3c15d45f848014ebe7bdaed7d9c882a9f727142,product,https://portal.almnc.ai/auth/signin?redirect_url=https%3A%2F%2Fportal.almnc.ai%2Fdashboard
44,1591,2026-10-02T05:43:44Z,static,0,be48ac01b8304cd76b2c68dcd39641fd0fd2412094c2d23af56fc3e01bd50b2e,home,https://www.wearescore.com/
44,1015,2026-10-02T05:45:20Z,static,1,e06f499933f1869af0604a7225ba6155adb9384e59a1526ed35e838686de9437,product,https://www.wearescore.com/get-started
45,8113,2026-10-02T05:42:39Z,browser,0,d0c465729bc3916a1e0104f1244e0b8ed8d48ee5c6499e41219bdd2553c827f3,home,https://alpharidge.ai
45,7130,2026-10-02T05:42:44Z,browser,1,fc96f367dd314c7c60a66c8af0c425d56d01aa5f010e9be6cfaef4bb3a9d0790,docs,https://alpharidge.ai/docs/mcp
45,5250,2026-10-02T05:42:47Z,browser,2,77ee48c8ea844178c471e6f960cedaaf42ccddff94dd2ace90a70ef442d840a8,product,https://alpharidge.ai/pricing
45,129,2026-10-02T05:42:50Z,browser,3,4193d737d9fb3b8449cc283fe928047bc81cc9798987a7e73446be286f951873,product,https://alpharidge.ai/login
45,238,2026-10-02T05:42:52Z,browser,4,106541b8946e77e46f229f54cf76d9b7e0739b46b456998925443eee3414c146,home,https://alpharidge.ai/register
45,3195,2026-10-02T05:42:55Z,browser,5,27df79f1bb2fa07d98fc64748fa05f353b608b4959297ff9f6db9d298a5c3994,home,https://alpharidge.ai/features
46,1194,2026-10-02T05:19:41Z,,0,4353ff1132e74963f83aa433ac11d8ce05fca22caf118e39414e425339ca0c32,home,https://instantnetwork.ai
47,8449,2026-10-02T05:20:17Z,,0,57467c6dc55fd1f6a6f0d93a7dda0d38686d10c5c2a96d9b323def5e79f06eed,home,https://gpuforge-gpuforge.static.hf.space/index.html
48,1707,2026-10-02T05:20:19Z,,0,54c3a7c7e53601b9b5f973f98ddcf1362c6db7fd7a49b6639ef563f807ef0593,home,https://www.qbittensorlabs.com/
48,2178,2026-10-02T05:20:32Z,,1,ab8c30f8f2974238f820b50cb0368ab74fbfeefca20af6040b3ef360816dcbde,team,https://www.qbittensorlabs.com/about
49,8324,2026-10-02T05:21:06Z,,0,aed1e6a45e11c4d946b2f2386c8c82d132cd9e956da35e938b9ef1c25d768a58,home,https://www.nepher.ai/
49,2803,2026-10-02T05:21:14Z,,1,2e203ca5b0dabab211c3a217226c4a960311d3d56356bc94e2868c1b76f76c49,docs,https://www.nepher.ai/enterprise/hire-and-solve
49,2749,2026-10-02T05:21:19Z,,2,d86ab04df81d9fd9ad0207c63b18c0bf153cdfd9ac75b7cdb8a9f29fc79cec9f,home,https://www.nepher.ai/nepher-verified
49,2392,2026-10-02T05:21:25Z,,3,145998858275a52d8736b17303cd82fcd556cb20230ccbb52d9479e851795891,docs,https://www.nepher.ai/enterprise/brand-and-credibility
49,9895,2026-10-02T05:22:23Z,,4,4b2df1de1c74e5a51bbabded0eb21042ee84df68ebbdbf7e28d82768eb2b4089,docs,https://docs.nepher.ai
49,10606,2026-10-02T05:22:27Z,,5,293f0ce5b69fdfea4e5d7dd8f540a74908558b877cc595802943b2261c7a7808,docs,https://docs.nepher.ai/nepher-cli
49,1898,2026-10-02T05:22:32Z,,6,0729ca1e298fefc6592a2ccbfb97c62363d9fe6f0ed46fe68d3c3706a0a18124,team,https://www.nepher.ai/about
49,567,2026-10-02T05:22:35Z,,7,9aa031adf375ceeb14c1843e1270ce1c6a6f9920c3644cd7269f5dea79f0d66e,product,https://www.nepher.ai/account/login?redirect=%2F
49,658,2026-10-02T05:22:41Z,,8,d5fd699951cbd20c15c033cdf7ebe09e5a2ace0a961b9fc4c8f355b20e5badc9,product,https://www.nepher.ai/account/signup
50,2715,2026-10-02T05:20:48Z,,0,870fd8e3dc1111f5950d828a1855ca7d3a10e1f3b21065eb8c96138fe87dc8ba,home,https://synthdata.co
50,2064,2026-10-02T05:20:58Z,,1,42740d678df9a38ff4038540e7d0591c3f6e7ebe6d401207a178000899c76ad2,paper,https://synthdata.co/research
50,4619,2026-10-02T05:21:01Z,,2,0fbe264c33cf48cd4916d61ca25a90775b899152a1654e12dd0ac2391d4322fb,paper,https://synthdata.co/research/kalshi-bitcoin-price-discovery
50,4934,2026-10-02T05:21:06Z,,3,908e22988e6a09606c12b2762b6739f790917aae940fc52181d10f4b3ee4e780,paper,https://synthdata.co/research/introducing-synth-ultra
50,2845,2026-10-02T05:21:11Z,,4,811ec33a25d178dacd4199c3c31a7f896ea96fbea392cb7762a5bfa299a25829,paper,https://synthdata.co/research/adapting-timesfm-to-synth
50,2593,2026-10-02T05:21:14Z,,5,ed8b307fb7491adf1dc35cd0a7ce9bc871d26283cb7b06c0bd9d4fbef8c33280,paper,https://synthdata.co/research/chronos2-fine-tuned-foundation-model
50,7717,2026-10-02T05:21:19Z,,6,31662418e8d8092c7818c7426642c0446f71b43e94ca6faffcd5c6b90d1d6c33,docs,https://docs.synthdata.co/
50,722,2026-10-02T05:21:30Z,,7,5ed225600d076a3df16acad08d08b03c3ce97818f7689bce73e5901fe22c9e8e,product,https://dashboard.synthdata.co/dashboard/
51,9648,2026-10-02T05:20:43Z,,0,db5fe0eec67870f9a8cc3e4f4c2d2cd30bf1bbfd6a76c1188056629ab0ef8af5,home,https://lium.io
51,2586,2026-10-02T05:20:48Z,,1,1ac1b301656d758c7116daff76e23879e112155d72764b9b03dbec5e948e3e4c,docs,https://docs.lium.io
51,2518,2026-10-02T05:20:52Z,,2,09f5c455a429313a607ce6ec4f5c42abb61473fb0d3d55442af85c2e493cab63,docs,https://docs.lium.io/developers/cli/overview
51,9761,2026-10-02T05:20:55Z,,3,8dcfcf2542d8dabd3445bfb406648fb7bb7b42cb732ce14d015ac5c58a6fe851,docs,https://docs.lium.io/developers/sdk
51,8941,2026-10-02T05:20:58Z,,4,a15b9ddab4d8522d4579add07cf26747ed575eaf1736d92ed1ae29ee9dfc1ce5,docs,https://docs.lium.io/providers/quickstart
51,472,2026-10-02T05:21:01Z,,5,0683757aa546b025d1b330a11a696fb9a8f71e7b2426922ae77ae00bbe28666b,api,https://lium.io/api-keys
51,22280,2026-10-02T05:21:06Z,,6,0b53e10fa835cb38402d00e946ed8e9ce91d9259f73f3dc9437af4442388dced,api,https://lium.io/documents
51,874,2026-10-02T05:21:11Z,,7,40a5a101060248ea5098b5aec304c0036b9db329d112d3baba6b80ac6a08295a,product,https://lium.io/login
51,1063,2026-10-02T05:21:14Z,,8,470b1d5e02b68a3724953cf0751205ec84dd3c97bd524b250c681906ba4befaa,product,https://lium.io/register
52,3378,2026-10-02T05:20:55Z,,0,c6882e33bbdd99a8abbd68b2bee8010f2581775e9aa6056bfe9ca864ac1b02eb,home,https://www.tensorplex.ai
52,770,2026-10-02T05:21:01Z,,1,04aa24d8ee3d3de1dc10dcf296af0ed10ff7112b14f61162dd0c0a984f141fb0,docs,https://docs.tensorplex.ai/
53,1172,2026-10-02T05:21:06Z,,0,fea8e5d8362e0901cb999733e43ed6b1ea0578fe8d7dbd9eab60d37a968856a5,home,https://engy.ai
53,14068,2026-10-02T05:21:14Z,,1,f3aecd209f1e96576443b00a0d5cd09ab38d82d95edad226a2dd4ab9dfb216d7,docs,https://engy.ai/docs
53,1759,2026-10-02T05:21:19Z,,2,e80eee3b8641a07c4363bd155b458d8717f0ff714fdf14ae41ebbf1b36efa4ae,product,https://engy.ai/pricing
53,210,2026-10-02T05:21:25Z,,3,fe0c3b720a391d50fda498904a4a8c62a26860d5c92f5b2c93139d0d0f5c0b4a,product,https://engy.ai/login
54,7129,2026-10-02T05:11:32Z,,0,dc0287aa572fcf9383beec10fa0d80901a77a5602700ff3071456eb7696836c7,home,https://www.yanez.ai
55,11891,2026-10-02T05:21:19Z,,0,06ce2b6a8eaba8849655cb0fd4ccf0e766b05faccacb7a213d9ae86314046f8e,home,https://niome.genomes.io
55,751,2026-10-02T05:21:25Z,,1,4aa1c8b52ac4dd81969845a14d8650b24a8fba2761389b6a4112ce94e41a767b,home,https://blog.genomes.io
56,5408,2026-10-02T05:42:52Z,browser,0,b8dd273a83f89d28000369c69853f096c3e40ae15f23a47d84641be1a509d2f9,home,https://www.gradients.io/
56,717,2026-10-02T05:42:55Z,browser,1,f0e6ddf3f00704cdd854df3c27400c77476d80e38e593626076a3a688fcd450c,paper,https://www.gradients.io/app/research
56,249,2026-10-02T05:43:00Z,browser,2,45fc1b9ef45aab44545e61281b9281c1c86f701b0dac6facd26aa1a61d1dda18,api,https://www.gradients.io/app/api
56,126,2026-10-02T05:43:04Z,browser,3,5690881c0c43b8546a30014c678c4138fb7dacdd2bd3d512eaa37a86c90e1184,team,https://www.gradients.io/team
56,4780,2026-10-02T05:43:08Z,browser,4,96216352d48429e6fb2be396f4de1b0d274101b8d2dd75adf5b43b1d05a7e6a9,product,https://www.gradients.io/platform
56,552,2026-10-02T05:43:16Z,browser,5,8be2e7c0c7b7f61a4bcb7b69c3969b8f26794907418ffb1881a9470f16ef74ef,product,https://www.gradients.io/pricing
56,3712,2026-10-02T05:43:19Z,browser,6,d8173df547ce4f057ca7c33f322defedf792858b6af529203ba56c977c1c6589,product,https://www.gradients.io/app/explore
56,717,2026-10-02T05:43:22Z,browser,7,f0e6ddf3f00704cdd854df3c27400c77476d80e38e593626076a3a688fcd450c,product,https://www.gradients.io/app
56,126,2026-10-02T05:43:26Z,browser,8,5690881c0c43b8546a30014c678c4138fb7dacdd2bd3d512eaa37a86c90e1184,product,https://www.gradients.io/login
60,701,2026-10-02T05:21:33Z,,0,170202f96891589fa0980ee4a4d2b36f4c8f0460f2ee10d2848417b7859aef00,home,https://bitsec.ai
60,2354,2026-10-02T05:21:38Z,,1,3aebf5510eee0b2c6a6419e05b1c98e6f8564cdafaf3ebaa07c940ddc855a6ed,docs,https://docs.bitsec.ai
61,987,2026-10-02T05:43:00Z,browser,0,55b13a6dc3154ced462d6bab8866daf47504282b66dd6641bf953ea503bed168,home,https://www.theredteam.io/
61,4140,2026-10-02T05:43:03Z,browser,1,8444a6fe6b2d27c19485d30dcd87ed7ff667871298a2a3e32072d1f9c8428acc,docs,https://docs.theredteam.io
61,9,2026-10-02T05:43:09Z,browser,2,fcb6ba129fad1670124a452db2dbcd3cc72b228b03fc52a49400c5d3a4f2e1e3,product,https://dashboard.theredteam.io
62,486,2026-10-02T05:22:23Z,,0,47aa168fd1ed8008b9f6c4a6f2aa282c00e98760c3d9b74d250d9cbdf28f2e8f,home,https://www.ridges.ai/
62,1885,2026-10-02T05:22:27Z,,1,94591cf1c5f3c769574d3f8de326beff70c246e192fa432badd27ec78653d4d1,docs,https://docs.ridges.ai
62,3560,2026-10-02T05:22:32Z,,2,75b7206c345585cbff694e2d3c668efa3f9a0ec0bf1dc9bd668e3c0f0dfb369e,product,https://app.ridges.ai
63,1707,2026-10-02T05:21:56Z,,0,17ebedafa93e336ceedd2a2209b42fbcc53eef3bd2a75e1118fa72dba41d0f9e,home,https://www.qbittensorlabs.com/
63,2178,2026-10-02T05:22:03Z,,1,ab8c30f8f2974238f820b50cb0368ab74fbfeefca20af6040b3ef360816dcbde,team,https://www.qbittensorlabs.com/about
64,6270,2026-10-02T05:11:37Z,,0,ef81fe07896847f0adbff75aeebc87e340261dcaa1706132e1db0d2db1f6648d,home,https://chutes.ai
64,9661,2026-10-02T05:11:46Z,,1,69df0e6b64ddca0602a8ef5ea7024d3a237e58d6bfc0fd96cdbfd460ee988a08,docs,https://chutes.ai/docs/getting-started/quickstart
64,3567,2026-10-02T05:11:50Z,,2,b8fc1006e9e769e36fab6accbcb1a7bb58262268363a18537303cad3d3168e9f,docs,https://chutes.ai/docs
64,1012,2026-10-02T05:11:55Z,,3,7a905681712e694d6898c7d78777c123a5dc07e8e8e16fb82126a16b44145d07,api,https://chutes.ai/api
64,1532,2026-10-02T05:11:59Z,,4,ab3273112d412174cd033975a21cc9175749aab266744dd1475b70d70c8c3537,team,https://chutes.ai/team
64,7159,2026-10-02T05:12:03Z,,5,afc0957af7d18a47c58684b9b6641965c76ae8301d0f2857d7f96150ec48924d,product,https://chutes.ai/pricing
64,1074,2026-10-02T05:12:06Z,,6,a6da0b020e63240927011b3150a07aa2e3ed7de9582823a30d21500f694d8cf5,product,https://chutes.ai/signup
64,1179,2026-10-02T05:12:11Z,,7,399b21c840906ccc7a87e50c49a0bd36276355795b908a50e9939f6ae32b1a29,product,https://chutes.ai/app/chute/chutes-moonshotai-kimi-k2-6-tee
64,1165,2026-10-02T05:12:14Z,,8,1082a858b0def21f56b378af7bf7d146a1c10fa4b60a5f9c715406c9de9adc83,product,https://chutes.ai/app/chute/chutes-zai-org-glm-5-2-tee
65,3257,2026-10-02T05:22:00Z,,0,bfd153ef4dba68994e437c3dc217108c55fc7bc877d600d9b007e081035c5005,home,https://www.trueperformancenetwork.com/
65,566,2026-10-02T05:22:09Z,,1,463129562d39e1cc477a25e2bb38ae50ff188dfd4fa3cd0cd21aa574a0eba8a4,product,https://stats.trueperformancenetwork.com/
66,8031,2026-10-02T05:22:07Z,,0,1da3be12629e119f821229e0deba3947857842854221782da5c0abf384b85db7,home,https://conjectures.io
66,1518,2026-10-02T05:22:09Z,,1,fe1c6e4da1f787bb4c0372867d83a177e7ce52e41d89682c1d21463ccf61b675,product,https://conjectures.io/login
67,8726,2026-10-02T05:43:08Z,browser,0,359d400cff7f243476db1ebfa30a0c78c05b60f3d553b9925c59e14f6ee8f520,home,https://harnyx.ai/
67,175,2026-10-02T05:43:20Z,browser,1,12715e39dd753b303ab00f0cad0959c878491fb72335bb463e0e480bf6691014,api,https://console.harnyx.ai/?mode=sign_up
67,3331,2026-10-02T05:43:29Z,browser,2,53cf98af85ca826e428465a93cd9b146dc153ddb6e8d930725ccf4d5f842c795,product,https://dashboard.harnyx.ai/
68,577,2026-10-02T05:22:19Z,,0,fda9d5dc031b6629bc66039b5e0e1c237f2f29f7341c02446f08d2fe4e48a379,home,https://www.metanova-labs.ai
69,12868,2026-10-02T05:22:23Z,,0,70f5436aa417285237c7f674d4b023488461ac25446ab4851e320c1ac2b892eb,home,https://www.heraldmedia.ai
69,4606,2026-10-02T05:22:27Z,,1,f02e7d3883444474aedebde5cf63d18ceb674ba3556f7224fc0b4a41f782c98b,docs,https://www.heraldmedia.ai/docs
71,5621,2026-10-02T05:22:35Z,,0,856d833cb9c682603a5fcdb12f8debcb7d90e44354abd4210afa2ad8f62df48b,home,https://leadpoet.com
71,14306,2026-10-02T05:22:47Z,,1,aeef7c039cf9d232b71bfd7bd0f638a4352d7a599d1b16fa07bfc4c6a51f5926,docs,https://leadpoet.com/docs
71,2143,2026-10-02T05:22:52Z,,2,e2dea898f67fa0828e7283c57a458a186bd50868c0e0e81af99a567694b0d275,team,https://leadpoet.com/about-us
71,2401,2026-10-02T05:22:57Z,,3,0ec885d5f012205208f63ac0ad1b03eb01b806a82baeccd42321bf699f6e25f6,product,https://leadpoet.com/pricing
71,587,2026-10-02T05:23:02Z,,4,c3b29da9cbf71f4512a9dc52282775473f296609e08037f22351f932d383fa64,product,https://leadpoet.com/auth
72,34285,2026-10-02T05:43:23Z,browser,0,3f7829cf3eb3c12ab931be6ef617e43dbb9c5305a59d1d1fee9e93e8d348844b,home,https://www.natix.network/?utm_source=bittensor
72,2034,2026-10-02T05:43:29Z,browser,1,246e6644a52d2fc2c30602047c15d53ed7dacb11a4bbc3d4e3c1bc7b55db1d5a,paper,https://docs.natix.network/whitepaper/
72,790,2026-10-02T05:43:33Z,browser,2,ab771954a873a5d8f52e1780bae3843aa653b35d4632cead551b7ac25350a35b,paper,https://docs.natix.network/whitepaper/market-entry-products
72,669,2026-10-02T05:43:38Z,browser,3,256d6a1b7cb5dbfc2b05e804d24bf6f9a00d69437fbd9393d192a9afeb082fc0,paper,https://docs.natix.network/whitepaper/natix-network-ecosystem/privacy-compliant-metadata-mining
72,40769,2026-10-02T05:43:54Z,browser,4,121bf60493ed729cbd80a15ee5fcf0c1a64461872b7e688bce748db62f6a7c64,home,https://www.natix.network/vx360-depin-dashcam
72,23992,2026-10-02T05:43:59Z,browser,5,77f0e74a0e252d0e2f2466d27e89d14f7c5a9eb9c0d3e80da8abf2fbd31c90ec,home,https://staking.natix.network/?_gl=1*gkaumg*_gcl_au*MTQyNTIwNDgxNS4xNzcyNTI1Njg3LjIxMDE0MzE4MzcuMTc3NDk3MDkzMy4xNzc0OTcwOTMz
72,34711,2026-10-02T05:44:10Z,browser,6,834915d4047ef177d3e501bf7a0f6b251ef245556d8d0d1a4accfdb237ce5789,docs,https://www.natix.network/use-cases
72,1065,2026-10-02T05:44:17Z,browser,7,c8f876308c0edc671750089d262ec18f4faae364792cd943177e075e031a3788,docs,https://docs.natix.network/vx360
72,730,2026-10-02T05:44:35Z,browser,8,043ca47ffadec5435a84abb2d3d7f6209c1cdf5ea2ac2d5045cf4511a19fce89,docs,https://docs.natix.network/policies/privacy-policy-app
74,682,2026-10-02T05:22:52Z,,0,365aab52d13dfc78e6e20793221f04e3fec2a5134488824df436baeb12b28995,home,https://gittensor.io
74,392,2026-10-02T05:22:57Z,,1,c351a29bee34387b8f5ec7f35ea2a57d6e60ceee07a063bfc5e8cb6925173ede,docs,https://docs.gittensor.io
75,4941,2026-10-02T05:43:33Z,browser,0,cef7f0e6da01e8f6878d08a05c673a2a1e5843278e37c59293c1e7d7984aa465,home,https://hippius.com/
75,2289,2026-10-02T05:43:38Z,browser,1,39fc53283d0af234c08ddee52953948ecd6e3002036484e6ad85f1e35658fdfd,docs,https://docs.hippius.com
75,16378,2026-10-02T05:43:44Z,browser,2,82ea087f1efeb7711addf8c560fb65035b28e54e47b9338c1f22516b98d0341d,docs,https://docs.hippius.com/blockchain/api
75,4290,2026-10-02T05:43:50Z,browser,3,3a357aa3c645ab49c88657d1cb23f7917032fc2c50c13145b97b9329a067d5d6,docs,https://docs.hippius.com/learn/intro
75,4416,2026-10-02T05:43:56Z,browser,4,16e17e4d6d0f688d6ac7ff3667d7268aca2ab4738cfdc9d81a6ce700bef02cc3,home,https://hippius.com/why-hippius
75,2641,2026-10-02T05:44:00Z,browser,5,d9eccb36fda444b4074ff11488124fc39070f418864922e057855da62e4568e9,product,https://hippius.com/product
75,6665,2026-10-02T05:44:12Z,browser,6,f34d2b3ac74a1954d2ffbc00f76c1ec939d8b8675768850bb2c460710f28fd01,product,https://hippius.com/pricing
75,2591,2026-10-02T05:44:29Z,browser,7,f9e9cdbb9f3097bdf17264477d8cec4934400146839e43cd3eca575325922e82,product,https://hippius.com/desktop-app
75,4382,2026-10-02T05:44:46Z,browser,8,046f16a4a45427ce41f05760c862ab69735da2b50b4d6d15ca8ea175247cb038,product,https://hippius.com/mobile-app
76,2665,2026-10-02T05:23:02Z,,0,b4472132e195bb19e6544b7aeb6657d4184b14798f22114d68afb3ae8dd16f68,home,https://ormas.ai
76,998,2026-10-02T05:23:07Z,,1,f206fd7046a875644c668b33d567ca5313dc73b646674813752ecae0c32915b2,docs,https://ormas.ai/docs
76,6461,2026-10-02T05:23:16Z,,2,04bc19d4d4c26c522c23bf515ad064466428a9986ab806c29194082615403c22,docs,https://ormas.ai/docs/supported-tasks
76,649,2026-10-02T05:23:19Z,,3,e206477e9520026e7cebe9b2f3e7403012edc1878d51ce9dcfcd04dccdeea11c,product,https://ormas.ai/signup
77,2577,2026-10-02T05:23:07Z,,0,addbff58a7e3c959d2ce8f59c56d70d59de6f280718fc20d22cf8938d76926cc,home,https://sn77.xyz
78,6029,2026-10-02T05:23:16Z,,0,773d5a80a57696d9644cccf8580a9ca11cbce525e849dae5c7591af8821b808c,home,https://www.umi.vision
79,2744,2026-10-02T05:23:30Z,,0,bf0db26a8a874117191353f7f3c31dcbf751470a3043e13e88f0e658201f1923,home,https://taos.im
79,1904,2026-10-02T05:23:44Z,,1,7a51af7427eb0820c48c2c8c027a717cc1b87d7941511adb8ede48e31d73984e,team,https://taos.im/about/
79,1457,2026-10-02T05:24:03Z,,2,c3062c7f47c2d24203bba835a43e5d533d2f98ff2ccd0ed7c667b05f8e746633,team,https://taos.im/features/
80,1973,2026-10-02T05:24:14Z,,0,1d4b149970998478012c82b9900a2619c66ccf97115486294304eacd24a1364d,home,https://www.openroboto.ai/
81,6522,2026-10-02T05:24:46Z,,0,7992045fcd4f6c1c390b1a3b164b86375b0a4fe8bf9bd3e26f5ff109daf520cb,home,https://www.reliqua.ai/
81,5364,2026-10-02T05:25:37Z,,1,328869b040cf08d6311ab61d2efd79671a87a2986539e78a318f3107ed859383,paper,https://www.reliqua.ai/research
81,31909,2026-10-02T05:25:44Z,,2,db5cd13c14febe213cb8c307ebf0a1640dfd900755e0b03e0f0470edc1399179,paper,https://www.reliqua.ai/paper
81,21736,2026-10-02T05:26:40Z,,3,f78b3bcc05422f75c369b246cd6054c1d31784b3cfe8943fa94b8ebf2571e612,product,https://www.reliqua.ai/dashboard
83,1788,2026-10-02T05:43:59Z,browser,0,6d6cd360e5eb0707e68b0e5e9cfecf4ed1c115f02ef2587f38a89051f7620113,home,https://cliqueai.toptensor.ai/
85,3993,2026-10-02T05:26:23Z,,0,4363122eaf34b196f5e79f2b89ca228a7b3f6d2eae856f2134a711b7eb87b6cd,home,https://vidaio.io/
85,281,2026-10-02T05:26:27Z,,1,9b65482583ca6f48fec72e45ea3ca1f12feca322b1b34dc22bca6f6e0d148441,product,https://vidaio.io/dashboard
85,281,2026-10-02T05:26:31Z,,2,9b65482583ca6f48fec72e45ea3ca1f12feca322b1b34dc22bca6f6e0d148441,product,https://vidaio.io/dashboard/upscaling
85,281,2026-10-02T05:26:37Z,,3,9b65482583ca6f48fec72e45ea3ca1f12feca322b1b34dc22bca6f6e0d148441,product,https://vidaio.io/dashboard/compression
87,8641,2026-10-02T05:25:54Z,,0,05361213ebd7a5afaf0e59795cbdfde8250186813a779eb46e85637ca3cade1e,home,https://provenonce.ai
87,2599,2026-10-02T05:26:06Z,,1,0d88144197ea6354c285366a659b3cf463b6ab1aa6e3b77c9522c26d974d1994,paper,https://provenonce.ai/research
87,105638,2026-10-02T05:26:10Z,,2,1e7ad10dc7c3a95b8a93094b8361969ac92f13f8120b45f5ec6930479268e290,paper,https://provenonce.ai/sn87/whitepaper
87,3923,2026-10-02T05:26:12Z,,3,b51e356e0932f5b32b0e1243b840ddd8ca0de1857d39b02a73e090c5658c57dd,team,https://provenonce.ai/company
88,278,2026-10-02T05:26:08Z,,0,6410355f96153a1cf773278928be32513997b99e98474e5b1a10a82466c2d906,home,https://Investing88.ai
88,16332,2026-10-02T05:26:14Z,,1,7abc14073a5eac49459492c0da42b56107e73ddc0e735839d14a03c4c153c5ae,product,https://db.investing88.ai
89,570,2026-10-02T05:26:16Z,,0,49963da58ea2f24315f0f667a1d955993296852126c8c8b9bb0fb0344f5add7f,home,https://infinitequant.app
90,3300,2026-10-02T05:26:17Z,,0,ed202f730c77d0558e49fd451a0e9f034a384bf8643802b32d2b251ecce01543,home,https://kubetee.ai
90,2251,2026-10-02T05:26:20Z,,1,454fd0d11a4fbd2654aaf125b240ed8606703d96e41d124ab988bd2a8e0eba7c,product,https://kubetee.ai/dashboard
91,996,2026-10-02T05:45:16Z,static,0,71ad4d91180805c15ab5db4419624a2f802725e691144aafdb1ded82188bc33a,home,https://dashboard.cascadesub.net/
91,17702,2026-10-02T05:45:59Z,browser,1,a06995c1fb06381bac03d01eb8eac1beba629a3d6cf66d327d56df88585d7cdd,product,https://dashboard.cascadesub.net/stakeholders.html
93,824,2026-10-02T05:26:32Z,,0,a34a8fe7640aad4b0f05b9a3ea305f3f3e8f637f8ac90c40fd7a32c24ae9f37b,home,https://bitcast.network/
94,4889,2026-10-02T05:26:38Z,,0,d4ebfb2128e59530160d8e46f6a86c7d7586fde7d3111477ffe2d7251816899a,home,https://cathedral.computer/
94,77010,2026-10-02T05:26:44Z,,1,771480227b3996c45a85a0f7c3dbb1e8ce2cb531971ee5e2a3fe254aa7ff7716,docs,https://cathedral.computer/docs/
95,1479,2026-10-02T05:44:46Z,browser,0,6aeb74418393c5df699ae43855df1daa74cf1a55243126ce7ed3e9f5e6b89f91,home,https://actual.inc
95,2334,2026-10-02T05:44:50Z,browser,1,9d8e596069a7ac2c0f55badffe7cbaa265d10861ad9906f1f51fae8e7d74d2c5,docs,https://actual.inc/docs
95,199,2026-10-02T05:44:57Z,browser,2,99c9b72bdf51f068f6e36098125ae1941f97ca83a0143b4676fba9ac653b642f,team,https://actual.inc/company
95,94,2026-10-02T05:45:17Z,static,3,d638b5894ecfa6c2e0eb8aba55eda39e8e25963b8a8bb4f91535d65e0c8f6f3f,product,https://actual.inc/login
96,3954,2026-10-02T05:59:57Z,browser,0,1b68feeacdc4fa317ad96dfc23d95cf8298bdf3da5d37bd4c7f567d9ad7f379b,home,https://verathos.ai
96,7218,2026-10-02T06:00:01Z,browser,1,b928ec042083b87ba213a35301bc10e2b9531193d8c07f5c79d2634273feaba5,docs,https://verathos.ai/docs
96,16784,2026-10-02T06:00:03Z,browser,2,adbc840c708608c14e04e1268d9ae70335ff89167b72b322a9c63e0d7e37b116,docs,https://verathos.ai/docs?page=api
96,8197,2026-10-02T06:00:04Z,browser,3,79400d6a3283bed576dbeb2c8980bdc1f1d0a5c4e65a69ccf1387ec642b24ce3,docs,https://verathos.ai/docs?page=proof-protocol
96,952,2026-10-02T06:00:06Z,browser,4,f4b3a009dbecf7c7c991f60fb9291015449af4b6c12d9459c9adad468cbe3722,team,https://verathos.ai/about
96,2361,2026-10-02T06:00:10Z,browser,5,efb533244e6ebbbb6be2936f4b5e8e1ec01ba06f1f7cd9a2bb3335981cb82aa9,product,https://verathos.ai/dashboard
96,2466,2026-10-02T06:00:12Z,browser,6,cfd2f9dcdd57f7c7d9e7ea30653b13abeb44ad15b3616c2ab28634e257fadb3d,other,https://verathos.ai/models
97,73288,2026-10-02T05:26:57Z,,0,5674eb5fdc63796b3202fcff403b458336dbf5e8adc9f0ab73a6f12d5ad14e93,home,https://us-east-1.hippius.com/albedo/index.html
98,7520,2026-10-02T05:46:33Z,static,0,ffe16f2b8e1bd2a1a2dd11c3ab897e47c11188a73cd9e6d1be15a16b39248476,home,https://neverplayalone.ai
99,5431,2026-10-02T05:27:37Z,,0,dc04f8d59fd05995c26c239f4c78b54686e58e3cc7cba14ac8366dbc3376206b,home,https://www.thirtyspokes.ai
99,5055,2026-10-02T05:27:39Z,,1,a8b84ec5a042e6b6d9d733761e769e8956455da24794876326fe9a62e4a3f037,docs,https://www.thirtyspokes.ai/docs
99,4430,2026-10-02T05:27:44Z,,2,cbf39242a356975ac285477dffff1452fc93fd2887a450a3ca8003c5cf6bd3c7,docs,https://www.thirtyspokes.ai/docs/bittensor
99,18019,2026-10-02T05:27:47Z,,3,8b5a66b46179261b7eaa736b5ec69e79136f4bc7f1ca64514dcd53a3d11fc91c,docs,https://www.thirtyspokes.ai/docs/mining
99,4445,2026-10-02T05:27:49Z,,4,f12d13562871933b7a2cb97b4790a4c46b054cca3188029beb44898a33f34b6b,docs,https://www.thirtyspokes.ai/docs/findings
99,4983,2026-10-02T05:27:51Z,,5,c9109c0cd53f9be8049568b283dc7634f84f3ccbfadb9f1fe02498dc3b35d6e0,product,https://www.thirtyspokes.ai/dashboard
100,7358,2026-10-02T05:27:41Z,,0,bd3fc65285244f97a5fb3534c54bc8a8ab36c4c1887f03267b1993518d858734,home,https://network.cortex.foundation
100,17219,2026-10-02T05:27:46Z,,1,02c5bf2c566d4f13eccea945bf8a068c155d3ce759f0ec0fc09c845b0e8c3e68,paper,https://network.cortex.foundation/whitepaper
100,4174,2026-10-02T05:27:51Z,,2,ec0e5d6e900878f5eccca5df3e389d7062e157feef7ca070f6135e0a251a6e66,docs,https://network.cortex.foundation/docs
101,2143,2026-10-02T05:45:39Z,browser,0,a319619d0cda5792816267819b86445c6b2cf10dc2e07cf44622e4d0dec84ac5,home,https://tag101.ai/
101,93,2026-10-02T05:45:46Z,browser,1,f5c8a7987d09843f6589a53d4a1e50290e8b11d2c988d2db75563585c12da82c,product,https://tag101.ai/signals
102,4104,2026-10-02T05:28:00Z,,0,240a52e7605815f52fbe2ca52217d8947097e3b68553a5743131357856ad26e3,home,https://connito.ai/
102,47157,2026-10-02T05:28:08Z,,1,621079c048a2cd92f88cf4ac620bdcc752d0a0462c4f1363e9ee022c68c59272,paper,https://connito.ai/whitepaper
102,3586,2026-10-02T05:28:13Z,,2,5203c40dce7100ec64761b6ddc03a4b26afd0c0b8f872be62d38b42a26b335d2,docs,https://doc.connito.ai
102,9588,2026-10-02T05:28:19Z,,3,80260f889d2328045c26353df529b4b9c3ce8b140de07ce9bf661b91390d8282,docs,https://connito.ai/blog/can-a-model-learn-new-skills-as-add-ons
102,2430,2026-10-02T05:28:25Z,,4,f93680a6b04b192adc9b13d8c3a2a40ed41f16704071984f0d420cfb9be03943,product,https://dashboard.connito.ai
103,630,2026-10-02T05:28:13Z,,0,9136209e325eff3729ae334246c35121f34f25622bc045fb22ff56e9408ab6ac,home,http://capcomp.ai/
104,5402,2026-10-02T05:28:31Z,,0,c87bb7469e37469084b883506657cda800651ec50564697ed7a23e3e4b19b3d6,home,https://taostatus.com/
104,18968,2026-10-02T05:28:39Z,,1,7fd78ed353c7ff51ed8117d396d3b8415fc0d250637a95e18ee1fefc259d67cf,docs,https://docs.taostatus.com/
104,1212,2026-10-02T05:28:46Z,,2,6da8e93510ef0fca0231e917ca34a4c5ab16cc9c1c577d0fa55db8cb42ac56cc,product,https://taostatus.com/datasets
104,1345,2026-10-02T05:28:51Z,,3,1ba859d260d26f5e119b2a2123e682d747fb8ae4aaf1ee191e3b8039513d5d8f,product,https://taostatus.com/pricing
105,6562,2026-10-02T05:45:50Z,browser,0,e3181823a126e2743bd1179caae544b0dfebe193d6626a8635410f1275569a9c,home,https://b1m.ai
105,77,2026-10-02T05:45:51Z,browser,1,c781cfa8735d3a287801ac60d3c90a9f9949703405111ecb83fbe61c0c158f8e,docs,https://beamcore.b1m.ai/guide
105,1520,2026-10-02T05:45:55Z,browser,2,e51a31d8303f21c2c5d2ac7e2fdd575fb80326b186b9c6d9d5ffa0764e0df8ea,docs,https://beamcore.b1m.ai/docs
106,3645,2026-10-02T05:28:34Z,,0,68d1731c2ac0fb673af681cef48e93bd0b469c04c56fcf8736108c3ee1cf93af,home,https://nodexo.ai
106,33337,2026-10-02T05:28:39Z,,1,bbfc6ab340d671f687a7bb25c2a7364a493700acca62928a4f7e12e8e62027b6,paper,https://nodexo.ai/whitepaper
106,10199,2026-10-02T05:28:46Z,,2,5733a2c885ea90de815c31060b7f2c2850a3803d70770b2d6f001489aa1d9c17,docs,https://nodexo.ai/docs
106,1150,2026-10-02T05:28:51Z,,3,29fe6d719360ff111f9442b0eed5f4a09ae600b074a0f3d73e84e8c7bab5fe65,product,https://nodexo.ai/dashboard
107,840,2026-10-02T05:29:12Z,,0,9f3baae3312e890fe617b35f0aa1851eeac2b141a692287f5acacdbb37d4fe97,home,https://theminos.ai
107,3101,2026-10-02T05:29:16Z,,1,70a28a8e6771054c3946604f647d783e8e8b58656dc4845e4d0da3a10063e18c,paper,https://theminos.ai/whitepaper
107,2383,2026-10-02T05:29:23Z,,2,6f8db85accc30f43119e5d2b7f8aba1d4fa37ac80ced8b5d8d2b88d1f0567e91,docs,https://docs.theminos.ai
107,1746,2026-10-02T05:29:29Z,,3,596293e635601dd164294b805cb2c8a8a96f045d185c5e990e01fca85f7d0fdc,docs,https://mcp.theminos.ai/docs
107,1812,2026-10-02T05:29:34Z,,4,5765e799d8be9bfc2cc8c2b09073740faf2cdc7480eec0907886df4b07a5c29c,team,https://theminos.ai/about
108,3548,2026-10-02T05:29:01Z,,0,710092d7cfccd1b07c27f78e56bc8c678bcdec0c7904c48f862909b2c78c4be9,home,https://www.chipforge.io/
108,3774,2026-10-02T05:29:07Z,,1,46b5898f12b5e95e8fe88f0c07db4fc20cecaac7324002f08d4ce095d46926ce,docs,https://docs.chipforge.io/
109,6431,2026-10-02T05:28:58Z,,0,0f3654b42f02b000cd50663745479d306265ee16b7e4fd1850143fa7e9d984ab,home,https://finsight.tech/
109,943,2026-10-02T05:29:01Z,,1,53c4608dd5a1f49b6d7a50a6a84af4d7f65e307bd71a1be19e342beef091daeb,product,https://app.finsight.tech
110,9493,2026-10-02T05:46:05Z,browser,0,68fd6dc93398ae176430d9d4a683ce753d2c9b8f4293dc5747a06626b881bd24,home,https://www.green-compute.com/
110,165,2026-10-02T05:46:09Z,browser,1,b0ad6cf10bb253add63bc74dfa5bb2366ffbfc22f820a9983d4a1510f09a6681,home,https://www.green-compute.com/models
110,4774,2026-10-02T05:46:12Z,browser,2,27e7c320d075eeff4619465adf6105879a571004f0926c0aef9b51d1391715bf,home,https://www.green-compute.com/enterprise
110,3692,2026-10-02T05:46:15Z,browser,3,d5599942292ec5a4ff9c5d25e7ccb15b40867ac6f61d2f0a0b26e56d4668b846,team,https://www.green-compute.com/about
110,165,2026-10-02T05:46:19Z,browser,4,b0ad6cf10bb253add63bc74dfa5bb2366ffbfc22f820a9983d4a1510f09a6681,product,https://www.green-compute.com/login
111,2661,2026-10-02T05:11:37Z,,0,f6329d8553787f13b488aefe9ffa052bf96ce3b69863bc588baab2a08151afc0,home,https://claims111.ai
111,723,2026-10-02T05:11:39Z,,1,928be8d3990ec24d9e9d22e89c8fad8eab7c7e4d78d05e330923b1c4b612c8ad,paper,https://claims111.ai/papers
111,2185,2026-10-02T05:11:44Z,,2,6b8e28dfceb08a2898f3d9e95568a7eae98c5d43bc2b16c372f1f25a6b05e801,paper,https://claims111.ai/whitepaper
111,11176,2026-10-02T05:11:50Z,,3,0c9986818ba10c6f2cfe2cb0f3e3435e04b53ff32c1e75fe9b8fe771ecdedd0f,product,https://dashboard.claims111.ai/
114,6745,2026-10-02T05:29:06Z,,0,97e2c4b0f62a3ecd3a5bd1f4be4edb2da9823f448b92fa27501610bd1e12b6e4,home,https://thesoma.ai
114,1097,2026-10-02T05:29:12Z,,1,863e5680009b2d40afeff20a9b00667a9533e84a2478f77187fa8305f3cb27bb,docs,https://thesoma.ai/docs
114,736,2026-10-02T05:29:16Z,,2,1fdc1775ee219dc722c515e7e0104f0b7c6b9e4e3292c86faac972d46833bc87,home,https://thesoma.ai/contact
114,2233,2026-10-02T05:29:23Z,,3,4e8c05fc1998b8703507b456be55d5db17f7cee85eeb4d68fd49e1bbc6cf4b62,team,https://thesoma.ai/about
114,5878,2026-10-02T05:29:29Z,,4,c996e29b413a420860d6e77ae323c5681138c8972319d156bca0a939b38da45e,product,https://thesoma.ai/dashboard
114,380,2026-10-02T05:29:34Z,,5,055b65f296845abaccece05e854a7168800f98c78389661b56118ebe0e0cd269,product,https://app.thesoma.ai
117,1001,2026-10-02T05:29:16Z,,0,a9362909ab8bb62eb9617e78b7bab95c1e1b1a748a7ac7d108866f057c6dfadc,home,https://everyframe.studio/
118,17027,2026-10-02T05:29:23Z,,0,2e38a13550ca3ba3fa13bf01848ea1106cb66f4f0660524a7bf9c46687917865,home,https://heyditto.ai
118,2062,2026-10-02T05:29:29Z,,1,f107cb510de72e85971e01f5b7d57b03dcfec21c39f41dabfacd1b0a1ddacbc9,docs,https://heyditto.ai/developers
118,10070,2026-10-02T05:29:38Z,,2,afed7035bfa6a5e3e51a5e4aace852193bdf44a301ea9eb2fca077e73af8876d,docs,https://heyditto.ai/docs
118,5807,2026-10-02T05:29:41Z,,3,d4875b5a1b8d92f486969464e22dd625420117fb1b7c1d0dd7ec6a015c269002,docs,https://heyditto.ai/docs/memory-network
118,4097,2026-10-02T05:29:43Z,,4,68a86111a93d29294eeb78f6bef8f5c47d3522cf7c87b3c3ad420fb46bf36d6d,docs,https://heyditto.ai/docs/voice
118,5435,2026-10-02T05:29:45Z,,5,5753565dd00945aa8e1ecf17a895fc5c420d8008be96d119674f7abc1b79dfe8,docs,https://heyditto.ai/docs/connected-apps
118,6352,2026-10-02T05:29:47Z,,6,4f00f401f9cf3cb63dafb629d10c945b60e19456e745bc95ead1fddc36788421,docs,https://heyditto.ai/docs/agent-accounts
118,8826,2026-10-02T05:29:49Z,,7,1a5dddd5ba157e20e4e1bf038672cf7daaafec8857cd9d1166d721a792f59e75,docs,https://heyditto.ai/docs/mcp-server
118,6005,2026-10-02T05:29:50Z,,8,5127eeda0db605f0f652f773062680d2de5deb3d8cceadf53ca7e8029bd14717,docs,https://heyditto.ai/docs/app-permissions
120,428,2026-10-02T07:35:38Z,browser,0,6ee04a4d2857fbc5e3125086b51c3deb15e9705ac7b3c26a4ae0bafe1cdc8b24,home,https://www.affine.io
121,4709,2026-10-02T05:47:16Z,static,0,dd2a7f3aee92d5dfb6600d782a9bfa9a6c51324c9196b8c1e244d8bef6323943,home,https://www.sundaebar.ai/
121,1144,2026-10-02T05:48:31Z,static,1,d2562d85743ac7742cc55be49a3e24c273a3e5e8c3f07221bbb432506ed55ea0,paper,https://www.sundaebar.ai/agent/research-assistant
121,3272,2026-10-02T05:49:47Z,static,2,820bf80d9a32533ccb201d6ebbbc75c480be471dd5d8573121d5bbb7d4cd9027,team,https://www.sundaebar.ai/about
121,5639,2026-10-02T05:51:02Z,static,3,af427896bd33256f94d3ec3cb14bc036033ab09ca1714a8f2453e364bc5e5fd7,product,https://www.sundaebar.ai/news/a-letter-from-the-ceo-putting-the-platform-to-work
121,3460,2026-10-02T05:52:18Z,static,4,2b1469d5d1814d82456bf0069870768e60e415b6600a1a95f01f4ebbc1e7529a,product,https://www.sundaebar.ai/agent/photo-elevator
122,3098,2026-10-02T05:29:38Z,,0,c7965f7d546d9ac0438d3ac6e24c9ad75f3d15fc46bb972a2e71cc5343813d15,home,https://cookingtao.com/
123,4079,2026-10-02T05:29:40Z,,0,36136e8a9fa3e4e39282f8269f3fba34bdf38b0e2f61d9487160d48879840839,home,https://mantis123.com
124,4679,2026-10-02T05:47:21Z,static,0,f1242bbce05c9c597886b45d35dd1d76b6a2cd43f4c9df5641b851daf136340f,home,https://swarm124.com/
124,3538,2026-10-02T05:47:46Z,browser,1,20f1d630571c2bf4c638dc8566db1bda3655d53b9077df1fd33808b06c9d671e,product,https://swarm124.com/our-products
125,7533,2026-10-02T05:30:04Z,,0,13e68536fde3323951c1728113417f09f0aaf204b45aff54d4cc043778fe97ab,home,https://refinery125.com
125,7533,2026-10-02T05:30:10Z,,1,13e68536fde3323951c1728113417f09f0aaf204b45aff54d4cc043778fe97ab,paper,https://refinery125.com/index.html
125,9443,2026-10-02T05:30:14Z,,2,2cf4c936c51240aa055c5db84256431d34cc813241eddb3dec394de83ffa5b4c,paper,https://refinery125.com/research.html
125,2357,2026-10-02T05:30:18Z,,3,9b33650fe4a75d9aa2ff555e5624cb5b124512f195fe588984f941e1c64ce3d7,home,https://refinery125.com/MINING_AGENTS_INFO.md
125,15878,2026-10-02T05:30:25Z,,4,83a9dfeca91c503b3d0cd59de1aacbda339a19360a41057e03a13d7effb1893a,product,https://refinery125.com/dashboard.html
126,1914,2026-10-02T05:30:23Z,,0,db7e6f4ee75984c3ec5f82facad771d73249f9993e03cc2fa77baf3a18797f6d,home,https://attelier.ai
126,3002,2026-10-02T05:30:28Z,,1,2147398a7ae9803f78649a499d87ecf1c43fe02ecfcfe323f91c329d41eedb7f,docs,https://docs.attelier.ai/
126,231,2026-10-02T05:30:31Z,,2,062a05ec96e39ed3a3e0f3847482e31b58052d2ede7da7e742c07cd4d90da276,product,https://app.attelier.ai/signin
126,248,2026-10-02T05:30:32Z,,3,1e7cfcf678caea3a8392e91ccf6164b01fc975fd7e118cd3bf3a4bbbeae94881,product,https://app.attelier.ai/studio
126,248,2026-10-02T05:30:34Z,,4,0451a0f674e6fd266c5c98001c91ad220e05407874a435a0ed109eac5d733f3a,product,https://app.attelier.ai/create/all
126,251,2026-10-02T05:30:36Z,,5,1eb79bcbf07af1aa4be9943f78d92626cb03e2616a008b901e5e3448c4dd8556,product,https://app.attelier.ai/templates
126,248,2026-10-02T05:30:38Z,,6,c35947c867c4d8003c59c7a8c0e55ba64110d505a6895d14fd566b5c2d7adcd9,product,https://app.attelier.ai/pipelines
127,6519,2026-10-02T05:31:19Z,,0,97ba5f3b94eb135ba8e8fb1467abb72f8ae2154a282572317e6cb4e57f1bb037,home,https://astrid.global/
128,5716,2026-10-02T05:30:46Z,,0,24283f98377b822b6820d2d15211365ff475afe51d6140d779399c384ae88581,home,https://ByteLeap.ai
