"variable","block","days_since_first_emission","days_since_identity_change","days_since_owner_change","days_since_registration","project_age_days","team_n_subnets","doc_contributing","doc_incentive_desc","doc_license","doc_miner_guide","doc_readme","doc_requirements","doc_score","doc_site","doc_validator_guide","gh_active_days_30d_org","gh_authors_30d_org","gh_authors_90d_org","gh_commits_30d_org","gh_commits_30d_repo","gh_contributors_alltime_repo","gh_days_since_push","gh_prs_merged_30d_org","gh_releases_repo","gh_repo_age_days","gh_forks_repo","gh_stars_org","gh_stars_repo","api_public","mcp_server","product_live","team_named","website_live","whitepaper_available","wp_formal_mechanism","wp_named_authors","wp_pages","wp_references","exploit26_mentions_n","exploit26_presented","exploit26_sessions_n","kol_accounts_90d","kol_neg_posts_30d","kol_neg_posts_90d","kol_pos_posts_30d","kol_pos_posts_90d","kol_posts_30d","kol_posts_90d","podcast_bittensor_guru_12m","podcast_days_since_last","podcast_episodes_12m","podcast_hash_rate_12m","podcast_novelty_search_12m","podcast_revenue_search_12m","podcast_shows_12m","podcast_ventura_labs_12m","x_account_age_days","x_followers","x_posts_30d","x_posts_original_30d","miner_paid_days_30d","miners_active_now","miners_distinct_ips_30d","miners_lineage_clusters_best_30d","miners_lineage_clusters_ub_30d","miners_paid_coldkeys_30d","miners_paid_hotkeys_30d","uids_immune_share_now","uids_registered_now","miner_hhi_coldkey_30d","miner_hhi_lineage_best_30d","miner_top1_share_30d","owner_linked_incentive_share_30d","burn_mean_30d","burn_now","burn_time_share_ge50_30d","owner_validator_div_share","stake_share_owner_validator","validator_stake_hhi","validators_n","alpha_burned_share","owner_alpha_share_issued","owner_cut_autolock","owner_lock_perpetual","owner_lock_share_owner_alpha","ownerhk_lock_share_issued","owner_bought_any_90d","owner_buy_tao_30d","owner_cut_sold_ratio_30d","owner_net_buy_tao_30d","owner_net_buy_tao_90d","owner_sell_tao_30d","basket_alpha_share_issued","basket_net_buy_tao_30d","baskets_net_buyers_n_30d","emission_flag_on_share_30d","tao_emission_on_share_30d","reg_cost_tao_mean_30d","reg_cost_tao_now","reg_recycled_tao_30d","registrations_30d","commit_reveal_on","liquid_alpha_on","max_neurons","mech_count","yuma3_on","holders_hhi","holders_positions_n","holders_top10_share","gh_active_days_lag30_org","gh_authors_lag30_org","gh_commits_lag30_org","gh_commits_lag30_repo","gh_prs_merged_lag30_org","kol_neg_posts_lag30","kol_pos_posts_lag30","kol_posts_lag30","podcast_episodes_12m_lag30","x_posts_lag30","x_posts_original_lag30","miner_paid_days_lag30","miners_paid_coldkeys_lag30","miners_paid_hotkeys_lag30","miner_hhi_coldkey_lag30","miner_top1_share_lag30","burn_mean_lag30","burn_time_share_ge50_lag30","owner_validator_div_share_lag30","stake_share_owner_validator_lag30","validator_stake_hhi_lag30","validators_n_lag30","alpha_burned_share_lag30","owner_alpha_share_issued_lag30","owner_lock_share_owner_alpha_lag30","ownerhk_lock_share_issued_lag30","owner_cut_sold_ratio_lag30","owner_net_buy_tao_lag30","emission_flag_on_share_lag30","tao_emission_on_share_lag30","reg_cost_tao_mean_lag30","registrations_lag30"
"days_since_first_emission","age",124,79,81,124,124,124,103,103,103,103,103,103,103,103,103,103,103,103,103,103,103,103,103,103,103,103,103,103,122,122,122,122,122,122,31,31,23,31,124,124,124,124,124,124,124,124,124,124,124,54,124,124,124,124,124,124,91,91,91,91,124,124,31,105,105,124,124,124,124,105,99,105,105,124,124,124,124,124,124,124,124,124,124,124,124,124,124,124,124,124,124,124,124,124,124,124,124,124,124,122,124,124,124,124,124,124,124,124,124,103,103,103,103,103,124,124,124,124,91,91,122,122,122,102,102,121,121,121,121,122,122,122,122,121,122,121,122,122,122,122,122
"days_since_identity_change","age",79,79,64,79,79,79,64,64,64,64,64,64,64,64,64,64,64,64,64,64,64,64,64,64,64,64,64,64,78,78,78,78,78,78,20,20,14,20,79,79,79,79,79,79,79,79,79,79,79,34,79,79,79,79,79,79,56,56,56,56,79,79,18,64,64,79,79,79,79,64,61,64,64,79,79,79,79,79,79,79,79,79,79,79,79,79,79,79,79,79,79,79,79,79,79,79,79,79,79,79,79,79,79,79,79,79,79,79,79,64,64,64,64,64,79,79,79,79,56,56,79,79,79,66,66,79,79,79,79,79,79,79,79,79,79,79,79,79,79,79,79
"days_since_owner_change","age",81,64,81,81,81,81,66,66,66,66,66,66,66,66,66,66,66,66,66,66,66,66,66,66,66,66,66,66,80,80,80,80,80,80,19,19,13,19,81,81,81,81,81,81,81,81,81,81,81,38,81,81,81,81,81,81,58,58,58,58,81,81,18,65,65,81,81,81,81,65,63,65,65,81,81,81,81,81,81,81,81,81,81,81,81,81,81,81,81,81,81,81,81,81,81,81,81,81,81,81,81,81,81,81,81,81,81,81,81,66,66,66,66,66,81,81,81,81,58,58,81,81,81,67,67,81,81,81,81,81,81,81,81,81,81,81,81,81,81,81,81
"days_since_registration","age",124,79,81,128,128,128,104,104,104,104,104,104,104,104,104,104,104,104,104,104,104,104,104,104,104,104,104,104,126,126,126,126,126,126,32,32,23,32,128,128,128,128,128,128,128,128,128,128,128,54,128,128,128,128,128,128,92,92,92,92,128,128,31,105,105,128,128,128,128,105,99,105,105,124,124,124,124,125,128,128,128,128,128,128,124,128,128,128,124,128,128,128,128,128,128,128,128,128,128,124,128,128,128,128,128,128,125,128,125,104,104,104,104,104,128,128,128,128,92,92,124,124,124,102,102,121,121,121,121,124,124,124,124,121,124,121,124,124,124,124,124
"project_age_days","age",124,79,81,128,128,128,104,104,104,104,104,104,104,104,104,104,104,104,104,104,104,104,104,104,104,104,104,104,126,126,126,126,126,126,32,32,23,32,128,128,128,128,128,128,128,128,128,128,128,54,128,128,128,128,128,128,92,92,92,92,128,128,31,105,105,128,128,128,128,105,99,105,105,124,124,124,124,125,128,128,128,128,128,128,124,128,128,128,124,128,128,128,128,128,128,128,128,128,128,124,128,128,128,128,128,128,125,128,125,104,104,104,104,104,128,128,128,128,92,92,124,124,124,102,102,121,121,121,121,124,124,124,124,121,124,121,124,124,124,124,124
"team_n_subnets","age",124,79,81,128,128,128,104,104,104,104,104,104,104,104,104,104,104,104,104,104,104,104,104,104,104,104,104,104,126,126,126,126,126,126,32,32,23,32,128,128,128,128,128,128,128,128,128,128,128,54,128,128,128,128,128,128,92,92,92,92,128,128,31,105,105,128,128,128,128,105,99,105,105,124,124,124,124,125,128,128,128,128,128,128,124,128,128,128,124,128,128,128,128,128,128,128,128,128,128,124,128,128,128,128,128,128,125,128,125,104,104,104,104,104,128,128,128,128,92,92,124,124,124,102,102,121,121,121,121,124,124,124,124,121,124,121,124,124,124,124,124
"doc_contributing","development",103,64,66,104,104,104,104,104,104,104,104,104,104,104,104,104,104,104,104,104,104,104,104,104,104,104,104,104,102,102,102,102,102,102,29,29,21,29,104,104,104,104,104,104,104,104,104,104,104,53,104,104,104,104,104,104,89,89,89,89,104,104,30,94,94,104,104,104,104,94,90,94,94,103,103,103,103,103,104,104,104,104,104,104,103,104,104,104,103,104,104,104,104,104,104,104,104,104,104,102,104,104,104,104,104,104,103,104,103,104,104,104,104,104,104,104,104,104,89,89,102,102,102,91,91,101,101,101,101,102,102,102,102,101,102,101,102,102,102,102,102
"doc_incentive_desc","development",103,64,66,104,104,104,104,104,104,104,104,104,104,104,104,104,104,104,104,104,104,104,104,104,104,104,104,104,102,102,102,102,102,102,29,29,21,29,104,104,104,104,104,104,104,104,104,104,104,53,104,104,104,104,104,104,89,89,89,89,104,104,30,94,94,104,104,104,104,94,90,94,94,103,103,103,103,103,104,104,104,104,104,104,103,104,104,104,103,104,104,104,104,104,104,104,104,104,104,102,104,104,104,104,104,104,103,104,103,104,104,104,104,104,104,104,104,104,89,89,102,102,102,91,91,101,101,101,101,102,102,102,102,101,102,101,102,102,102,102,102
"doc_license","development",103,64,66,104,104,104,104,104,104,104,104,104,104,104,104,104,104,104,104,104,104,104,104,104,104,104,104,104,102,102,102,102,102,102,29,29,21,29,104,104,104,104,104,104,104,104,104,104,104,53,104,104,104,104,104,104,89,89,89,89,104,104,30,94,94,104,104,104,104,94,90,94,94,103,103,103,103,103,104,104,104,104,104,104,103,104,104,104,103,104,104,104,104,104,104,104,104,104,104,102,104,104,104,104,104,104,103,104,103,104,104,104,104,104,104,104,104,104,89,89,102,102,102,91,91,101,101,101,101,102,102,102,102,101,102,101,102,102,102,102,102
"doc_miner_guide","development",103,64,66,104,104,104,104,104,104,104,104,104,104,104,104,104,104,104,104,104,104,104,104,104,104,104,104,104,102,102,102,102,102,102,29,29,21,29,104,104,104,104,104,104,104,104,104,104,104,53,104,104,104,104,104,104,89,89,89,89,104,104,30,94,94,104,104,104,104,94,90,94,94,103,103,103,103,103,104,104,104,104,104,104,103,104,104,104,103,104,104,104,104,104,104,104,104,104,104,102,104,104,104,104,104,104,103,104,103,104,104,104,104,104,104,104,104,104,89,89,102,102,102,91,91,101,101,101,101,102,102,102,102,101,102,101,102,102,102,102,102
"doc_readme","development",103,64,66,104,104,104,104,104,104,104,104,104,104,104,104,104,104,104,104,104,104,104,104,104,104,104,104,104,102,102,102,102,102,102,29,29,21,29,104,104,104,104,104,104,104,104,104,104,104,53,104,104,104,104,104,104,89,89,89,89,104,104,30,94,94,104,104,104,104,94,90,94,94,103,103,103,103,103,104,104,104,104,104,104,103,104,104,104,103,104,104,104,104,104,104,104,104,104,104,102,104,104,104,104,104,104,103,104,103,104,104,104,104,104,104,104,104,104,89,89,102,102,102,91,91,101,101,101,101,102,102,102,102,101,102,101,102,102,102,102,102
"doc_requirements","development",103,64,66,104,104,104,104,104,104,104,104,104,104,104,104,104,104,104,104,104,104,104,104,104,104,104,104,104,102,102,102,102,102,102,29,29,21,29,104,104,104,104,104,104,104,104,104,104,104,53,104,104,104,104,104,104,89,89,89,89,104,104,30,94,94,104,104,104,104,94,90,94,94,103,103,103,103,103,104,104,104,104,104,104,103,104,104,104,103,104,104,104,104,104,104,104,104,104,104,102,104,104,104,104,104,104,103,104,103,104,104,104,104,104,104,104,104,104,89,89,102,102,102,91,91,101,101,101,101,102,102,102,102,101,102,101,102,102,102,102,102
"doc_score","development",103,64,66,104,104,104,104,104,104,104,104,104,104,104,104,104,104,104,104,104,104,104,104,104,104,104,104,104,102,102,102,102,102,102,29,29,21,29,104,104,104,104,104,104,104,104,104,104,104,53,104,104,104,104,104,104,89,89,89,89,104,104,30,94,94,104,104,104,104,94,90,94,94,103,103,103,103,103,104,104,104,104,104,104,103,104,104,104,103,104,104,104,104,104,104,104,104,104,104,102,104,104,104,104,104,104,103,104,103,104,104,104,104,104,104,104,104,104,89,89,102,102,102,91,91,101,101,101,101,102,102,102,102,101,102,101,102,102,102,102,102
"doc_site","development",103,64,66,104,104,104,104,104,104,104,104,104,104,104,104,104,104,104,104,104,104,104,104,104,104,104,104,104,102,102,102,102,102,102,29,29,21,29,104,104,104,104,104,104,104,104,104,104,104,53,104,104,104,104,104,104,89,89,89,89,104,104,30,94,94,104,104,104,104,94,90,94,94,103,103,103,103,103,104,104,104,104,104,104,103,104,104,104,103,104,104,104,104,104,104,104,104,104,104,102,104,104,104,104,104,104,103,104,103,104,104,104,104,104,104,104,104,104,89,89,102,102,102,91,91,101,101,101,101,102,102,102,102,101,102,101,102,102,102,102,102
"doc_validator_guide","development",103,64,66,104,104,104,104,104,104,104,104,104,104,104,104,104,104,104,104,104,104,104,104,104,104,104,104,104,102,102,102,102,102,102,29,29,21,29,104,104,104,104,104,104,104,104,104,104,104,53,104,104,104,104,104,104,89,89,89,89,104,104,30,94,94,104,104,104,104,94,90,94,94,103,103,103,103,103,104,104,104,104,104,104,103,104,104,104,103,104,104,104,104,104,104,104,104,104,104,102,104,104,104,104,104,104,103,104,103,104,104,104,104,104,104,104,104,104,89,89,102,102,102,91,91,101,101,101,101,102,102,102,102,101,102,101,102,102,102,102,102
"gh_active_days_30d_org","development",103,64,66,104,104,104,104,104,104,104,104,104,104,104,104,104,104,104,104,104,104,104,104,104,104,104,104,104,102,102,102,102,102,102,29,29,21,29,104,104,104,104,104,104,104,104,104,104,104,53,104,104,104,104,104,104,89,89,89,89,104,104,30,94,94,104,104,104,104,94,90,94,94,103,103,103,103,103,104,104,104,104,104,104,103,104,104,104,103,104,104,104,104,104,104,104,104,104,104,102,104,104,104,104,104,104,103,104,103,104,104,104,104,104,104,104,104,104,89,89,102,102,102,91,91,101,101,101,101,102,102,102,102,101,102,101,102,102,102,102,102
"gh_authors_30d_org","development",103,64,66,104,104,104,104,104,104,104,104,104,104,104,104,104,104,104,104,104,104,104,104,104,104,104,104,104,102,102,102,102,102,102,29,29,21,29,104,104,104,104,104,104,104,104,104,104,104,53,104,104,104,104,104,104,89,89,89,89,104,104,30,94,94,104,104,104,104,94,90,94,94,103,103,103,103,103,104,104,104,104,104,104,103,104,104,104,103,104,104,104,104,104,104,104,104,104,104,102,104,104,104,104,104,104,103,104,103,104,104,104,104,104,104,104,104,104,89,89,102,102,102,91,91,101,101,101,101,102,102,102,102,101,102,101,102,102,102,102,102
"gh_authors_90d_org","development",103,64,66,104,104,104,104,104,104,104,104,104,104,104,104,104,104,104,104,104,104,104,104,104,104,104,104,104,102,102,102,102,102,102,29,29,21,29,104,104,104,104,104,104,104,104,104,104,104,53,104,104,104,104,104,104,89,89,89,89,104,104,30,94,94,104,104,104,104,94,90,94,94,103,103,103,103,103,104,104,104,104,104,104,103,104,104,104,103,104,104,104,104,104,104,104,104,104,104,102,104,104,104,104,104,104,103,104,103,104,104,104,104,104,104,104,104,104,89,89,102,102,102,91,91,101,101,101,101,102,102,102,102,101,102,101,102,102,102,102,102
"gh_commits_30d_org","development",103,64,66,104,104,104,104,104,104,104,104,104,104,104,104,104,104,104,104,104,104,104,104,104,104,104,104,104,102,102,102,102,102,102,29,29,21,29,104,104,104,104,104,104,104,104,104,104,104,53,104,104,104,104,104,104,89,89,89,89,104,104,30,94,94,104,104,104,104,94,90,94,94,103,103,103,103,103,104,104,104,104,104,104,103,104,104,104,103,104,104,104,104,104,104,104,104,104,104,102,104,104,104,104,104,104,103,104,103,104,104,104,104,104,104,104,104,104,89,89,102,102,102,91,91,101,101,101,101,102,102,102,102,101,102,101,102,102,102,102,102
"gh_commits_30d_repo","development",103,64,66,104,104,104,104,104,104,104,104,104,104,104,104,104,104,104,104,104,104,104,104,104,104,104,104,104,102,102,102,102,102,102,29,29,21,29,104,104,104,104,104,104,104,104,104,104,104,53,104,104,104,104,104,104,89,89,89,89,104,104,30,94,94,104,104,104,104,94,90,94,94,103,103,103,103,103,104,104,104,104,104,104,103,104,104,104,103,104,104,104,104,104,104,104,104,104,104,102,104,104,104,104,104,104,103,104,103,104,104,104,104,104,104,104,104,104,89,89,102,102,102,91,91,101,101,101,101,102,102,102,102,101,102,101,102,102,102,102,102
"gh_contributors_alltime_repo","development",103,64,66,104,104,104,104,104,104,104,104,104,104,104,104,104,104,104,104,104,104,104,104,104,104,104,104,104,102,102,102,102,102,102,29,29,21,29,104,104,104,104,104,104,104,104,104,104,104,53,104,104,104,104,104,104,89,89,89,89,104,104,30,94,94,104,104,104,104,94,90,94,94,103,103,103,103,103,104,104,104,104,104,104,103,104,104,104,103,104,104,104,104,104,104,104,104,104,104,102,104,104,104,104,104,104,103,104,103,104,104,104,104,104,104,104,104,104,89,89,102,102,102,91,91,101,101,101,101,102,102,102,102,101,102,101,102,102,102,102,102
"gh_days_since_push","development",103,64,66,104,104,104,104,104,104,104,104,104,104,104,104,104,104,104,104,104,104,104,104,104,104,104,104,104,102,102,102,102,102,102,29,29,21,29,104,104,104,104,104,104,104,104,104,104,104,53,104,104,104,104,104,104,89,89,89,89,104,104,30,94,94,104,104,104,104,94,90,94,94,103,103,103,103,103,104,104,104,104,104,104,103,104,104,104,103,104,104,104,104,104,104,104,104,104,104,102,104,104,104,104,104,104,103,104,103,104,104,104,104,104,104,104,104,104,89,89,102,102,102,91,91,101,101,101,101,102,102,102,102,101,102,101,102,102,102,102,102
"gh_prs_merged_30d_org","development",103,64,66,104,104,104,104,104,104,104,104,104,104,104,104,104,104,104,104,104,104,104,104,104,104,104,104,104,102,102,102,102,102,102,29,29,21,29,104,104,104,104,104,104,104,104,104,104,104,53,104,104,104,104,104,104,89,89,89,89,104,104,30,94,94,104,104,104,104,94,90,94,94,103,103,103,103,103,104,104,104,104,104,104,103,104,104,104,103,104,104,104,104,104,104,104,104,104,104,102,104,104,104,104,104,104,103,104,103,104,104,104,104,104,104,104,104,104,89,89,102,102,102,91,91,101,101,101,101,102,102,102,102,101,102,101,102,102,102,102,102
"gh_releases_repo","development",103,64,66,104,104,104,104,104,104,104,104,104,104,104,104,104,104,104,104,104,104,104,104,104,104,104,104,104,102,102,102,102,102,102,29,29,21,29,104,104,104,104,104,104,104,104,104,104,104,53,104,104,104,104,104,104,89,89,89,89,104,104,30,94,94,104,104,104,104,94,90,94,94,103,103,103,103,103,104,104,104,104,104,104,103,104,104,104,103,104,104,104,104,104,104,104,104,104,104,102,104,104,104,104,104,104,103,104,103,104,104,104,104,104,104,104,104,104,89,89,102,102,102,91,91,101,101,101,101,102,102,102,102,101,102,101,102,102,102,102,102
"gh_repo_age_days","development",103,64,66,104,104,104,104,104,104,104,104,104,104,104,104,104,104,104,104,104,104,104,104,104,104,104,104,104,102,102,102,102,102,102,29,29,21,29,104,104,104,104,104,104,104,104,104,104,104,53,104,104,104,104,104,104,89,89,89,89,104,104,30,94,94,104,104,104,104,94,90,94,94,103,103,103,103,103,104,104,104,104,104,104,103,104,104,104,103,104,104,104,104,104,104,104,104,104,104,102,104,104,104,104,104,104,103,104,103,104,104,104,104,104,104,104,104,104,89,89,102,102,102,91,91,101,101,101,101,102,102,102,102,101,102,101,102,102,102,102,102
"gh_forks_repo","dev_popularity",103,64,66,104,104,104,104,104,104,104,104,104,104,104,104,104,104,104,104,104,104,104,104,104,104,104,104,104,102,102,102,102,102,102,29,29,21,29,104,104,104,104,104,104,104,104,104,104,104,53,104,104,104,104,104,104,89,89,89,89,104,104,30,94,94,104,104,104,104,94,90,94,94,103,103,103,103,103,104,104,104,104,104,104,103,104,104,104,103,104,104,104,104,104,104,104,104,104,104,102,104,104,104,104,104,104,103,104,103,104,104,104,104,104,104,104,104,104,89,89,102,102,102,91,91,101,101,101,101,102,102,102,102,101,102,101,102,102,102,102,102
"gh_stars_org","dev_popularity",103,64,66,104,104,104,104,104,104,104,104,104,104,104,104,104,104,104,104,104,104,104,104,104,104,104,104,104,102,102,102,102,102,102,29,29,21,29,104,104,104,104,104,104,104,104,104,104,104,53,104,104,104,104,104,104,89,89,89,89,104,104,30,94,94,104,104,104,104,94,90,94,94,103,103,103,103,103,104,104,104,104,104,104,103,104,104,104,103,104,104,104,104,104,104,104,104,104,104,102,104,104,104,104,104,104,103,104,103,104,104,104,104,104,104,104,104,104,89,89,102,102,102,91,91,101,101,101,101,102,102,102,102,101,102,101,102,102,102,102,102
"gh_stars_repo","dev_popularity",103,64,66,104,104,104,104,104,104,104,104,104,104,104,104,104,104,104,104,104,104,104,104,104,104,104,104,104,102,102,102,102,102,102,29,29,21,29,104,104,104,104,104,104,104,104,104,104,104,53,104,104,104,104,104,104,89,89,89,89,104,104,30,94,94,104,104,104,104,94,90,94,94,103,103,103,103,103,104,104,104,104,104,104,103,104,104,104,103,104,104,104,104,104,104,104,104,104,104,102,104,104,104,104,104,104,103,104,103,104,104,104,104,104,104,104,104,104,89,89,102,102,102,91,91,101,101,101,101,102,102,102,102,101,102,101,102,102,102,102,102
"api_public","presence",122,78,80,126,126,126,102,102,102,102,102,102,102,102,102,102,102,102,102,102,102,102,102,102,102,102,102,102,126,126,126,126,126,126,32,32,23,32,126,126,126,126,126,126,126,126,126,126,126,54,126,126,126,126,126,126,90,90,90,90,126,126,31,103,103,126,126,126,126,103,97,103,103,122,122,122,122,123,126,126,126,126,126,126,122,126,126,126,122,126,126,126,126,126,126,126,126,126,126,122,126,126,126,126,126,126,123,126,123,102,102,102,102,102,126,126,126,126,90,90,122,122,122,100,100,119,119,119,119,122,122,122,122,119,122,119,122,122,122,122,122
"mcp_server","presence",122,78,80,126,126,126,102,102,102,102,102,102,102,102,102,102,102,102,102,102,102,102,102,102,102,102,102,102,126,126,126,126,126,126,32,32,23,32,126,126,126,126,126,126,126,126,126,126,126,54,126,126,126,126,126,126,90,90,90,90,126,126,31,103,103,126,126,126,126,103,97,103,103,122,122,122,122,123,126,126,126,126,126,126,122,126,126,126,122,126,126,126,126,126,126,126,126,126,126,122,126,126,126,126,126,126,123,126,123,102,102,102,102,102,126,126,126,126,90,90,122,122,122,100,100,119,119,119,119,122,122,122,122,119,122,119,122,122,122,122,122
"product_live","presence",122,78,80,126,126,126,102,102,102,102,102,102,102,102,102,102,102,102,102,102,102,102,102,102,102,102,102,102,126,126,126,126,126,126,32,32,23,32,126,126,126,126,126,126,126,126,126,126,126,54,126,126,126,126,126,126,90,90,90,90,126,126,31,103,103,126,126,126,126,103,97,103,103,122,122,122,122,123,126,126,126,126,126,126,122,126,126,126,122,126,126,126,126,126,126,126,126,126,126,122,126,126,126,126,126,126,123,126,123,102,102,102,102,102,126,126,126,126,90,90,122,122,122,100,100,119,119,119,119,122,122,122,122,119,122,119,122,122,122,122,122
"team_named","presence",122,78,80,126,126,126,102,102,102,102,102,102,102,102,102,102,102,102,102,102,102,102,102,102,102,102,102,102,126,126,126,126,126,126,32,32,23,32,126,126,126,126,126,126,126,126,126,126,126,54,126,126,126,126,126,126,90,90,90,90,126,126,31,103,103,126,126,126,126,103,97,103,103,122,122,122,122,123,126,126,126,126,126,126,122,126,126,126,122,126,126,126,126,126,126,126,126,126,126,122,126,126,126,126,126,126,123,126,123,102,102,102,102,102,126,126,126,126,90,90,122,122,122,100,100,119,119,119,119,122,122,122,122,119,122,119,122,122,122,122,122
"website_live","presence",122,78,80,126,126,126,102,102,102,102,102,102,102,102,102,102,102,102,102,102,102,102,102,102,102,102,102,102,126,126,126,126,126,126,32,32,23,32,126,126,126,126,126,126,126,126,126,126,126,54,126,126,126,126,126,126,90,90,90,90,126,126,31,103,103,126,126,126,126,103,97,103,103,122,122,122,122,123,126,126,126,126,126,126,122,126,126,126,122,126,126,126,126,126,126,126,126,126,126,122,126,126,126,126,126,126,123,126,123,102,102,102,102,102,126,126,126,126,90,90,122,122,122,100,100,119,119,119,119,122,122,122,122,119,122,119,122,122,122,122,122
"whitepaper_available","presence",122,78,80,126,126,126,102,102,102,102,102,102,102,102,102,102,102,102,102,102,102,102,102,102,102,102,102,102,126,126,126,126,126,126,32,32,23,32,126,126,126,126,126,126,126,126,126,126,126,54,126,126,126,126,126,126,90,90,90,90,126,126,31,103,103,126,126,126,126,103,97,103,103,122,122,122,122,123,126,126,126,126,126,126,122,126,126,126,122,126,126,126,126,126,126,126,126,126,126,122,126,126,126,126,126,126,123,126,123,102,102,102,102,102,126,126,126,126,90,90,122,122,122,100,100,119,119,119,119,122,122,122,122,119,122,119,122,122,122,122,122
"wp_formal_mechanism","presence",31,20,19,32,32,32,29,29,29,29,29,29,29,29,29,29,29,29,29,29,29,29,29,29,29,29,29,29,32,32,32,32,32,32,32,32,23,32,32,32,32,32,32,32,32,32,32,32,32,14,32,32,32,32,32,32,29,29,29,29,32,32,11,26,26,32,32,32,32,26,26,26,26,31,31,31,31,31,32,32,32,32,32,32,31,32,32,32,31,32,32,32,32,32,32,32,32,32,32,31,32,32,32,32,32,32,31,32,31,29,29,29,29,29,32,32,32,32,29,29,31,31,31,26,26,30,30,30,30,31,31,31,31,30,31,30,31,31,31,31,31
"wp_named_authors","presence",31,20,19,32,32,32,29,29,29,29,29,29,29,29,29,29,29,29,29,29,29,29,29,29,29,29,29,29,32,32,32,32,32,32,32,32,23,32,32,32,32,32,32,32,32,32,32,32,32,14,32,32,32,32,32,32,29,29,29,29,32,32,11,26,26,32,32,32,32,26,26,26,26,31,31,31,31,31,32,32,32,32,32,32,31,32,32,32,31,32,32,32,32,32,32,32,32,32,32,31,32,32,32,32,32,32,31,32,31,29,29,29,29,29,32,32,32,32,29,29,31,31,31,26,26,30,30,30,30,31,31,31,31,30,31,30,31,31,31,31,31
"wp_pages","presence",23,14,13,23,23,23,21,21,21,21,21,21,21,21,21,21,21,21,21,21,21,21,21,21,21,21,21,21,23,23,23,23,23,23,23,23,23,23,23,23,23,23,23,23,23,23,23,23,23,13,23,23,23,23,23,23,20,20,20,20,23,23,11,21,21,23,23,23,23,21,21,21,21,23,23,23,23,23,23,23,23,23,23,23,23,23,23,23,23,23,23,23,23,23,23,23,23,23,23,23,23,23,23,23,23,23,23,23,23,21,21,21,21,21,23,23,23,23,20,20,23,23,23,20,20,22,22,22,22,23,23,23,23,22,23,22,23,23,23,23,23
"wp_references","presence",31,20,19,32,32,32,29,29,29,29,29,29,29,29,29,29,29,29,29,29,29,29,29,29,29,29,29,29,32,32,32,32,32,32,32,32,23,32,32,32,32,32,32,32,32,32,32,32,32,14,32,32,32,32,32,32,29,29,29,29,32,32,11,26,26,32,32,32,32,26,26,26,26,31,31,31,31,31,32,32,32,32,32,32,31,32,32,32,31,32,32,32,32,32,32,32,32,32,32,31,32,32,32,32,32,32,31,32,31,29,29,29,29,29,32,32,32,32,29,29,31,31,31,26,26,30,30,30,30,31,31,31,31,30,31,30,31,31,31,31,31
"exploit26_mentions_n","attention",124,79,81,128,128,128,104,104,104,104,104,104,104,104,104,104,104,104,104,104,104,104,104,104,104,104,104,104,126,126,126,126,126,126,32,32,23,32,128,128,128,128,128,128,128,128,128,128,128,54,128,128,128,128,128,128,92,92,92,92,128,128,31,105,105,128,128,128,128,105,99,105,105,124,124,124,124,125,128,128,128,128,128,128,124,128,128,128,124,128,128,128,128,128,128,128,128,128,128,124,128,128,128,128,128,128,125,128,125,104,104,104,104,104,128,128,128,128,92,92,124,124,124,102,102,121,121,121,121,124,124,124,124,121,124,121,124,124,124,124,124
"exploit26_presented","attention",124,79,81,128,128,128,104,104,104,104,104,104,104,104,104,104,104,104,104,104,104,104,104,104,104,104,104,104,126,126,126,126,126,126,32,32,23,32,128,128,128,128,128,128,128,128,128,128,128,54,128,128,128,128,128,128,92,92,92,92,128,128,31,105,105,128,128,128,128,105,99,105,105,124,124,124,124,125,128,128,128,128,128,128,124,128,128,128,124,128,128,128,128,128,128,128,128,128,128,124,128,128,128,128,128,128,125,128,125,104,104,104,104,104,128,128,128,128,92,92,124,124,124,102,102,121,121,121,121,124,124,124,124,121,124,121,124,124,124,124,124
"exploit26_sessions_n","attention",124,79,81,128,128,128,104,104,104,104,104,104,104,104,104,104,104,104,104,104,104,104,104,104,104,104,104,104,126,126,126,126,126,126,32,32,23,32,128,128,128,128,128,128,128,128,128,128,128,54,128,128,128,128,128,128,92,92,92,92,128,128,31,105,105,128,128,128,128,105,99,105,105,124,124,124,124,125,128,128,128,128,128,128,124,128,128,128,124,128,128,128,128,128,128,128,128,128,128,124,128,128,128,128,128,128,125,128,125,104,104,104,104,104,128,128,128,128,92,92,124,124,124,102,102,121,121,121,121,124,124,124,124,121,124,121,124,124,124,124,124
"kol_accounts_90d","attention",124,79,81,128,128,128,104,104,104,104,104,104,104,104,104,104,104,104,104,104,104,104,104,104,104,104,104,104,126,126,126,126,126,126,32,32,23,32,128,128,128,128,128,128,128,128,128,128,128,54,128,128,128,128,128,128,92,92,92,92,128,128,31,105,105,128,128,128,128,105,99,105,105,124,124,124,124,125,128,128,128,128,128,128,124,128,128,128,124,128,128,128,128,128,128,128,128,128,128,124,128,128,128,128,128,128,125,128,125,104,104,104,104,104,128,128,128,128,92,92,124,124,124,102,102,121,121,121,121,124,124,124,124,121,124,121,124,124,124,124,124
"kol_neg_posts_30d","attention",124,79,81,128,128,128,104,104,104,104,104,104,104,104,104,104,104,104,104,104,104,104,104,104,104,104,104,104,126,126,126,126,126,126,32,32,23,32,128,128,128,128,128,128,128,128,128,128,128,54,128,128,128,128,128,128,92,92,92,92,128,128,31,105,105,128,128,128,128,105,99,105,105,124,124,124,124,125,128,128,128,128,128,128,124,128,128,128,124,128,128,128,128,128,128,128,128,128,128,124,128,128,128,128,128,128,125,128,125,104,104,104,104,104,128,128,128,128,92,92,124,124,124,102,102,121,121,121,121,124,124,124,124,121,124,121,124,124,124,124,124
"kol_neg_posts_90d","attention",124,79,81,128,128,128,104,104,104,104,104,104,104,104,104,104,104,104,104,104,104,104,104,104,104,104,104,104,126,126,126,126,126,126,32,32,23,32,128,128,128,128,128,128,128,128,128,128,128,54,128,128,128,128,128,128,92,92,92,92,128,128,31,105,105,128,128,128,128,105,99,105,105,124,124,124,124,125,128,128,128,128,128,128,124,128,128,128,124,128,128,128,128,128,128,128,128,128,128,124,128,128,128,128,128,128,125,128,125,104,104,104,104,104,128,128,128,128,92,92,124,124,124,102,102,121,121,121,121,124,124,124,124,121,124,121,124,124,124,124,124
"kol_pos_posts_30d","attention",124,79,81,128,128,128,104,104,104,104,104,104,104,104,104,104,104,104,104,104,104,104,104,104,104,104,104,104,126,126,126,126,126,126,32,32,23,32,128,128,128,128,128,128,128,128,128,128,128,54,128,128,128,128,128,128,92,92,92,92,128,128,31,105,105,128,128,128,128,105,99,105,105,124,124,124,124,125,128,128,128,128,128,128,124,128,128,128,124,128,128,128,128,128,128,128,128,128,128,124,128,128,128,128,128,128,125,128,125,104,104,104,104,104,128,128,128,128,92,92,124,124,124,102,102,121,121,121,121,124,124,124,124,121,124,121,124,124,124,124,124
"kol_pos_posts_90d","attention",124,79,81,128,128,128,104,104,104,104,104,104,104,104,104,104,104,104,104,104,104,104,104,104,104,104,104,104,126,126,126,126,126,126,32,32,23,32,128,128,128,128,128,128,128,128,128,128,128,54,128,128,128,128,128,128,92,92,92,92,128,128,31,105,105,128,128,128,128,105,99,105,105,124,124,124,124,125,128,128,128,128,128,128,124,128,128,128,124,128,128,128,128,128,128,128,128,128,128,124,128,128,128,128,128,128,125,128,125,104,104,104,104,104,128,128,128,128,92,92,124,124,124,102,102,121,121,121,121,124,124,124,124,121,124,121,124,124,124,124,124
"kol_posts_30d","attention",124,79,81,128,128,128,104,104,104,104,104,104,104,104,104,104,104,104,104,104,104,104,104,104,104,104,104,104,126,126,126,126,126,126,32,32,23,32,128,128,128,128,128,128,128,128,128,128,128,54,128,128,128,128,128,128,92,92,92,92,128,128,31,105,105,128,128,128,128,105,99,105,105,124,124,124,124,125,128,128,128,128,128,128,124,128,128,128,124,128,128,128,128,128,128,128,128,128,128,124,128,128,128,128,128,128,125,128,125,104,104,104,104,104,128,128,128,128,92,92,124,124,124,102,102,121,121,121,121,124,124,124,124,121,124,121,124,124,124,124,124
"kol_posts_90d","attention",124,79,81,128,128,128,104,104,104,104,104,104,104,104,104,104,104,104,104,104,104,104,104,104,104,104,104,104,126,126,126,126,126,126,32,32,23,32,128,128,128,128,128,128,128,128,128,128,128,54,128,128,128,128,128,128,92,92,92,92,128,128,31,105,105,128,128,128,128,105,99,105,105,124,124,124,124,125,128,128,128,128,128,128,124,128,128,128,124,128,128,128,128,128,128,128,128,128,128,124,128,128,128,128,128,128,125,128,125,104,104,104,104,104,128,128,128,128,92,92,124,124,124,102,102,121,121,121,121,124,124,124,124,121,124,121,124,124,124,124,124
"podcast_bittensor_guru_12m","attention",124,79,81,128,128,128,104,104,104,104,104,104,104,104,104,104,104,104,104,104,104,104,104,104,104,104,104,104,126,126,126,126,126,126,32,32,23,32,128,128,128,128,128,128,128,128,128,128,128,54,128,128,128,128,128,128,92,92,92,92,128,128,31,105,105,128,128,128,128,105,99,105,105,124,124,124,124,125,128,128,128,128,128,128,124,128,128,128,124,128,128,128,128,128,128,128,128,128,128,124,128,128,128,128,128,128,125,128,125,104,104,104,104,104,128,128,128,128,92,92,124,124,124,102,102,121,121,121,121,124,124,124,124,121,124,121,124,124,124,124,124
"podcast_days_since_last","attention",54,34,38,54,54,54,53,53,53,53,53,53,53,53,53,53,53,53,53,53,53,53,53,53,53,53,53,53,54,54,54,54,54,54,14,14,13,14,54,54,54,54,54,54,54,54,54,54,54,54,54,54,54,54,54,54,48,48,48,48,54,54,19,51,51,54,54,54,54,51,49,51,51,54,54,54,54,54,54,54,54,54,54,54,54,54,54,54,54,54,54,54,54,54,54,54,54,54,54,54,54,54,54,54,54,54,54,54,54,53,53,53,53,53,54,54,54,54,48,48,54,54,54,52,52,54,54,54,54,54,54,54,54,54,54,54,54,54,54,54,54
"podcast_episodes_12m","attention",124,79,81,128,128,128,104,104,104,104,104,104,104,104,104,104,104,104,104,104,104,104,104,104,104,104,104,104,126,126,126,126,126,126,32,32,23,32,128,128,128,128,128,128,128,128,128,128,128,54,128,128,128,128,128,128,92,92,92,92,128,128,31,105,105,128,128,128,128,105,99,105,105,124,124,124,124,125,128,128,128,128,128,128,124,128,128,128,124,128,128,128,128,128,128,128,128,128,128,124,128,128,128,128,128,128,125,128,125,104,104,104,104,104,128,128,128,128,92,92,124,124,124,102,102,121,121,121,121,124,124,124,124,121,124,121,124,124,124,124,124
"podcast_hash_rate_12m","attention",124,79,81,128,128,128,104,104,104,104,104,104,104,104,104,104,104,104,104,104,104,104,104,104,104,104,104,104,126,126,126,126,126,126,32,32,23,32,128,128,128,128,128,128,128,128,128,128,128,54,128,128,128,128,128,128,92,92,92,92,128,128,31,105,105,128,128,128,128,105,99,105,105,124,124,124,124,125,128,128,128,128,128,128,124,128,128,128,124,128,128,128,128,128,128,128,128,128,128,124,128,128,128,128,128,128,125,128,125,104,104,104,104,104,128,128,128,128,92,92,124,124,124,102,102,121,121,121,121,124,124,124,124,121,124,121,124,124,124,124,124
"podcast_novelty_search_12m","attention",124,79,81,128,128,128,104,104,104,104,104,104,104,104,104,104,104,104,104,104,104,104,104,104,104,104,104,104,126,126,126,126,126,126,32,32,23,32,128,128,128,128,128,128,128,128,128,128,128,54,128,128,128,128,128,128,92,92,92,92,128,128,31,105,105,128,128,128,128,105,99,105,105,124,124,124,124,125,128,128,128,128,128,128,124,128,128,128,124,128,128,128,128,128,128,128,128,128,128,124,128,128,128,128,128,128,125,128,125,104,104,104,104,104,128,128,128,128,92,92,124,124,124,102,102,121,121,121,121,124,124,124,124,121,124,121,124,124,124,124,124
"podcast_revenue_search_12m","attention",124,79,81,128,128,128,104,104,104,104,104,104,104,104,104,104,104,104,104,104,104,104,104,104,104,104,104,104,126,126,126,126,126,126,32,32,23,32,128,128,128,128,128,128,128,128,128,128,128,54,128,128,128,128,128,128,92,92,92,92,128,128,31,105,105,128,128,128,128,105,99,105,105,124,124,124,124,125,128,128,128,128,128,128,124,128,128,128,124,128,128,128,128,128,128,128,128,128,128,124,128,128,128,128,128,128,125,128,125,104,104,104,104,104,128,128,128,128,92,92,124,124,124,102,102,121,121,121,121,124,124,124,124,121,124,121,124,124,124,124,124
"podcast_shows_12m","attention",124,79,81,128,128,128,104,104,104,104,104,104,104,104,104,104,104,104,104,104,104,104,104,104,104,104,104,104,126,126,126,126,126,126,32,32,23,32,128,128,128,128,128,128,128,128,128,128,128,54,128,128,128,128,128,128,92,92,92,92,128,128,31,105,105,128,128,128,128,105,99,105,105,124,124,124,124,125,128,128,128,128,128,128,124,128,128,128,124,128,128,128,128,128,128,128,128,128,128,124,128,128,128,128,128,128,125,128,125,104,104,104,104,104,128,128,128,128,92,92,124,124,124,102,102,121,121,121,121,124,124,124,124,121,124,121,124,124,124,124,124
"podcast_ventura_labs_12m","attention",124,79,81,128,128,128,104,104,104,104,104,104,104,104,104,104,104,104,104,104,104,104,104,104,104,104,104,104,126,126,126,126,126,126,32,32,23,32,128,128,128,128,128,128,128,128,128,128,128,54,128,128,128,128,128,128,92,92,92,92,128,128,31,105,105,128,128,128,128,105,99,105,105,124,124,124,124,125,128,128,128,128,128,128,124,128,128,128,124,128,128,128,128,128,128,128,128,128,128,124,128,128,128,128,128,128,125,128,125,104,104,104,104,104,128,128,128,128,92,92,124,124,124,102,102,121,121,121,121,124,124,124,124,121,124,121,124,124,124,124,124
"x_account_age_days","x_reach",91,56,58,92,92,92,89,89,89,89,89,89,89,89,89,89,89,89,89,89,89,89,89,89,89,89,89,89,90,90,90,90,90,90,29,29,20,29,92,92,92,92,92,92,92,92,92,92,92,48,92,92,92,92,92,92,92,92,92,92,92,92,23,83,83,92,92,92,92,83,79,83,83,91,91,91,91,91,92,92,92,92,92,92,91,92,92,92,91,92,92,92,92,92,92,92,92,92,92,90,92,92,92,92,92,92,91,92,91,89,89,89,89,89,92,92,92,92,92,92,90,90,90,79,79,89,89,89,89,90,90,90,90,89,90,89,90,90,90,90,90
"x_followers","x_reach",91,56,58,92,92,92,89,89,89,89,89,89,89,89,89,89,89,89,89,89,89,89,89,89,89,89,89,89,90,90,90,90,90,90,29,29,20,29,92,92,92,92,92,92,92,92,92,92,92,48,92,92,92,92,92,92,92,92,92,92,92,92,23,83,83,92,92,92,92,83,79,83,83,91,91,91,91,91,92,92,92,92,92,92,91,92,92,92,91,92,92,92,92,92,92,92,92,92,92,90,92,92,92,92,92,92,91,92,91,89,89,89,89,89,92,92,92,92,92,92,90,90,90,79,79,89,89,89,89,90,90,90,90,89,90,89,90,90,90,90,90
"x_posts_30d","x_reach",91,56,58,92,92,92,89,89,89,89,89,89,89,89,89,89,89,89,89,89,89,89,89,89,89,89,89,89,90,90,90,90,90,90,29,29,20,29,92,92,92,92,92,92,92,92,92,92,92,48,92,92,92,92,92,92,92,92,92,92,92,92,23,83,83,92,92,92,92,83,79,83,83,91,91,91,91,91,92,92,92,92,92,92,91,92,92,92,91,92,92,92,92,92,92,92,92,92,92,90,92,92,92,92,92,92,91,92,91,89,89,89,89,89,92,92,92,92,92,92,90,90,90,79,79,89,89,89,89,90,90,90,90,89,90,89,90,90,90,90,90
"x_posts_original_30d","x_reach",91,56,58,92,92,92,89,89,89,89,89,89,89,89,89,89,89,89,89,89,89,89,89,89,89,89,89,89,90,90,90,90,90,90,29,29,20,29,92,92,92,92,92,92,92,92,92,92,92,48,92,92,92,92,92,92,92,92,92,92,92,92,23,83,83,92,92,92,92,83,79,83,83,91,91,91,91,91,92,92,92,92,92,92,91,92,92,92,91,92,92,92,92,92,92,92,92,92,92,90,92,92,92,92,92,92,91,92,91,89,89,89,89,89,92,92,92,92,92,92,90,90,90,79,79,89,89,89,89,90,90,90,90,89,90,89,90,90,90,90,90
"miner_paid_days_30d","miner_scale",124,79,81,128,128,128,104,104,104,104,104,104,104,104,104,104,104,104,104,104,104,104,104,104,104,104,104,104,126,126,126,126,126,126,32,32,23,32,128,128,128,128,128,128,128,128,128,128,128,54,128,128,128,128,128,128,92,92,92,92,128,128,31,105,105,128,128,128,128,105,99,105,105,124,124,124,124,125,128,128,128,128,128,128,124,128,128,128,124,128,128,128,128,128,128,128,128,128,128,124,128,128,128,128,128,128,125,128,125,104,104,104,104,104,128,128,128,128,92,92,124,124,124,102,102,121,121,121,121,124,124,124,124,121,124,121,124,124,124,124,124
"miners_active_now","miner_scale",124,79,81,128,128,128,104,104,104,104,104,104,104,104,104,104,104,104,104,104,104,104,104,104,104,104,104,104,126,126,126,126,126,126,32,32,23,32,128,128,128,128,128,128,128,128,128,128,128,54,128,128,128,128,128,128,92,92,92,92,128,128,31,105,105,128,128,128,128,105,99,105,105,124,124,124,124,125,128,128,128,128,128,128,124,128,128,128,124,128,128,128,128,128,128,128,128,128,128,124,128,128,128,128,128,128,125,128,125,104,104,104,104,104,128,128,128,128,92,92,124,124,124,102,102,121,121,121,121,124,124,124,124,121,124,121,124,124,124,124,124
"miners_distinct_ips_30d","miner_scale",31,18,18,31,31,31,30,30,30,30,30,30,30,30,30,30,30,30,30,30,30,30,30,30,30,30,30,30,31,31,31,31,31,31,11,11,11,11,31,31,31,31,31,31,31,31,31,31,31,19,31,31,31,31,31,31,23,23,23,23,31,31,31,31,31,31,31,31,31,31,30,31,31,31,31,31,31,31,31,31,31,31,31,31,31,31,31,31,31,31,31,31,31,31,31,31,31,31,31,31,31,31,31,31,31,31,31,31,31,30,30,30,30,30,31,31,31,31,23,23,31,31,31,29,29,31,31,31,31,31,31,31,31,31,31,31,31,31,31,31,31
"miners_lineage_clusters_best_30d","miner_scale",105,64,65,105,105,105,94,94,94,94,94,94,94,94,94,94,94,94,94,94,94,94,94,94,94,94,94,94,103,103,103,103,103,103,26,26,21,26,105,105,105,105,105,105,105,105,105,105,105,51,105,105,105,105,105,105,83,83,83,83,105,105,31,105,105,105,105,105,105,105,99,105,105,105,105,105,105,105,105,105,105,105,105,105,105,105,105,105,105,105,105,105,105,105,105,105,105,105,105,103,105,105,105,105,105,105,105,105,105,94,94,94,94,94,105,105,105,105,83,83,103,103,103,96,96,102,102,102,102,103,103,103,103,102,103,102,103,103,103,103,103
"miners_lineage_clusters_ub_30d","miner_scale",105,64,65,105,105,105,94,94,94,94,94,94,94,94,94,94,94,94,94,94,94,94,94,94,94,94,94,94,103,103,103,103,103,103,26,26,21,26,105,105,105,105,105,105,105,105,105,105,105,51,105,105,105,105,105,105,83,83,83,83,105,105,31,105,105,105,105,105,105,105,99,105,105,105,105,105,105,105,105,105,105,105,105,105,105,105,105,105,105,105,105,105,105,105,105,105,105,105,105,103,105,105,105,105,105,105,105,105,105,94,94,94,94,94,105,105,105,105,83,83,103,103,103,96,96,102,102,102,102,103,103,103,103,102,103,102,103,103,103,103,103
"miners_paid_coldkeys_30d","miner_scale",124,79,81,128,128,128,104,104,104,104,104,104,104,104,104,104,104,104,104,104,104,104,104,104,104,104,104,104,126,126,126,126,126,126,32,32,23,32,128,128,128,128,128,128,128,128,128,128,128,54,128,128,128,128,128,128,92,92,92,92,128,128,31,105,105,128,128,128,128,105,99,105,105,124,124,124,124,125,128,128,128,128,128,128,124,128,128,128,124,128,128,128,128,128,128,128,128,128,128,124,128,128,128,128,128,128,125,128,125,104,104,104,104,104,128,128,128,128,92,92,124,124,124,102,102,121,121,121,121,124,124,124,124,121,124,121,124,124,124,124,124
"miners_paid_hotkeys_30d","miner_scale",124,79,81,128,128,128,104,104,104,104,104,104,104,104,104,104,104,104,104,104,104,104,104,104,104,104,104,104,126,126,126,126,126,126,32,32,23,32,128,128,128,128,128,128,128,128,128,128,128,54,128,128,128,128,128,128,92,92,92,92,128,128,31,105,105,128,128,128,128,105,99,105,105,124,124,124,124,125,128,128,128,128,128,128,124,128,128,128,124,128,128,128,128,128,128,128,128,128,128,124,128,128,128,128,128,128,125,128,125,104,104,104,104,104,128,128,128,128,92,92,124,124,124,102,102,121,121,121,121,124,124,124,124,121,124,121,124,124,124,124,124
"uids_immune_share_now","miner_scale",124,79,81,128,128,128,104,104,104,104,104,104,104,104,104,104,104,104,104,104,104,104,104,104,104,104,104,104,126,126,126,126,126,126,32,32,23,32,128,128,128,128,128,128,128,128,128,128,128,54,128,128,128,128,128,128,92,92,92,92,128,128,31,105,105,128,128,128,128,105,99,105,105,124,124,124,124,125,128,128,128,128,128,128,124,128,128,128,124,128,128,128,128,128,128,128,128,128,128,124,128,128,128,128,128,128,125,128,125,104,104,104,104,104,128,128,128,128,92,92,124,124,124,102,102,121,121,121,121,124,124,124,124,121,124,121,124,124,124,124,124
"uids_registered_now","miner_scale",124,79,81,128,128,128,104,104,104,104,104,104,104,104,104,104,104,104,104,104,104,104,104,104,104,104,104,104,126,126,126,126,126,126,32,32,23,32,128,128,128,128,128,128,128,128,128,128,128,54,128,128,128,128,128,128,92,92,92,92,128,128,31,105,105,128,128,128,128,105,99,105,105,124,124,124,124,125,128,128,128,128,128,128,124,128,128,128,124,128,128,128,128,128,128,128,128,128,128,124,128,128,128,128,128,128,125,128,125,104,104,104,104,104,128,128,128,128,92,92,124,124,124,102,102,121,121,121,121,124,124,124,124,121,124,121,124,124,124,124,124
"miner_hhi_coldkey_30d","miner_concentration",105,64,65,105,105,105,94,94,94,94,94,94,94,94,94,94,94,94,94,94,94,94,94,94,94,94,94,94,103,103,103,103,103,103,26,26,21,26,105,105,105,105,105,105,105,105,105,105,105,51,105,105,105,105,105,105,83,83,83,83,105,105,31,105,105,105,105,105,105,105,99,105,105,105,105,105,105,105,105,105,105,105,105,105,105,105,105,105,105,105,105,105,105,105,105,105,105,105,105,103,105,105,105,105,105,105,105,105,105,94,94,94,94,94,105,105,105,105,83,83,103,103,103,96,96,102,102,102,102,103,103,103,103,102,103,102,103,103,103,103,103
"miner_hhi_lineage_best_30d","miner_concentration",99,61,63,99,99,99,90,90,90,90,90,90,90,90,90,90,90,90,90,90,90,90,90,90,90,90,90,90,97,97,97,97,97,97,26,26,21,26,99,99,99,99,99,99,99,99,99,99,99,49,99,99,99,99,99,99,79,79,79,79,99,99,30,99,99,99,99,99,99,99,99,99,99,99,99,99,99,99,99,99,99,99,99,99,99,99,99,99,99,99,99,99,99,99,99,99,99,99,99,98,99,99,99,99,99,99,99,99,99,90,90,90,90,90,99,99,99,99,79,79,98,98,98,92,92,97,97,97,97,98,98,98,98,97,98,97,98,98,98,98,98
"miner_top1_share_30d","miner_concentration",105,64,65,105,105,105,94,94,94,94,94,94,94,94,94,94,94,94,94,94,94,94,94,94,94,94,94,94,103,103,103,103,103,103,26,26,21,26,105,105,105,105,105,105,105,105,105,105,105,51,105,105,105,105,105,105,83,83,83,83,105,105,31,105,105,105,105,105,105,105,99,105,105,105,105,105,105,105,105,105,105,105,105,105,105,105,105,105,105,105,105,105,105,105,105,105,105,105,105,103,105,105,105,105,105,105,105,105,105,94,94,94,94,94,105,105,105,105,83,83,103,103,103,96,96,102,102,102,102,103,103,103,103,102,103,102,103,103,103,103,103
"owner_linked_incentive_share_30d","miner_concentration",105,64,65,105,105,105,94,94,94,94,94,94,94,94,94,94,94,94,94,94,94,94,94,94,94,94,94,94,103,103,103,103,103,103,26,26,21,26,105,105,105,105,105,105,105,105,105,105,105,51,105,105,105,105,105,105,83,83,83,83,105,105,31,105,105,105,105,105,105,105,99,105,105,105,105,105,105,105,105,105,105,105,105,105,105,105,105,105,105,105,105,105,105,105,105,105,105,105,105,103,105,105,105,105,105,105,105,105,105,94,94,94,94,94,105,105,105,105,83,83,103,103,103,96,96,102,102,102,102,103,103,103,103,102,103,102,103,103,103,103,103
"burn_mean_30d","burn",124,79,81,124,124,124,103,103,103,103,103,103,103,103,103,103,103,103,103,103,103,103,103,103,103,103,103,103,122,122,122,122,122,122,31,31,23,31,124,124,124,124,124,124,124,124,124,124,124,54,124,124,124,124,124,124,91,91,91,91,124,124,31,105,105,124,124,124,124,105,99,105,105,124,124,124,124,124,124,124,124,124,124,124,124,124,124,124,124,124,124,124,124,124,124,124,124,124,124,122,124,124,124,124,124,124,124,124,124,103,103,103,103,103,124,124,124,124,91,91,122,122,122,102,102,121,121,121,121,122,122,122,122,121,122,121,122,122,122,122,122
"burn_now","burn",124,79,81,124,124,124,103,103,103,103,103,103,103,103,103,103,103,103,103,103,103,103,103,103,103,103,103,103,122,122,122,122,122,122,31,31,23,31,124,124,124,124,124,124,124,124,124,124,124,54,124,124,124,124,124,124,91,91,91,91,124,124,31,105,105,124,124,124,124,105,99,105,105,124,124,124,124,124,124,124,124,124,124,124,124,124,124,124,124,124,124,124,124,124,124,124,124,124,124,122,124,124,124,124,124,124,124,124,124,103,103,103,103,103,124,124,124,124,91,91,122,122,122,102,102,121,121,121,121,122,122,122,122,121,122,121,122,122,122,122,122
"burn_time_share_ge50_30d","burn",124,79,81,124,124,124,103,103,103,103,103,103,103,103,103,103,103,103,103,103,103,103,103,103,103,103,103,103,122,122,122,122,122,122,31,31,23,31,124,124,124,124,124,124,124,124,124,124,124,54,124,124,124,124,124,124,91,91,91,91,124,124,31,105,105,124,124,124,124,105,99,105,105,124,124,124,124,124,124,124,124,124,124,124,124,124,124,124,124,124,124,124,124,124,124,124,124,124,124,122,124,124,124,124,124,124,124,124,124,103,103,103,103,103,124,124,124,124,91,91,122,122,122,102,102,121,121,121,121,122,122,122,122,121,122,121,122,122,122,122,122
"owner_validator_div_share","validator_dispersion",124,79,81,124,124,124,103,103,103,103,103,103,103,103,103,103,103,103,103,103,103,103,103,103,103,103,103,103,122,122,122,122,122,122,31,31,23,31,124,124,124,124,124,124,124,124,124,124,124,54,124,124,124,124,124,124,91,91,91,91,124,124,31,105,105,124,124,124,124,105,99,105,105,124,124,124,124,124,124,124,124,124,124,124,124,124,124,124,124,124,124,124,124,124,124,124,124,124,124,122,124,124,124,124,124,124,124,124,124,103,103,103,103,103,124,124,124,124,91,91,122,122,122,102,102,121,121,121,121,122,122,122,122,121,122,121,122,122,122,122,122
"stake_share_owner_validator","validator_dispersion",124,79,81,125,125,125,103,103,103,103,103,103,103,103,103,103,103,103,103,103,103,103,103,103,103,103,103,103,123,123,123,123,123,123,31,31,23,31,125,125,125,125,125,125,125,125,125,125,125,54,125,125,125,125,125,125,91,91,91,91,125,125,31,105,105,125,125,125,125,105,99,105,105,124,124,124,124,125,125,125,125,125,125,125,124,125,125,125,124,125,125,125,125,125,125,125,125,125,125,122,125,125,125,125,125,125,125,125,125,103,103,103,103,103,125,125,125,125,91,91,122,122,122,102,102,121,121,121,121,122,122,122,122,121,122,121,122,122,122,122,122
"validator_stake_hhi","validator_dispersion",124,79,81,128,128,128,104,104,104,104,104,104,104,104,104,104,104,104,104,104,104,104,104,104,104,104,104,104,126,126,126,126,126,126,32,32,23,32,128,128,128,128,128,128,128,128,128,128,128,54,128,128,128,128,128,128,92,92,92,92,128,128,31,105,105,128,128,128,128,105,99,105,105,124,124,124,124,125,128,128,128,128,128,128,124,128,128,128,124,128,128,128,128,128,128,128,128,128,128,124,128,128,128,128,128,128,125,128,125,104,104,104,104,104,128,128,128,128,92,92,124,124,124,102,102,121,121,121,121,124,124,124,124,121,124,121,124,124,124,124,124
"validators_n","validator_dispersion",124,79,81,128,128,128,104,104,104,104,104,104,104,104,104,104,104,104,104,104,104,104,104,104,104,104,104,104,126,126,126,126,126,126,32,32,23,32,128,128,128,128,128,128,128,128,128,128,128,54,128,128,128,128,128,128,92,92,92,92,128,128,31,105,105,128,128,128,128,105,99,105,105,124,124,124,124,125,128,128,128,128,128,128,124,128,128,128,124,128,128,128,128,128,128,128,128,128,128,124,128,128,128,128,128,128,125,128,125,104,104,104,104,104,128,128,128,128,92,92,124,124,124,102,102,121,121,121,121,124,124,124,124,121,124,121,124,124,124,124,124
"alpha_burned_share","owner_commitment",124,79,81,128,128,128,104,104,104,104,104,104,104,104,104,104,104,104,104,104,104,104,104,104,104,104,104,104,126,126,126,126,126,126,32,32,23,32,128,128,128,128,128,128,128,128,128,128,128,54,128,128,128,128,128,128,92,92,92,92,128,128,31,105,105,128,128,128,128,105,99,105,105,124,124,124,124,125,128,128,128,128,128,128,124,128,128,128,124,128,128,128,128,128,128,128,128,128,128,124,128,128,128,128,128,128,125,128,125,104,104,104,104,104,128,128,128,128,92,92,124,124,124,102,102,121,121,121,121,124,124,124,124,121,124,121,124,124,124,124,124
"owner_alpha_share_issued","owner_commitment",124,79,81,128,128,128,104,104,104,104,104,104,104,104,104,104,104,104,104,104,104,104,104,104,104,104,104,104,126,126,126,126,126,126,32,32,23,32,128,128,128,128,128,128,128,128,128,128,128,54,128,128,128,128,128,128,92,92,92,92,128,128,31,105,105,128,128,128,128,105,99,105,105,124,124,124,124,125,128,128,128,128,128,128,124,128,128,128,124,128,128,128,128,128,128,128,128,128,128,124,128,128,128,128,128,128,125,128,125,104,104,104,104,104,128,128,128,128,92,92,124,124,124,102,102,121,121,121,121,124,124,124,124,121,124,121,124,124,124,124,124
"owner_cut_autolock","owner_commitment",124,79,81,128,128,128,104,104,104,104,104,104,104,104,104,104,104,104,104,104,104,104,104,104,104,104,104,104,126,126,126,126,126,126,32,32,23,32,128,128,128,128,128,128,128,128,128,128,128,54,128,128,128,128,128,128,92,92,92,92,128,128,31,105,105,128,128,128,128,105,99,105,105,124,124,124,124,125,128,128,128,128,128,128,124,128,128,128,124,128,128,128,128,128,128,128,128,128,128,124,128,128,128,128,128,128,125,128,125,104,104,104,104,104,128,128,128,128,92,92,124,124,124,102,102,121,121,121,121,124,124,124,124,121,124,121,124,124,124,124,124
"owner_lock_perpetual","owner_commitment",124,79,81,128,128,128,104,104,104,104,104,104,104,104,104,104,104,104,104,104,104,104,104,104,104,104,104,104,126,126,126,126,126,126,32,32,23,32,128,128,128,128,128,128,128,128,128,128,128,54,128,128,128,128,128,128,92,92,92,92,128,128,31,105,105,128,128,128,128,105,99,105,105,124,124,124,124,125,128,128,128,128,128,128,124,128,128,128,124,128,128,128,128,128,128,128,128,128,128,124,128,128,128,128,128,128,125,128,125,104,104,104,104,104,128,128,128,128,92,92,124,124,124,102,102,121,121,121,121,124,124,124,124,121,124,121,124,124,124,124,124
"owner_lock_share_owner_alpha","owner_commitment",124,79,81,124,124,124,103,103,103,103,103,103,103,103,103,103,103,103,103,103,103,103,103,103,103,103,103,103,122,122,122,122,122,122,31,31,23,31,124,124,124,124,124,124,124,124,124,124,124,54,124,124,124,124,124,124,91,91,91,91,124,124,31,105,105,124,124,124,124,105,99,105,105,124,124,124,124,124,124,124,124,124,124,124,124,124,124,124,124,124,124,124,124,124,124,124,124,124,124,122,124,124,124,124,124,124,124,124,124,103,103,103,103,103,124,124,124,124,91,91,122,122,122,102,102,121,121,121,121,122,122,122,122,121,122,121,122,122,122,122,122
"ownerhk_lock_share_issued","owner_commitment",124,79,81,128,128,128,104,104,104,104,104,104,104,104,104,104,104,104,104,104,104,104,104,104,104,104,104,104,126,126,126,126,126,126,32,32,23,32,128,128,128,128,128,128,128,128,128,128,128,54,128,128,128,128,128,128,92,92,92,92,128,128,31,105,105,128,128,128,128,105,99,105,105,124,124,124,124,125,128,128,128,128,128,128,124,128,128,128,124,128,128,128,128,128,128,128,128,128,128,124,128,128,128,128,128,128,125,128,125,104,104,104,104,104,128,128,128,128,92,92,124,124,124,102,102,121,121,121,121,124,124,124,124,121,124,121,124,124,124,124,124
"owner_bought_any_90d","owner_trading",124,79,81,128,128,128,104,104,104,104,104,104,104,104,104,104,104,104,104,104,104,104,104,104,104,104,104,104,126,126,126,126,126,126,32,32,23,32,128,128,128,128,128,128,128,128,128,128,128,54,128,128,128,128,128,128,92,92,92,92,128,128,31,105,105,128,128,128,128,105,99,105,105,124,124,124,124,125,128,128,128,128,128,128,124,128,128,128,124,128,128,128,128,128,128,128,128,128,128,124,128,128,128,128,128,128,125,128,125,104,104,104,104,104,128,128,128,128,92,92,124,124,124,102,102,121,121,121,121,124,124,124,124,121,124,121,124,124,124,124,124
"owner_buy_tao_30d","owner_trading",124,79,81,128,128,128,104,104,104,104,104,104,104,104,104,104,104,104,104,104,104,104,104,104,104,104,104,104,126,126,126,126,126,126,32,32,23,32,128,128,128,128,128,128,128,128,128,128,128,54,128,128,128,128,128,128,92,92,92,92,128,128,31,105,105,128,128,128,128,105,99,105,105,124,124,124,124,125,128,128,128,128,128,128,124,128,128,128,124,128,128,128,128,128,128,128,128,128,128,124,128,128,128,128,128,128,125,128,125,104,104,104,104,104,128,128,128,128,92,92,124,124,124,102,102,121,121,121,121,124,124,124,124,121,124,121,124,124,124,124,124
"owner_cut_sold_ratio_30d","owner_trading",124,79,81,124,124,124,103,103,103,103,103,103,103,103,103,103,103,103,103,103,103,103,103,103,103,103,103,103,122,122,122,122,122,122,31,31,23,31,124,124,124,124,124,124,124,124,124,124,124,54,124,124,124,124,124,124,91,91,91,91,124,124,31,105,105,124,124,124,124,105,99,105,105,124,124,124,124,124,124,124,124,124,124,124,124,124,124,124,124,124,124,124,124,124,124,124,124,124,124,122,124,124,124,124,124,124,124,124,124,103,103,103,103,103,124,124,124,124,91,91,122,122,122,102,102,121,121,121,121,122,122,122,122,121,122,121,122,122,122,122,122
"owner_net_buy_tao_30d","owner_trading",124,79,81,128,128,128,104,104,104,104,104,104,104,104,104,104,104,104,104,104,104,104,104,104,104,104,104,104,126,126,126,126,126,126,32,32,23,32,128,128,128,128,128,128,128,128,128,128,128,54,128,128,128,128,128,128,92,92,92,92,128,128,31,105,105,128,128,128,128,105,99,105,105,124,124,124,124,125,128,128,128,128,128,128,124,128,128,128,124,128,128,128,128,128,128,128,128,128,128,124,128,128,128,128,128,128,125,128,125,104,104,104,104,104,128,128,128,128,92,92,124,124,124,102,102,121,121,121,121,124,124,124,124,121,124,121,124,124,124,124,124
"owner_net_buy_tao_90d","owner_trading",124,79,81,128,128,128,104,104,104,104,104,104,104,104,104,104,104,104,104,104,104,104,104,104,104,104,104,104,126,126,126,126,126,126,32,32,23,32,128,128,128,128,128,128,128,128,128,128,128,54,128,128,128,128,128,128,92,92,92,92,128,128,31,105,105,128,128,128,128,105,99,105,105,124,124,124,124,125,128,128,128,128,128,128,124,128,128,128,124,128,128,128,128,128,128,128,128,128,128,124,128,128,128,128,128,128,125,128,125,104,104,104,104,104,128,128,128,128,92,92,124,124,124,102,102,121,121,121,121,124,124,124,124,121,124,121,124,124,124,124,124
"owner_sell_tao_30d","owner_trading",124,79,81,128,128,128,104,104,104,104,104,104,104,104,104,104,104,104,104,104,104,104,104,104,104,104,104,104,126,126,126,126,126,126,32,32,23,32,128,128,128,128,128,128,128,128,128,128,128,54,128,128,128,128,128,128,92,92,92,92,128,128,31,105,105,128,128,128,128,105,99,105,105,124,124,124,124,125,128,128,128,128,128,128,124,128,128,128,124,128,128,128,128,128,128,128,128,128,128,124,128,128,128,128,128,128,125,128,125,104,104,104,104,104,128,128,128,128,92,92,124,124,124,102,102,121,121,121,121,124,124,124,124,121,124,121,124,124,124,124,124
"basket_alpha_share_issued","baskets",124,79,81,128,128,128,104,104,104,104,104,104,104,104,104,104,104,104,104,104,104,104,104,104,104,104,104,104,126,126,126,126,126,126,32,32,23,32,128,128,128,128,128,128,128,128,128,128,128,54,128,128,128,128,128,128,92,92,92,92,128,128,31,105,105,128,128,128,128,105,99,105,105,124,124,124,124,125,128,128,128,128,128,128,124,128,128,128,124,128,128,128,128,128,128,128,128,128,128,124,128,128,128,128,128,128,125,128,125,104,104,104,104,104,128,128,128,128,92,92,124,124,124,102,102,121,121,121,121,124,124,124,124,121,124,121,124,124,124,124,124
"basket_net_buy_tao_30d","baskets",124,79,81,128,128,128,104,104,104,104,104,104,104,104,104,104,104,104,104,104,104,104,104,104,104,104,104,104,126,126,126,126,126,126,32,32,23,32,128,128,128,128,128,128,128,128,128,128,128,54,128,128,128,128,128,128,92,92,92,92,128,128,31,105,105,128,128,128,128,105,99,105,105,124,124,124,124,125,128,128,128,128,128,128,124,128,128,128,124,128,128,128,128,128,128,128,128,128,128,124,128,128,128,128,128,128,125,128,125,104,104,104,104,104,128,128,128,128,92,92,124,124,124,102,102,121,121,121,121,124,124,124,124,121,124,121,124,124,124,124,124
"baskets_net_buyers_n_30d","baskets",124,79,81,128,128,128,104,104,104,104,104,104,104,104,104,104,104,104,104,104,104,104,104,104,104,104,104,104,126,126,126,126,126,126,32,32,23,32,128,128,128,128,128,128,128,128,128,128,128,54,128,128,128,128,128,128,92,92,92,92,128,128,31,105,105,128,128,128,128,105,99,105,105,124,124,124,124,125,128,128,128,128,128,128,124,128,128,128,124,128,128,128,128,128,128,128,128,128,128,124,128,128,128,128,128,128,125,128,125,104,104,104,104,104,128,128,128,128,92,92,124,124,124,102,102,121,121,121,121,124,124,124,124,121,124,121,124,124,124,124,124
"emission_flag_on_share_30d","emissions",124,79,81,128,128,128,104,104,104,104,104,104,104,104,104,104,104,104,104,104,104,104,104,104,104,104,104,104,126,126,126,126,126,126,32,32,23,32,128,128,128,128,128,128,128,128,128,128,128,54,128,128,128,128,128,128,92,92,92,92,128,128,31,105,105,128,128,128,128,105,99,105,105,124,124,124,124,125,128,128,128,128,128,128,124,128,128,128,124,128,128,128,128,128,128,128,128,128,128,124,128,128,128,128,128,128,125,128,125,104,104,104,104,104,128,128,128,128,92,92,124,124,124,102,102,121,121,121,121,124,124,124,124,121,124,121,124,124,124,124,124
"tao_emission_on_share_30d","emissions",124,79,81,128,128,128,104,104,104,104,104,104,104,104,104,104,104,104,104,104,104,104,104,104,104,104,104,104,126,126,126,126,126,126,32,32,23,32,128,128,128,128,128,128,128,128,128,128,128,54,128,128,128,128,128,128,92,92,92,92,128,128,31,105,105,128,128,128,128,105,99,105,105,124,124,124,124,125,128,128,128,128,128,128,124,128,128,128,124,128,128,128,128,128,128,128,128,128,128,124,128,128,128,128,128,128,125,128,125,104,104,104,104,104,128,128,128,128,92,92,124,124,124,102,102,121,121,121,121,124,124,124,124,121,124,121,124,124,124,124,124
"reg_cost_tao_mean_30d","registrations",124,79,81,128,128,128,104,104,104,104,104,104,104,104,104,104,104,104,104,104,104,104,104,104,104,104,104,104,126,126,126,126,126,126,32,32,23,32,128,128,128,128,128,128,128,128,128,128,128,54,128,128,128,128,128,128,92,92,92,92,128,128,31,105,105,128,128,128,128,105,99,105,105,124,124,124,124,125,128,128,128,128,128,128,124,128,128,128,124,128,128,128,128,128,128,128,128,128,128,124,128,128,128,128,128,128,125,128,125,104,104,104,104,104,128,128,128,128,92,92,124,124,124,102,102,121,121,121,121,124,124,124,124,121,124,121,124,124,124,124,124
"reg_cost_tao_now","registrations",124,79,81,128,128,128,104,104,104,104,104,104,104,104,104,104,104,104,104,104,104,104,104,104,104,104,104,104,126,126,126,126,126,126,32,32,23,32,128,128,128,128,128,128,128,128,128,128,128,54,128,128,128,128,128,128,92,92,92,92,128,128,31,105,105,128,128,128,128,105,99,105,105,124,124,124,124,125,128,128,128,128,128,128,124,128,128,128,124,128,128,128,128,128,128,128,128,128,128,124,128,128,128,128,128,128,125,128,125,104,104,104,104,104,128,128,128,128,92,92,124,124,124,102,102,121,121,121,121,124,124,124,124,121,124,121,124,124,124,124,124
"reg_recycled_tao_30d","registrations",122,79,81,124,124,124,102,102,102,102,102,102,102,102,102,102,102,102,102,102,102,102,102,102,102,102,102,102,122,122,122,122,122,122,31,31,23,31,124,124,124,124,124,124,124,124,124,124,124,54,124,124,124,124,124,124,90,90,90,90,124,124,31,103,103,124,124,124,124,103,98,103,103,122,122,122,122,122,124,124,124,124,124,124,122,124,124,124,122,124,124,124,124,124,124,124,124,124,124,124,124,124,124,124,124,124,122,124,122,102,102,102,102,102,124,124,124,124,90,90,124,124,124,102,102,121,121,121,121,124,124,124,124,121,124,121,124,124,124,124,124
"registrations_30d","registrations",124,79,81,128,128,128,104,104,104,104,104,104,104,104,104,104,104,104,104,104,104,104,104,104,104,104,104,104,126,126,126,126,126,126,32,32,23,32,128,128,128,128,128,128,128,128,128,128,128,54,128,128,128,128,128,128,92,92,92,92,128,128,31,105,105,128,128,128,128,105,99,105,105,124,124,124,124,125,128,128,128,128,128,128,124,128,128,128,124,128,128,128,128,128,128,128,128,128,128,124,128,128,128,128,128,128,125,128,125,104,104,104,104,104,128,128,128,128,92,92,124,124,124,102,102,121,121,121,121,124,124,124,124,121,124,121,124,124,124,124,124
"commit_reveal_on","settings",124,79,81,128,128,128,104,104,104,104,104,104,104,104,104,104,104,104,104,104,104,104,104,104,104,104,104,104,126,126,126,126,126,126,32,32,23,32,128,128,128,128,128,128,128,128,128,128,128,54,128,128,128,128,128,128,92,92,92,92,128,128,31,105,105,128,128,128,128,105,99,105,105,124,124,124,124,125,128,128,128,128,128,128,124,128,128,128,124,128,128,128,128,128,128,128,128,128,128,124,128,128,128,128,128,128,125,128,125,104,104,104,104,104,128,128,128,128,92,92,124,124,124,102,102,121,121,121,121,124,124,124,124,121,124,121,124,124,124,124,124
"liquid_alpha_on","settings",124,79,81,128,128,128,104,104,104,104,104,104,104,104,104,104,104,104,104,104,104,104,104,104,104,104,104,104,126,126,126,126,126,126,32,32,23,32,128,128,128,128,128,128,128,128,128,128,128,54,128,128,128,128,128,128,92,92,92,92,128,128,31,105,105,128,128,128,128,105,99,105,105,124,124,124,124,125,128,128,128,128,128,128,124,128,128,128,124,128,128,128,128,128,128,128,128,128,128,124,128,128,128,128,128,128,125,128,125,104,104,104,104,104,128,128,128,128,92,92,124,124,124,102,102,121,121,121,121,124,124,124,124,121,124,121,124,124,124,124,124
"max_neurons","settings",124,79,81,128,128,128,104,104,104,104,104,104,104,104,104,104,104,104,104,104,104,104,104,104,104,104,104,104,126,126,126,126,126,126,32,32,23,32,128,128,128,128,128,128,128,128,128,128,128,54,128,128,128,128,128,128,92,92,92,92,128,128,31,105,105,128,128,128,128,105,99,105,105,124,124,124,124,125,128,128,128,128,128,128,124,128,128,128,124,128,128,128,128,128,128,128,128,128,128,124,128,128,128,128,128,128,125,128,125,104,104,104,104,104,128,128,128,128,92,92,124,124,124,102,102,121,121,121,121,124,124,124,124,121,124,121,124,124,124,124,124
"mech_count","settings",124,79,81,128,128,128,104,104,104,104,104,104,104,104,104,104,104,104,104,104,104,104,104,104,104,104,104,104,126,126,126,126,126,126,32,32,23,32,128,128,128,128,128,128,128,128,128,128,128,54,128,128,128,128,128,128,92,92,92,92,128,128,31,105,105,128,128,128,128,105,99,105,105,124,124,124,124,125,128,128,128,128,128,128,124,128,128,128,124,128,128,128,128,128,128,128,128,128,128,124,128,128,128,128,128,128,125,128,125,104,104,104,104,104,128,128,128,128,92,92,124,124,124,102,102,121,121,121,121,124,124,124,124,121,124,121,124,124,124,124,124
"yuma3_on","settings",124,79,81,128,128,128,104,104,104,104,104,104,104,104,104,104,104,104,104,104,104,104,104,104,104,104,104,104,126,126,126,126,126,126,32,32,23,32,128,128,128,128,128,128,128,128,128,128,128,54,128,128,128,128,128,128,92,92,92,92,128,128,31,105,105,128,128,128,128,105,99,105,105,124,124,124,124,125,128,128,128,128,128,128,124,128,128,128,124,128,128,128,128,128,128,128,128,128,128,124,128,128,128,128,128,128,125,128,125,104,104,104,104,104,128,128,128,128,92,92,124,124,124,102,102,121,121,121,121,124,124,124,124,121,124,121,124,124,124,124,124
"holders_hhi","holder_dispersion",124,79,81,125,125,125,103,103,103,103,103,103,103,103,103,103,103,103,103,103,103,103,103,103,103,103,103,103,123,123,123,123,123,123,31,31,23,31,125,125,125,125,125,125,125,125,125,125,125,54,125,125,125,125,125,125,91,91,91,91,125,125,31,105,105,125,125,125,125,105,99,105,105,124,124,124,124,125,125,125,125,125,125,125,124,125,125,125,124,125,125,125,125,125,125,125,125,125,125,122,125,125,125,125,125,125,125,125,125,103,103,103,103,103,125,125,125,125,91,91,122,122,122,102,102,121,121,121,121,122,122,122,122,121,122,121,122,122,122,122,122
"holders_positions_n","holder_dispersion",124,79,81,128,128,128,104,104,104,104,104,104,104,104,104,104,104,104,104,104,104,104,104,104,104,104,104,104,126,126,126,126,126,126,32,32,23,32,128,128,128,128,128,128,128,128,128,128,128,54,128,128,128,128,128,128,92,92,92,92,128,128,31,105,105,128,128,128,128,105,99,105,105,124,124,124,124,125,128,128,128,128,128,128,124,128,128,128,124,128,128,128,128,128,128,128,128,128,128,124,128,128,128,128,128,128,125,128,125,104,104,104,104,104,128,128,128,128,92,92,124,124,124,102,102,121,121,121,121,124,124,124,124,121,124,121,124,124,124,124,124
"holders_top10_share","holder_dispersion",124,79,81,125,125,125,103,103,103,103,103,103,103,103,103,103,103,103,103,103,103,103,103,103,103,103,103,103,123,123,123,123,123,123,31,31,23,31,125,125,125,125,125,125,125,125,125,125,125,54,125,125,125,125,125,125,91,91,91,91,125,125,31,105,105,125,125,125,125,105,99,105,105,124,124,124,124,125,125,125,125,125,125,125,124,125,125,125,124,125,125,125,125,125,125,125,125,125,125,122,125,125,125,125,125,125,125,125,125,103,103,103,103,103,125,125,125,125,91,91,122,122,122,102,102,121,121,121,121,122,122,122,122,121,122,121,122,122,122,122,122
"gh_active_days_lag30_org","development_lag",103,64,66,104,104,104,104,104,104,104,104,104,104,104,104,104,104,104,104,104,104,104,104,104,104,104,104,104,102,102,102,102,102,102,29,29,21,29,104,104,104,104,104,104,104,104,104,104,104,53,104,104,104,104,104,104,89,89,89,89,104,104,30,94,94,104,104,104,104,94,90,94,94,103,103,103,103,103,104,104,104,104,104,104,103,104,104,104,103,104,104,104,104,104,104,104,104,104,104,102,104,104,104,104,104,104,103,104,103,104,104,104,104,104,104,104,104,104,89,89,102,102,102,91,91,101,101,101,101,102,102,102,102,101,102,101,102,102,102,102,102
"gh_authors_lag30_org","development_lag",103,64,66,104,104,104,104,104,104,104,104,104,104,104,104,104,104,104,104,104,104,104,104,104,104,104,104,104,102,102,102,102,102,102,29,29,21,29,104,104,104,104,104,104,104,104,104,104,104,53,104,104,104,104,104,104,89,89,89,89,104,104,30,94,94,104,104,104,104,94,90,94,94,103,103,103,103,103,104,104,104,104,104,104,103,104,104,104,103,104,104,104,104,104,104,104,104,104,104,102,104,104,104,104,104,104,103,104,103,104,104,104,104,104,104,104,104,104,89,89,102,102,102,91,91,101,101,101,101,102,102,102,102,101,102,101,102,102,102,102,102
"gh_commits_lag30_org","development_lag",103,64,66,104,104,104,104,104,104,104,104,104,104,104,104,104,104,104,104,104,104,104,104,104,104,104,104,104,102,102,102,102,102,102,29,29,21,29,104,104,104,104,104,104,104,104,104,104,104,53,104,104,104,104,104,104,89,89,89,89,104,104,30,94,94,104,104,104,104,94,90,94,94,103,103,103,103,103,104,104,104,104,104,104,103,104,104,104,103,104,104,104,104,104,104,104,104,104,104,102,104,104,104,104,104,104,103,104,103,104,104,104,104,104,104,104,104,104,89,89,102,102,102,91,91,101,101,101,101,102,102,102,102,101,102,101,102,102,102,102,102
"gh_commits_lag30_repo","development_lag",103,64,66,104,104,104,104,104,104,104,104,104,104,104,104,104,104,104,104,104,104,104,104,104,104,104,104,104,102,102,102,102,102,102,29,29,21,29,104,104,104,104,104,104,104,104,104,104,104,53,104,104,104,104,104,104,89,89,89,89,104,104,30,94,94,104,104,104,104,94,90,94,94,103,103,103,103,103,104,104,104,104,104,104,103,104,104,104,103,104,104,104,104,104,104,104,104,104,104,102,104,104,104,104,104,104,103,104,103,104,104,104,104,104,104,104,104,104,89,89,102,102,102,91,91,101,101,101,101,102,102,102,102,101,102,101,102,102,102,102,102
"gh_prs_merged_lag30_org","development_lag",103,64,66,104,104,104,104,104,104,104,104,104,104,104,104,104,104,104,104,104,104,104,104,104,104,104,104,104,102,102,102,102,102,102,29,29,21,29,104,104,104,104,104,104,104,104,104,104,104,53,104,104,104,104,104,104,89,89,89,89,104,104,30,94,94,104,104,104,104,94,90,94,94,103,103,103,103,103,104,104,104,104,104,104,103,104,104,104,103,104,104,104,104,104,104,104,104,104,104,102,104,104,104,104,104,104,103,104,103,104,104,104,104,104,104,104,104,104,89,89,102,102,102,91,91,101,101,101,101,102,102,102,102,101,102,101,102,102,102,102,102
"kol_neg_posts_lag30","attention_lag",124,79,81,128,128,128,104,104,104,104,104,104,104,104,104,104,104,104,104,104,104,104,104,104,104,104,104,104,126,126,126,126,126,126,32,32,23,32,128,128,128,128,128,128,128,128,128,128,128,54,128,128,128,128,128,128,92,92,92,92,128,128,31,105,105,128,128,128,128,105,99,105,105,124,124,124,124,125,128,128,128,128,128,128,124,128,128,128,124,128,128,128,128,128,128,128,128,128,128,124,128,128,128,128,128,128,125,128,125,104,104,104,104,104,128,128,128,128,92,92,124,124,124,102,102,121,121,121,121,124,124,124,124,121,124,121,124,124,124,124,124
"kol_pos_posts_lag30","attention_lag",124,79,81,128,128,128,104,104,104,104,104,104,104,104,104,104,104,104,104,104,104,104,104,104,104,104,104,104,126,126,126,126,126,126,32,32,23,32,128,128,128,128,128,128,128,128,128,128,128,54,128,128,128,128,128,128,92,92,92,92,128,128,31,105,105,128,128,128,128,105,99,105,105,124,124,124,124,125,128,128,128,128,128,128,124,128,128,128,124,128,128,128,128,128,128,128,128,128,128,124,128,128,128,128,128,128,125,128,125,104,104,104,104,104,128,128,128,128,92,92,124,124,124,102,102,121,121,121,121,124,124,124,124,121,124,121,124,124,124,124,124
"kol_posts_lag30","attention_lag",124,79,81,128,128,128,104,104,104,104,104,104,104,104,104,104,104,104,104,104,104,104,104,104,104,104,104,104,126,126,126,126,126,126,32,32,23,32,128,128,128,128,128,128,128,128,128,128,128,54,128,128,128,128,128,128,92,92,92,92,128,128,31,105,105,128,128,128,128,105,99,105,105,124,124,124,124,125,128,128,128,128,128,128,124,128,128,128,124,128,128,128,128,128,128,128,128,128,128,124,128,128,128,128,128,128,125,128,125,104,104,104,104,104,128,128,128,128,92,92,124,124,124,102,102,121,121,121,121,124,124,124,124,121,124,121,124,124,124,124,124
"podcast_episodes_12m_lag30","attention_lag",124,79,81,128,128,128,104,104,104,104,104,104,104,104,104,104,104,104,104,104,104,104,104,104,104,104,104,104,126,126,126,126,126,126,32,32,23,32,128,128,128,128,128,128,128,128,128,128,128,54,128,128,128,128,128,128,92,92,92,92,128,128,31,105,105,128,128,128,128,105,99,105,105,124,124,124,124,125,128,128,128,128,128,128,124,128,128,128,124,128,128,128,128,128,128,128,128,128,128,124,128,128,128,128,128,128,125,128,125,104,104,104,104,104,128,128,128,128,92,92,124,124,124,102,102,121,121,121,121,124,124,124,124,121,124,121,124,124,124,124,124
"x_posts_lag30","x_reach_lag",91,56,58,92,92,92,89,89,89,89,89,89,89,89,89,89,89,89,89,89,89,89,89,89,89,89,89,89,90,90,90,90,90,90,29,29,20,29,92,92,92,92,92,92,92,92,92,92,92,48,92,92,92,92,92,92,92,92,92,92,92,92,23,83,83,92,92,92,92,83,79,83,83,91,91,91,91,91,92,92,92,92,92,92,91,92,92,92,91,92,92,92,92,92,92,92,92,92,92,90,92,92,92,92,92,92,91,92,91,89,89,89,89,89,92,92,92,92,92,92,90,90,90,79,79,89,89,89,89,90,90,90,90,89,90,89,90,90,90,90,90
"x_posts_original_lag30","x_reach_lag",91,56,58,92,92,92,89,89,89,89,89,89,89,89,89,89,89,89,89,89,89,89,89,89,89,89,89,89,90,90,90,90,90,90,29,29,20,29,92,92,92,92,92,92,92,92,92,92,92,48,92,92,92,92,92,92,92,92,92,92,92,92,23,83,83,92,92,92,92,83,79,83,83,91,91,91,91,91,92,92,92,92,92,92,91,92,92,92,91,92,92,92,92,92,92,92,92,92,92,90,92,92,92,92,92,92,91,92,91,89,89,89,89,89,92,92,92,92,92,92,90,90,90,79,79,89,89,89,89,90,90,90,90,89,90,89,90,90,90,90,90
"miner_paid_days_lag30","miner_scale_lag",122,79,81,124,124,124,102,102,102,102,102,102,102,102,102,102,102,102,102,102,102,102,102,102,102,102,102,102,122,122,122,122,122,122,31,31,23,31,124,124,124,124,124,124,124,124,124,124,124,54,124,124,124,124,124,124,90,90,90,90,124,124,31,103,103,124,124,124,124,103,98,103,103,122,122,122,122,122,124,124,124,124,124,124,122,124,124,124,122,124,124,124,124,124,124,124,124,124,124,124,124,124,124,124,124,124,122,124,122,102,102,102,102,102,124,124,124,124,90,90,124,124,124,102,102,121,121,121,121,124,124,124,124,121,124,121,124,124,124,124,124
"miners_paid_coldkeys_lag30","miner_scale_lag",122,79,81,124,124,124,102,102,102,102,102,102,102,102,102,102,102,102,102,102,102,102,102,102,102,102,102,102,122,122,122,122,122,122,31,31,23,31,124,124,124,124,124,124,124,124,124,124,124,54,124,124,124,124,124,124,90,90,90,90,124,124,31,103,103,124,124,124,124,103,98,103,103,122,122,122,122,122,124,124,124,124,124,124,122,124,124,124,122,124,124,124,124,124,124,124,124,124,124,124,124,124,124,124,124,124,122,124,122,102,102,102,102,102,124,124,124,124,90,90,124,124,124,102,102,121,121,121,121,124,124,124,124,121,124,121,124,124,124,124,124
"miners_paid_hotkeys_lag30","miner_scale_lag",122,79,81,124,124,124,102,102,102,102,102,102,102,102,102,102,102,102,102,102,102,102,102,102,102,102,102,102,122,122,122,122,122,122,31,31,23,31,124,124,124,124,124,124,124,124,124,124,124,54,124,124,124,124,124,124,90,90,90,90,124,124,31,103,103,124,124,124,124,103,98,103,103,122,122,122,122,122,124,124,124,124,124,124,122,124,124,124,122,124,124,124,124,124,124,124,124,124,124,124,124,124,124,124,124,124,122,124,122,102,102,102,102,102,124,124,124,124,90,90,124,124,124,102,102,121,121,121,121,124,124,124,124,121,124,121,124,124,124,124,124
"miner_hhi_coldkey_lag30","miner_concentration_lag",102,66,67,102,102,102,91,91,91,91,91,91,91,91,91,91,91,91,91,91,91,91,91,91,91,91,91,91,100,100,100,100,100,100,26,26,20,26,102,102,102,102,102,102,102,102,102,102,102,52,102,102,102,102,102,102,79,79,79,79,102,102,29,96,96,102,102,102,102,96,92,96,96,102,102,102,102,102,102,102,102,102,102,102,102,102,102,102,102,102,102,102,102,102,102,102,102,102,102,102,102,102,102,102,102,102,102,102,102,91,91,91,91,91,102,102,102,102,79,79,102,102,102,102,102,102,102,102,102,102,102,102,102,102,102,102,102,102,102,102,102
"miner_top1_share_lag30","miner_concentration_lag",102,66,67,102,102,102,91,91,91,91,91,91,91,91,91,91,91,91,91,91,91,91,91,91,91,91,91,91,100,100,100,100,100,100,26,26,20,26,102,102,102,102,102,102,102,102,102,102,102,52,102,102,102,102,102,102,79,79,79,79,102,102,29,96,96,102,102,102,102,96,92,96,96,102,102,102,102,102,102,102,102,102,102,102,102,102,102,102,102,102,102,102,102,102,102,102,102,102,102,102,102,102,102,102,102,102,102,102,102,91,91,91,91,91,102,102,102,102,79,79,102,102,102,102,102,102,102,102,102,102,102,102,102,102,102,102,102,102,102,102,102
"burn_mean_lag30","burn_lag",121,79,81,121,121,121,101,101,101,101,101,101,101,101,101,101,101,101,101,101,101,101,101,101,101,101,101,101,119,119,119,119,119,119,30,30,22,30,121,121,121,121,121,121,121,121,121,121,121,54,121,121,121,121,121,121,89,89,89,89,121,121,31,102,102,121,121,121,121,102,97,102,102,121,121,121,121,121,121,121,121,121,121,121,121,121,121,121,121,121,121,121,121,121,121,121,121,121,121,121,121,121,121,121,121,121,121,121,121,101,101,101,101,101,121,121,121,121,89,89,121,121,121,102,102,121,121,121,121,121,121,121,121,121,121,121,121,121,121,121,121
"burn_time_share_ge50_lag30","burn_lag",121,79,81,121,121,121,101,101,101,101,101,101,101,101,101,101,101,101,101,101,101,101,101,101,101,101,101,101,119,119,119,119,119,119,30,30,22,30,121,121,121,121,121,121,121,121,121,121,121,54,121,121,121,121,121,121,89,89,89,89,121,121,31,102,102,121,121,121,121,102,97,102,102,121,121,121,121,121,121,121,121,121,121,121,121,121,121,121,121,121,121,121,121,121,121,121,121,121,121,121,121,121,121,121,121,121,121,121,121,101,101,101,101,101,121,121,121,121,89,89,121,121,121,102,102,121,121,121,121,121,121,121,121,121,121,121,121,121,121,121,121
"owner_validator_div_share_lag30","validator_dispersion_lag",121,79,81,121,121,121,101,101,101,101,101,101,101,101,101,101,101,101,101,101,101,101,101,101,101,101,101,101,119,119,119,119,119,119,30,30,22,30,121,121,121,121,121,121,121,121,121,121,121,54,121,121,121,121,121,121,89,89,89,89,121,121,31,102,102,121,121,121,121,102,97,102,102,121,121,121,121,121,121,121,121,121,121,121,121,121,121,121,121,121,121,121,121,121,121,121,121,121,121,121,121,121,121,121,121,121,121,121,121,101,101,101,101,101,121,121,121,121,89,89,121,121,121,102,102,121,121,121,121,121,121,121,121,121,121,121,121,121,121,121,121
"stake_share_owner_validator_lag30","validator_dispersion_lag",121,79,81,121,121,121,101,101,101,101,101,101,101,101,101,101,101,101,101,101,101,101,101,101,101,101,101,101,119,119,119,119,119,119,30,30,22,30,121,121,121,121,121,121,121,121,121,121,121,54,121,121,121,121,121,121,89,89,89,89,121,121,31,102,102,121,121,121,121,102,97,102,102,121,121,121,121,121,121,121,121,121,121,121,121,121,121,121,121,121,121,121,121,121,121,121,121,121,121,121,121,121,121,121,121,121,121,121,121,101,101,101,101,101,121,121,121,121,89,89,121,121,121,102,102,121,121,121,121,121,121,121,121,121,121,121,121,121,121,121,121
"validator_stake_hhi_lag30","validator_dispersion_lag",122,79,81,124,124,124,102,102,102,102,102,102,102,102,102,102,102,102,102,102,102,102,102,102,102,102,102,102,122,122,122,122,122,122,31,31,23,31,124,124,124,124,124,124,124,124,124,124,124,54,124,124,124,124,124,124,90,90,90,90,124,124,31,103,103,124,124,124,124,103,98,103,103,122,122,122,122,122,124,124,124,124,124,124,122,124,124,124,122,124,124,124,124,124,124,124,124,124,124,124,124,124,124,124,124,124,122,124,122,102,102,102,102,102,124,124,124,124,90,90,124,124,124,102,102,121,121,121,121,124,124,124,124,121,124,121,124,124,124,124,124
"validators_n_lag30","validator_dispersion_lag",122,79,81,124,124,124,102,102,102,102,102,102,102,102,102,102,102,102,102,102,102,102,102,102,102,102,102,102,122,122,122,122,122,122,31,31,23,31,124,124,124,124,124,124,124,124,124,124,124,54,124,124,124,124,124,124,90,90,90,90,124,124,31,103,103,124,124,124,124,103,98,103,103,122,122,122,122,122,124,124,124,124,124,124,122,124,124,124,122,124,124,124,124,124,124,124,124,124,124,124,124,124,124,124,124,124,122,124,122,102,102,102,102,102,124,124,124,124,90,90,124,124,124,102,102,121,121,121,121,124,124,124,124,121,124,121,124,124,124,124,124
"alpha_burned_share_lag30","owner_commitment_lag",122,79,81,124,124,124,102,102,102,102,102,102,102,102,102,102,102,102,102,102,102,102,102,102,102,102,102,102,122,122,122,122,122,122,31,31,23,31,124,124,124,124,124,124,124,124,124,124,124,54,124,124,124,124,124,124,90,90,90,90,124,124,31,103,103,124,124,124,124,103,98,103,103,122,122,122,122,122,124,124,124,124,124,124,122,124,124,124,122,124,124,124,124,124,124,124,124,124,124,124,124,124,124,124,124,124,122,124,122,102,102,102,102,102,124,124,124,124,90,90,124,124,124,102,102,121,121,121,121,124,124,124,124,121,124,121,124,124,124,124,124
"owner_alpha_share_issued_lag30","owner_commitment_lag",122,79,81,124,124,124,102,102,102,102,102,102,102,102,102,102,102,102,102,102,102,102,102,102,102,102,102,102,122,122,122,122,122,122,31,31,23,31,124,124,124,124,124,124,124,124,124,124,124,54,124,124,124,124,124,124,90,90,90,90,124,124,31,103,103,124,124,124,124,103,98,103,103,122,122,122,122,122,124,124,124,124,124,124,122,124,124,124,122,124,124,124,124,124,124,124,124,124,124,124,124,124,124,124,124,124,122,124,122,102,102,102,102,102,124,124,124,124,90,90,124,124,124,102,102,121,121,121,121,124,124,124,124,121,124,121,124,124,124,124,124
"owner_lock_share_owner_alpha_lag30","owner_commitment_lag",121,79,81,121,121,121,101,101,101,101,101,101,101,101,101,101,101,101,101,101,101,101,101,101,101,101,101,101,119,119,119,119,119,119,30,30,22,30,121,121,121,121,121,121,121,121,121,121,121,54,121,121,121,121,121,121,89,89,89,89,121,121,31,102,102,121,121,121,121,102,97,102,102,121,121,121,121,121,121,121,121,121,121,121,121,121,121,121,121,121,121,121,121,121,121,121,121,121,121,121,121,121,121,121,121,121,121,121,121,101,101,101,101,101,121,121,121,121,89,89,121,121,121,102,102,121,121,121,121,121,121,121,121,121,121,121,121,121,121,121,121
"ownerhk_lock_share_issued_lag30","owner_commitment_lag",122,79,81,124,124,124,102,102,102,102,102,102,102,102,102,102,102,102,102,102,102,102,102,102,102,102,102,102,122,122,122,122,122,122,31,31,23,31,124,124,124,124,124,124,124,124,124,124,124,54,124,124,124,124,124,124,90,90,90,90,124,124,31,103,103,124,124,124,124,103,98,103,103,122,122,122,122,122,124,124,124,124,124,124,122,124,124,124,122,124,124,124,124,124,124,124,124,124,124,124,124,124,124,124,124,124,122,124,122,102,102,102,102,102,124,124,124,124,90,90,124,124,124,102,102,121,121,121,121,124,124,124,124,121,124,121,124,124,124,124,124
"owner_cut_sold_ratio_lag30","owner_trading_lag",121,79,81,121,121,121,101,101,101,101,101,101,101,101,101,101,101,101,101,101,101,101,101,101,101,101,101,101,119,119,119,119,119,119,30,30,22,30,121,121,121,121,121,121,121,121,121,121,121,54,121,121,121,121,121,121,89,89,89,89,121,121,31,102,102,121,121,121,121,102,97,102,102,121,121,121,121,121,121,121,121,121,121,121,121,121,121,121,121,121,121,121,121,121,121,121,121,121,121,121,121,121,121,121,121,121,121,121,121,101,101,101,101,101,121,121,121,121,89,89,121,121,121,102,102,121,121,121,121,121,121,121,121,121,121,121,121,121,121,121,121
"owner_net_buy_tao_lag30","owner_trading_lag",122,79,81,124,124,124,102,102,102,102,102,102,102,102,102,102,102,102,102,102,102,102,102,102,102,102,102,102,122,122,122,122,122,122,31,31,23,31,124,124,124,124,124,124,124,124,124,124,124,54,124,124,124,124,124,124,90,90,90,90,124,124,31,103,103,124,124,124,124,103,98,103,103,122,122,122,122,122,124,124,124,124,124,124,122,124,124,124,122,124,124,124,124,124,124,124,124,124,124,124,124,124,124,124,124,124,122,124,122,102,102,102,102,102,124,124,124,124,90,90,124,124,124,102,102,121,121,121,121,124,124,124,124,121,124,121,124,124,124,124,124
"emission_flag_on_share_lag30","emissions_lag",122,79,81,124,124,124,102,102,102,102,102,102,102,102,102,102,102,102,102,102,102,102,102,102,102,102,102,102,122,122,122,122,122,122,31,31,23,31,124,124,124,124,124,124,124,124,124,124,124,54,124,124,124,124,124,124,90,90,90,90,124,124,31,103,103,124,124,124,124,103,98,103,103,122,122,122,122,122,124,124,124,124,124,124,122,124,124,124,122,124,124,124,124,124,124,124,124,124,124,124,124,124,124,124,124,124,122,124,122,102,102,102,102,102,124,124,124,124,90,90,124,124,124,102,102,121,121,121,121,124,124,124,124,121,124,121,124,124,124,124,124
"tao_emission_on_share_lag30","emissions_lag",122,79,81,124,124,124,102,102,102,102,102,102,102,102,102,102,102,102,102,102,102,102,102,102,102,102,102,102,122,122,122,122,122,122,31,31,23,31,124,124,124,124,124,124,124,124,124,124,124,54,124,124,124,124,124,124,90,90,90,90,124,124,31,103,103,124,124,124,124,103,98,103,103,122,122,122,122,122,124,124,124,124,124,124,122,124,124,124,122,124,124,124,124,124,124,124,124,124,124,124,124,124,124,124,124,124,122,124,122,102,102,102,102,102,124,124,124,124,90,90,124,124,124,102,102,121,121,121,121,124,124,124,124,121,124,121,124,124,124,124,124
"reg_cost_tao_mean_lag30","registrations_lag",122,79,81,124,124,124,102,102,102,102,102,102,102,102,102,102,102,102,102,102,102,102,102,102,102,102,102,102,122,122,122,122,122,122,31,31,23,31,124,124,124,124,124,124,124,124,124,124,124,54,124,124,124,124,124,124,90,90,90,90,124,124,31,103,103,124,124,124,124,103,98,103,103,122,122,122,122,122,124,124,124,124,124,124,122,124,124,124,122,124,124,124,124,124,124,124,124,124,124,124,124,124,124,124,124,124,122,124,122,102,102,102,102,102,124,124,124,124,90,90,124,124,124,102,102,121,121,121,121,124,124,124,124,121,124,121,124,124,124,124,124
"registrations_lag30","registrations_lag",122,79,81,124,124,124,102,102,102,102,102,102,102,102,102,102,102,102,102,102,102,102,102,102,102,102,102,102,122,122,122,122,122,122,31,31,23,31,124,124,124,124,124,124,124,124,124,124,124,54,124,124,124,124,124,124,90,90,90,90,124,124,31,103,103,124,124,124,124,103,98,103,103,122,122,122,122,122,124,124,124,124,124,124,122,124,124,124,122,124,124,124,124,124,124,124,124,124,124,124,124,124,124,124,124,124,122,124,122,102,102,102,102,102,124,124,124,124,90,90,124,124,124,102,102,121,121,121,121,124,124,124,124,121,124,121,124,124,124,124,124
