"variable_1","variable_2","block_1","block_2","spearman","pearson","n"
"owner_cut_sold_ratio_30d","owner_sell_tao_30d","owner_trading","owner_trading",0.998,0.855,124
"podcast_episodes_12m","podcast_shows_12m","attention","attention",0.995,0.988,128
"miner_hhi_coldkey_lag30","miner_top1_share_lag30","miner_concentration_lag","miner_concentration_lag",0.985,0.985,102
"exploit26_presented","exploit26_sessions_n","attention","attention",0.984,0.947,128
"miner_hhi_coldkey_30d","miner_top1_share_30d","miner_concentration","miner_concentration",0.982,0.983,105
"alpha_burned_share","alpha_burned_share_lag30","owner_commitment","owner_commitment_lag",0.982,0.981,124
"gh_active_days_lag30_org","gh_commits_lag30_org","development_lag","development_lag",0.978,0.961,104
"kol_accounts_90d","kol_posts_90d","attention","attention",0.972,0.957,128
"owner_lock_share_owner_alpha","owner_lock_share_owner_alpha_lag30","owner_commitment","owner_commitment_lag",0.962,0.932,121
"miners_lineage_clusters_best_30d","miners_lineage_clusters_ub_30d","miner_scale","miner_scale",0.96,0.952,105
"gh_active_days_30d_org","gh_commits_30d_org","development","development",0.959,0.941,104
"miners_paid_coldkeys_lag30","miners_paid_hotkeys_lag30","miner_scale_lag","miner_scale_lag",0.958,0.951,124
"burn_mean_30d","burn_time_share_ge50_30d","burn","burn",0.948,0.972,124
"burn_mean_lag30","burn_time_share_ge50_lag30","burn_lag","burn_lag",0.947,0.968,121
"miners_paid_coldkeys_30d","miners_paid_hotkeys_30d","miner_scale","miner_scale",0.946,0.94,128
"reg_cost_tao_mean_30d","reg_cost_tao_now","registrations","registrations",0.939,0.939,128
"ownerhk_lock_share_issued","ownerhk_lock_share_issued_lag30","owner_commitment","owner_commitment_lag",0.937,0.878,124
"podcast_episodes_12m","podcast_episodes_12m_lag30","attention","attention_lag",0.934,0.936,128
"days_since_first_emission","days_since_registration","age","age",0.93,0.968,124
"x_posts_30d","x_posts_original_30d","x_reach","x_reach",0.927,0.948,92
"podcast_shows_12m","podcast_episodes_12m_lag30","attention","attention_lag",0.926,0.917,128
"x_posts_lag30","x_posts_original_lag30","x_reach_lag","x_reach_lag",0.912,0.93,92
"miners_distinct_ips_30d","miners_lineage_clusters_best_30d","miner_scale","miner_scale",0.909,0.901,31
"owner_validator_div_share","owner_validator_div_share_lag30","validator_dispersion","validator_dispersion_lag",0.908,0.885,121
"gh_forks_repo","gh_stars_repo","dev_popularity","dev_popularity",0.903,0.88,104
"owner_alpha_share_issued","owner_alpha_share_issued_lag30","owner_commitment","owner_commitment_lag",0.902,0.923,124
"miners_paid_hotkeys_30d","miners_paid_hotkeys_lag30","miner_scale","miner_scale_lag",0.901,0.904,124
"holders_hhi","holders_top10_share","holder_dispersion","holder_dispersion",0.892,0.762,125
"reg_cost_tao_mean_30d","reg_cost_tao_mean_lag30","registrations","registrations_lag",0.891,0.888,124
"kol_pos_posts_90d","kol_posts_90d","attention","attention",0.886,0.908,128
"miners_lineage_clusters_ub_30d","miners_paid_coldkeys_30d","miner_scale","miner_scale",0.884,0.88,105
"miners_paid_coldkeys_30d","miners_paid_coldkeys_lag30","miner_scale","miner_scale_lag",0.881,0.875,124
"stake_share_owner_validator","stake_share_owner_validator_lag30","validator_dispersion","validator_dispersion_lag",0.878,0.883,121
"gh_authors_30d_org","gh_authors_90d_org","development","development",0.871,0.873,104
"miners_lineage_clusters_ub_30d","miner_hhi_coldkey_30d","miner_scale","miner_concentration",-0.866,-0.81,105
"gh_active_days_lag30_org","gh_commits_lag30_repo","development_lag","development_lag",0.863,0.84,104
"miner_paid_days_30d","tao_emission_on_share_30d","miner_scale","emissions",0.862,0.853,128
"gh_authors_90d_org","gh_authors_lag30_org","development","development_lag",0.86,0.87,104
"validator_stake_hhi","validator_stake_hhi_lag30","validator_dispersion","validator_dispersion_lag",0.86,0.884,124
"emission_flag_on_share_lag30","tao_emission_on_share_lag30","emissions_lag","emissions_lag",0.859,0.89,124
"miners_active_now","miners_paid_hotkeys_30d","miner_scale","miner_scale",0.858,0.861,128
"emission_flag_on_share_30d","emission_flag_on_share_lag30","emissions","emissions_lag",0.858,0.727,124
"miners_active_now","miners_paid_coldkeys_30d","miner_scale","miner_scale",0.856,0.832,128
"owner_cut_sold_ratio_lag30","owner_net_buy_tao_lag30","owner_trading_lag","owner_trading_lag",-0.856,-0.698,121
"days_since_identity_change","project_age_days","age","age",0.853,0.893,79
"miners_distinct_ips_30d","miners_paid_coldkeys_30d","miner_scale","miner_scale",0.853,0.862,31
"miners_paid_hotkeys_30d","miners_paid_coldkeys_lag30","miner_scale","miner_scale_lag",0.852,0.85,124
"miners_paid_coldkeys_30d","miners_paid_hotkeys_lag30","miner_scale","miner_scale_lag",0.852,0.837,124
"gh_authors_lag30_org","gh_commits_lag30_org","development_lag","development_lag",0.851,0.816,104
"kol_pos_posts_30d","kol_posts_30d","attention","attention",0.85,0.916,128
"miners_lineage_clusters_best_30d","miners_paid_coldkeys_30d","miner_scale","miner_scale",0.847,0.839,105
"days_since_first_emission","basket_alpha_share_issued","age","baskets",-0.846,-0.914,124
"gh_commits_lag30_org","gh_commits_lag30_repo","development_lag","development_lag",0.841,0.845,104
"burn_mean_30d","burn_now","burn","burn",0.836,0.851,124
"miners_lineage_clusters_best_30d","miner_hhi_lineage_best_30d","miner_scale","miner_concentration",-0.832,-0.833,99
"gh_active_days_lag30_org","gh_authors_lag30_org","development_lag","development_lag",0.831,0.809,104
"burn_mean_30d","burn_mean_lag30","burn","burn_lag",0.83,0.822,121
"kol_accounts_90d","kol_pos_posts_90d","attention","attention",0.829,0.814,128
"validators_n","validators_n_lag30","validator_dispersion","validator_dispersion_lag",0.829,0.768,124
"owner_cut_sold_ratio_30d","owner_net_buy_tao_30d","owner_trading","owner_trading",-0.822,-0.643,124
"gh_commits_30d_org","gh_commits_30d_repo","development","development",0.821,0.824,104
"gh_stars_org","gh_stars_repo","dev_popularity","dev_popularity",0.821,0.847,104
"miners_lineage_clusters_best_30d","miner_hhi_coldkey_30d","miner_scale","miner_concentration",-0.821,-0.795,105
"kol_pos_posts_lag30","kol_posts_lag30","attention_lag","attention_lag",0.821,0.887,128
"owner_net_buy_tao_30d","owner_sell_tao_30d","owner_trading","owner_trading",-0.819,-0.777,128
"kol_posts_30d","kol_posts_90d","attention","attention",0.818,0.843,128
"reg_cost_tao_now","reg_cost_tao_mean_lag30","registrations","registrations_lag",0.814,0.748,124
"miners_lineage_clusters_ub_30d","miner_top1_share_30d","miner_scale","miner_concentration",-0.813,-0.802,105
"gh_repo_age_days","gh_stars_repo","development","dev_popularity",0.811,0.774,104
"owner_net_buy_tao_90d","owner_net_buy_tao_lag30","owner_trading","owner_trading_lag",0.809,0.836,124
"miner_hhi_coldkey_30d","miner_hhi_coldkey_lag30","miner_concentration","miner_concentration_lag",0.808,0.775,96
"miners_paid_coldkeys_lag30","miner_hhi_coldkey_lag30","miner_scale_lag","miner_concentration_lag",-0.808,-0.778,102
"miner_paid_days_30d","miner_paid_days_lag30","miner_scale","miner_scale_lag",0.807,0.761,124
"burn_time_share_ge50_30d","burn_time_share_ge50_lag30","burn","burn_lag",0.805,0.817,121
"miners_paid_coldkeys_30d","miner_hhi_coldkey_30d","miner_scale","miner_concentration",-0.804,-0.741,105
"project_age_days","gh_repo_age_days","age","development",0.802,0.783,104
"miners_lineage_clusters_ub_30d","miner_hhi_lineage_best_30d","miner_scale","miner_concentration",-0.801,-0.765,99
