"netuid","subnet_name","category8","price_tao_avg30","log_price_avg30","predicted_ols_composites","predicted_ridge","predicted_lasso","predicted_elastic_net","predicted_random_forest","residual_ols_composites","residual_ridge","residual_lasso","residual_elastic_net","residual_random_forest","residual_mean_4_models","models_agreeing_on_sign","price_over_model_value","rank_low_to_high"
106,"Nodexo","Compute & inference",0.0025559,-5.9694,-5.2474,-4.8216,-4.6064,-4.5977,-4.4695,-0.72201,-1.1477,-1.363,-1.3717,-1.4998,-1.3455,4,0.2604,1
16,"kenju","Media, marketing & other",0.0013711,-6.5921,-5.0844,-5.2612,-5.3252,-5.3142,-5.4393,-1.5077,-1.3309,-1.2669,-1.2779,-1.1528,-1.2571,4,0.28447,2
66,"conjectures","Science & robotics",0.0031941,-5.7465,-4.1449,-4.425,-4.8501,-4.803,-4.3721,-1.6015,-1.3215,-0.89635,-0.9435,-1.3744,-1.1339,4,0.32177,3
21,"AdTAO","Media, marketing & other",0.00347,-5.6636,-5.0394,-4.9038,-4.6321,-4.6126,-4.5924,-0.6242,-0.75983,-1.0315,-1.051,-1.0712,-0.97837,4,0.37592,4
99,"Thirty Spokes","Compute & inference",0.0022957,-6.0767,-4.9254,-5.0985,-5.1332,-5.1238,-5.3923,-1.1513,-0.97828,-0.94357,-0.95297,-0.68446,-0.88982,4,0.41073,5
121,"sundae_bar","Agents, data & search",0.0041559,-5.4832,-5.239,-4.8557,-4.4174,-4.4891,-4.627,-0.24427,-0.62757,-1.0659,-0.99413,-0.85626,-0.88595,4,0.41232,6
71,"Leadpoet","Media, marketing & other",0.0043283,-5.4426,-5.557,-4.6097,-4.5272,-4.5332,-4.6778,0.11437,-0.83286,-0.91539,-0.90933,-0.76475,-0.85558,4,0.42503,7
7,"Allways","DeFi & crypto infrastructure",0.0028174,-5.8719,-4.7405,-4.9731,-5.1996,-5.1635,-4.7552,-1.1315,-0.89885,-0.67229,-0.70842,-1.1167,-0.84906,4,0.42782,8
22,"Desearch","Agents, data & search",0.0031272,-5.7676,-4.1199,-4.994,-4.8714,-4.9085,-4.9551,-1.6477,-0.77358,-0.8962,-0.85913,-0.81247,-0.83535,4,0.43372,9
1,"Apex","Science & robotics",0.0070397,-4.9562,-4.6687,-4.608,-3.6678,-3.7716,-4.5692,-0.28751,-0.34818,-1.2884,-1.1846,-0.38696,-0.80203,4,0.44842,10
40,"Ralph","Training & optimisation",0.0036032,-5.6259,-4.5459,-4.8101,-4.8905,-4.8722,-4.7907,-1.0801,-0.81583,-0.73538,-0.75375,-0.8352,-0.78504,4,0.4561,11
50,"Synth","Finance & forecasting",0.0045732,-5.3875,-4.0129,-4.7495,-4.7403,-4.7215,-4.3493,-1.3747,-0.63807,-0.64724,-0.66607,-1.0382,-0.7474,4,0.4736,12
29,"hoτfloaτ","Training & optimisation",0.0027908,-5.8814,-4.5793,-5.1755,-5.0148,-4.9817,-5.3869,-1.3021,-0.70594,-0.86667,-0.89974,-0.49454,-0.74172,4,0.47629,13
123,"MANTIS","Finance & forecasting",0.0024598,-6.0077,-5.0021,-5.1991,-5.2197,-5.2384,-5.447,-1.0056,-0.80857,-0.788,-0.76925,-0.56069,-0.73163,4,0.48113,14
88,"Investing","Finance & forecasting",0.0032748,-5.7215,-4.7746,-5.0096,-5.0088,-5.0118,-5.0334,-0.94691,-0.71187,-0.71269,-0.70968,-0.68804,-0.70557,4,0.49383,15
74,"Gittensor","Agents, data & search",0.0034594,-5.6666,-4.7354,-4.936,-5.0323,-5.0112,-4.9034,-0.93128,-0.73064,-0.6343,-0.65546,-0.76327,-0.69592,4,0.49862,16
128,"ByteLeap","Compute & inference",0.0028429,-5.8629,-4.5735,-5.1085,-5.103,-5.1242,-5.385,-1.2894,-0.75445,-0.75994,-0.73875,-0.47793,-0.68277,4,0.50522,17
103,"Capcomp","Training & optimisation",0.0048435,-5.3301,-4.972,-4.9429,-4.4873,-4.5035,-4.6839,-0.3581,-0.38726,-0.84287,-0.82666,-0.64623,-0.67575,4,0.50877,18
65,"True Performance Network","Training & optimisation",0.0024482,-6.0124,-5.7493,-5.4438,-5.3656,-5.359,-5.2958,-0.26307,-0.56858,-0.64685,-0.65341,-0.71658,-0.64636,4,0.52395,19
84,,"Media, marketing & other",0.0024764,-6.001,-5.1043,-5.4613,-5.2497,-5.2557,-5.5185,-0.89668,-0.53966,-0.75121,-0.74525,-0.48247,-0.62965,4,0.53278,20
98,"NeverPlayAlone","Agents, data & search",0.0025396,-5.9758,-4.9679,-5.185,-5.398,-5.3925,-5.4133,-1.0079,-0.79079,-0.57773,-0.58331,-0.5625,-0.62858,4,0.53335,21
72,"StreetVision by NATIX","Science & robotics",0.0022675,-6.0891,-4.6882,-5.4658,-5.5256,-5.5092,-5.4094,-1.4009,-0.62323,-0.56344,-0.57984,-0.6797,-0.61155,4,0.54251,22
6,"Numinous","Finance & forecasting",0.0026028,-5.9512,-5.314,-5.1267,-5.5958,-5.5973,-5.0816,-0.63722,-0.82446,-0.35537,-0.35392,-0.86958,-0.60083,4,0.54836,23
67,"Harnyx","Agents, data & search",0.0044531,-5.4142,-4.8362,-4.7433,-4.8915,-4.877,-4.7415,-0.57799,-0.67083,-0.52267,-0.53712,-0.67264,-0.60081,4,0.54836,24
55,"NIOME","Agents, data & search",0.0028374,-5.8649,-5.1503,-5.2259,-5.3062,-5.2843,-5.2886,-0.71455,-0.63899,-0.55866,-0.58055,-0.57629,-0.58862,4,0.55509,25
96,"Verathos","Compute & inference",0.0064526,-5.0433,-5.615,-4.5598,-4.4298,-4.3978,-4.466,0.57169,-0.4835,-0.61347,-0.64544,-0.57723,-0.57991,4,0.55995,26
127,"Astrid","Finance & forecasting",0.0025651,-5.9658,-5.8588,-5.4874,-5.4319,-5.4338,-5.2672,-0.10697,-0.47835,-0.53383,-0.53198,-0.69856,-0.56068,4,0.57082,27
13,"Data Universe","Agents, data & search",0.0054434,-5.2134,-4.6982,-4.7594,-4.5702,-4.5688,-4.7244,-0.51518,-0.45392,-0.64315,-0.6446,-0.48899,-0.55766,4,0.57255,28
94,"Cathedral","Compute & inference",0.0041678,-5.4804,-4.8343,-4.8665,-4.99,-5.0053,-4.8299,-0.64608,-0.61391,-0.49033,-0.47503,-0.65047,-0.55744,4,0.57267,29
32,"ItsAI","Security & verification",0.002915,-5.8379,-4.8094,-5.1606,-5.3402,-5.345,-5.2773,-1.0285,-0.67729,-0.49764,-0.49284,-0.56063,-0.5571,4,0.57287,30
47,"GPUForge","Compute & inference",0.0024262,-6.0214,-5.3682,-5.3685,-5.5493,-5.5339,-5.4401,-0.65324,-0.6529,-0.47213,-0.48757,-0.5813,-0.54847,4,0.57783,31
45,"AlphaRidge.ai","Finance & forecasting",0.0025291,-5.9799,-5.62,-5.3344,-5.6503,-5.6243,-5.1222,-0.35989,-0.6455,-0.32956,-0.35562,-0.85766,-0.54709,4,0.57863,32
20,"Witness","Training & optimisation",0.0025575,-5.9687,-5.8294,-5.4386,-5.4606,-5.4515,-5.6267,-0.13934,-0.53012,-0.50808,-0.5172,-0.34202,-0.47435,4,0.62229,33
89,"InfiniteQuant","Finance & forecasting",0.0032195,-5.7385,-5.4307,-5.1939,-5.4896,-5.4747,-4.9366,-0.30778,-0.54465,-0.24893,-0.26384,-0.80194,-0.46484,4,0.62824,34
79,"MVTRX","Finance & forecasting",0.0037746,-5.5795,-4.5819,-5.0533,-5.2151,-5.2102,-5.1103,-0.99757,-0.52613,-0.36441,-0.36929,-0.46913,-0.43224,4,0.64905,35
2,"DSperse","Compute & inference",0.0031938,-5.7465,-5.1308,-5.2173,-5.3953,-5.3859,-5.3077,-0.61569,-0.52926,-0.35124,-0.36061,-0.4388,-0.41998,4,0.65706,36
42,"Unknown","Media, marketing & other",0.0023723,-6.0439,-5.5002,-5.5133,-5.7267,-5.707,-5.6179,-0.54368,-0.53056,-0.31718,-0.33685,-0.42601,-0.40265,4,0.66855,37
63,"Enigma","Security & verification",0.0054667,-5.2091,-5.3349,-5.0049,-4.79,-4.7721,-4.6847,0.12579,-0.20423,-0.41911,-0.43698,-0.52442,-0.39618,4,0.67288,38
18,"Zeus","Finance & forecasting",0.0039542,-5.533,-4.7805,-5.0529,-5.1545,-5.2081,-5.1379,-0.7525,-0.48005,-0.37843,-0.32491,-0.39503,-0.39461,4,0.67395,39
26,"Perturb","Security & verification",0.0033735,-5.6918,-5.0437,-5.2449,-5.3572,-5.3575,-5.3696,-0.64813,-0.44691,-0.33464,-0.33435,-0.3222,-0.35952,4,0.69801,40
33,"ReadyAI","Agents, data & search",0.0045215,-5.3989,-4.5199,-4.9673,-5.0638,-5.0511,-5.1091,-0.87905,-0.43159,-0.33509,-0.34783,-0.28977,-0.35107,4,0.70393,41
118,"Ditto","Agents, data & search",0.0080553,-4.8214,-4.1401,-4.6001,-4.2855,-4.3792,-4.6269,-0.68132,-0.22135,-0.53596,-0.44224,-0.19455,-0.34852,4,0.70573,42
100,"Cortex","Training & optimisation",0.0046479,-5.3713,-5.516,-4.9532,-5.1569,-5.1262,-4.8699,0.14468,-0.41819,-0.21443,-0.24516,-0.50146,-0.34481,4,0.70835,43
75,"Hippius","Compute & inference",0.01717,-4.0646,-4.2088,-3.892,-3.4809,-3.4872,-4.0562,0.14419,-0.17257,-0.5837,-0.57738,-0.0083875,-0.33551,4,0.71497,44
92,"Available","Media, marketing & other",0.0026223,-5.9437,-5.4972,-5.5664,-5.7059,-5.717,-5.5534,-0.44655,-0.37726,-0.23783,-0.22675,-0.39035,-0.30805,4,0.73488,45
25,"UR","Compute & inference",0.0086284,-4.7527,-4.6895,-4.6435,-4.3726,-4.3718,-4.406,-0.063198,-0.10924,-0.38014,-0.38089,-0.34673,-0.30425,4,0.73767,46
113,"LongShort","DeFi & crypto infrastructure",0.002235,-6.1035,-5.9595,-5.8667,-5.8064,-5.8197,-5.7709,-0.14397,-0.23677,-0.29708,-0.28385,-0.33261,-0.28758,4,0.75008,47
125,"Refinery","Training & optimisation",0.003052,-5.792,-5.503,-5.3719,-5.4881,-5.5066,-5.6834,-0.28893,-0.42008,-0.3039,-0.28537,-0.1086,-0.27949,4,0.75617,48
27,"Orion","Agents, data & search",0.0023701,-6.0448,-5.6865,-5.6733,-5.8862,-5.8926,-5.6105,-0.3583,-0.37152,-0.15868,-0.15219,-0.43433,-0.27918,4,0.7564,49
91,"cascade","Training & optimisation",0.0073011,-4.9197,-4.5257,-4.6531,-4.6802,-4.6833,-4.5653,-0.39402,-0.26659,-0.23952,-0.23638,-0.35439,-0.27422,4,0.76016,50
60,"Bitsec.ai","Security & verification",0.0043525,-5.437,-4.6405,-5.1132,-5.1948,-5.1937,-5.1736,-0.79655,-0.32376,-0.2422,-0.24326,-0.26342,-0.26816,4,0.76479,51
24,"Quasar","Training & optimisation",0.0045349,-5.3959,-5.8446,-5.4116,-4.8923,-5.0513,-5.1666,0.44861,0.015656,-0.50365,-0.34465,-0.22937,-0.2655,3,0.76682,52
109,"Finsight","Finance & forecasting",0.0025864,-5.9575,-5.361,-5.6116,-5.7898,-5.7964,-5.6035,-0.59653,-0.3459,-0.16765,-0.1611,-0.35398,-0.25716,4,0.77325,53
105,"Beam","Compute & inference",0.0059517,-5.1241,-4.9411,-4.7888,-4.913,-4.8763,-4.8979,-0.18303,-0.33525,-0.2111,-0.24777,-0.22621,-0.25508,4,0.77485,54
102,"ConnitoAI","Training & optimisation",0.0069247,-4.9727,-4.1322,-4.6954,-4.6927,-4.6803,-4.8376,-0.84046,-0.27726,-0.27996,-0.29238,-0.13504,-0.24616,4,0.7818,55
119,"CapabilityForge Next","Agents, data & search",0.0025493,-5.9719,-6.2391,-5.6831,-5.8417,-5.8482,-5.6596,0.26714,-0.28885,-0.13027,-0.12372,-0.31232,-0.21379,4,0.80752,56
17,"404—GEN","Media, marketing & other",0.0093838,-4.6688,-3.9764,-4.5321,-4.485,-4.4068,-4.4128,-0.6924,-0.13664,-0.18377,-0.26194,-0.25598,-0.20958,4,0.81092,57
85,"Vidaio","Media, marketing & other",0.0050628,-5.2858,-4.7268,-5.0665,-5.1585,-5.1419,-4.9435,-0.55907,-0.21936,-0.12737,-0.14398,-0.34229,-0.20825,4,0.812,58
54,"Yanez","Security & verification",0.0051218,-5.2743,-5.673,-5.0595,-5.0884,-5.1217,-5.0017,0.39874,-0.21478,-0.18588,-0.15259,-0.2726,-0.20646,4,0.81346,59
78,"Umi","Media, marketing & other",0.004258,-5.4589,-4.9908,-5.2647,-5.3444,-5.3246,-5.1212,-0.46811,-0.19421,-0.11454,-0.1343,-0.33775,-0.1952,4,0.82267,60
37,"Aurelius","Training & optimisation",0.0032467,-5.7301,-5.626,-5.4986,-5.5826,-5.558,-5.5279,-0.10412,-0.23152,-0.14748,-0.17209,-0.20218,-0.18832,4,0.82835,61
117,"everyframe.studio","Media, marketing & other",0.0030071,-5.8068,-5.5279,-5.6364,-5.6011,-5.5939,-5.672,-0.27885,-0.17033,-0.20567,-0.21284,-0.13477,-0.1809,4,0.83452,62
122,"CookingTAO","DeFi & crypto infrastructure",0.0043609,-5.4351,-5.5289,-5.2273,-5.1556,-5.1509,-5.5114,0.0938,-0.20779,-0.27942,-0.28416,0.076308,-0.17376,3,0.84049,63
57,,"Media, marketing & other",0.0035327,-5.6457,-5.3664,-5.5054,-5.4797,-5.4843,-5.4324,-0.2793,-0.14028,-0.16596,-0.16135,-0.21327,-0.17021,4,0.84349,64
115,"MoirAI","Media, marketing & other",0.0026012,-5.9518,-6.2324,-5.7568,-5.8221,-5.8316,-5.7314,0.28061,-0.19501,-0.12967,-0.12025,-0.22036,-0.16632,4,0.84677,65
46,"Instant","Compute & inference",0.003642,-5.6152,-6.0282,-5.5093,-5.3709,-5.4369,-5.5124,0.41294,-0.10592,-0.24433,-0.17836,-0.10284,-0.15786,4,0.85397,66
111,"Claims","Agents, data & search",0.0052521,-5.2491,-4.9603,-5.0935,-5.202,-5.1973,-4.9835,-0.2888,-0.15562,-0.047087,-0.051794,-0.26562,-0.13003,4,0.87807,67
73,"Parked","Media, marketing & other",0.0033027,-5.713,-5.4257,-5.52,-5.6375,-5.6186,-5.6107,-0.28729,-0.19303,-0.075505,-0.094402,-0.10234,-0.11632,4,0.89019,68
48,"Quantum Compute","Compute & inference",0.0040915,-5.4988,-5.2055,-5.166,-5.4731,-5.4694,-5.4502,-0.29337,-0.33283,-0.025783,-0.029416,-0.04867,-0.10918,4,0.89657,69
59,,"Media, marketing & other",0.0051221,-5.2742,-5.0588,-5.0991,-5.1951,-5.1812,-5.2236,-0.21535,-0.17509,-0.079098,-0.093005,-0.050609,-0.099451,4,0.90533,70
81,"Reliquary","Training & optimisation",0.0062503,-5.0751,-5.1255,-4.9329,-5.0539,-4.9881,-4.981,0.050322,-0.14223,-0.021244,-0.086995,-0.094177,-0.086162,4,0.91745,71
101,"Tag101","Agents, data & search",0.004113,-5.4936,-6.1708,-5.528,-5.4331,-5.4423,-5.4866,0.67721,0.034401,-0.060558,-0.051344,-0.006964,-0.021116,3,0.97911,72
30,"Endure Network","DeFi & crypto infrastructure",0.003559,-5.6383,-5.4238,-5.6347,-5.7322,-5.7162,-5.4541,-0.21451,-0.0035706,0.093965,0.077921,-0.18418,-0.0039653,2,0.99604,73
12,"Compute Horde","Compute & inference",0.004785,-5.3423,-5.535,-5.2561,-5.4373,-5.4123,-5.2542,0.19275,-0.086163,0.095036,0.069993,-0.088019,-0.0022883,2,0.99771,74
70,,"Media, marketing & other",0.0043066,-5.4476,-5.5663,-5.409,-5.3925,-5.3993,-5.592,0.11872,-0.038607,-0.055151,-0.048345,0.14436,0.00056335,3,1.0006,75
41,"Almanac","Finance & forecasting",0.0055464,-5.1946,-5.3828,-5.1557,-5.3125,-5.3657,-4.9563,0.18816,-0.038858,0.11785,0.17108,-0.23835,0.0029307,2,1.0029,76
104,"TAOstatus","Compute & inference",0.0042547,-5.4597,-5.5087,-5.386,-5.5809,-5.5717,-5.3591,0.049011,-0.0737,0.12121,0.11197,-0.10067,0.014702,2,1.0148,77
23,"Trishool","Security & verification",0.0044548,-5.4138,-5.4383,-5.3069,-5.6342,-5.6172,-5.235,0.02452,-0.10686,0.22047,0.20345,-0.17877,0.034574,2,1.0352,78
124,"Swarm","Science & robotics",0.010788,-4.5294,-4.2628,-4.5315,-4.6002,-4.6291,-4.6449,-0.26652,0.0021182,0.070855,0.099733,0.1155,0.072051,4,1.0747,79
93,"Bitcast","Media, marketing & other",0.020055,-3.9093,-4.6513,-4.3175,-3.7971,-3.7873,-4.1163,0.74199,0.40817,-0.11218,-0.12203,0.20702,0.095246,2,1.0999,80
86,,"Media, marketing & other",0.00599,-5.1177,-5.2361,-5.0985,-5.2312,-5.2095,-5.3336,0.11846,-0.019117,0.1135,0.091861,0.21595,0.10055,3,1.1058,81
31,"rec4ll","Agents, data & search",0.0042327,-5.4649,-5.4994,-5.513,-5.6313,-5.6103,-5.6355,0.03445,0.04808,0.16641,0.14535,0.17063,0.13262,4,1.1418,82
77,"Liquidity","DeFi & crypto infrastructure",0.0054453,-5.213,-4.6995,-5.2315,-5.3358,-5.3355,-5.5302,-0.51348,0.018464,0.12284,0.12248,0.31722,0.14525,4,1.1563,83
49,"Nepher Robotics","Science & robotics",0.0077096,-4.8653,-5.43,-4.9837,-5.0502,-5.077,-4.9352,0.56472,0.11838,0.1849,0.21175,0.069915,0.14624,4,1.1575,84
87,"Provenonce","Security & verification",0.0041496,-5.4847,-5.3676,-5.5071,-5.6587,-5.6531,-5.7186,-0.11719,0.022341,0.17393,0.16831,0.2339,0.14962,4,1.1614,85
10,"Pareton","Training & optimisation",0.0069164,-4.9739,-5.4429,-5.0148,-5.236,-5.2082,-5.0764,0.46906,0.040979,0.26218,0.23435,0.10255,0.16001,4,1.1735,86
126,"Attelier","Media, marketing & other",0.0043878,-5.4289,-5.6695,-5.5492,-5.6477,-5.6521,-5.6226,0.2406,0.12028,0.21875,0.22317,0.19366,0.18897,4,1.208,87
43,"Graphite","Science & robotics",0.004404,-5.4252,-5.8093,-5.6967,-5.6528,-5.6525,-5.4762,0.38402,0.27149,0.22758,0.22731,0.050942,0.19433,4,1.2145,88
112,"for sale","Media, marketing & other",0.0042287,-5.4659,-6.028,-5.6522,-5.675,-5.6855,-5.7319,0.5621,0.18638,0.20919,0.21966,0.26608,0.22033,4,1.2465,89
14,"Cacheon","Training & optimisation",0.0091963,-4.689,-5.1165,-4.9163,-5.148,-5.1191,-4.8112,0.42758,0.22734,0.45902,0.4301,0.12223,0.30967,4,1.363,90
19,"blockmachine","DeFi & crypto infrastructure",0.0098311,-4.6222,-4.6825,-4.891,-5.0742,-5.0559,-4.7629,0.060336,0.26875,0.45201,0.43369,0.14071,0.32379,4,1.3824,91
52,"Dojo","Training & optimisation",0.0062287,-5.0786,-5.0327,-5.3673,-5.3531,-5.3405,-5.6253,-0.045842,0.2887,0.27452,0.26189,0.54666,0.34295,4,1.4091,92
62,"Ridges","Agents, data & search",0.010913,-4.5178,-4.7063,-4.7567,-5.0644,-5.0205,-4.6662,0.18844,0.23887,0.54659,0.50273,0.14839,0.35915,4,1.4321,93
110,"Green Compute","Compute & inference",0.01376,-4.286,-5.3148,-4.8509,-4.5289,-4.509,-4.8197,1.0289,0.56496,0.24298,0.22306,0.53372,0.39118,4,1.4787,94
61,"RedTeam","Security & verification",0.013086,-4.3362,-4.4026,-4.9341,-4.7546,-4.7403,-4.6249,0.066377,0.59791,0.41838,0.40414,0.28868,0.42728,4,1.5331,95
116,"for sale","Media, marketing & other",0.0042624,-5.4579,-6.11,-5.8345,-5.9787,-5.9593,-5.7795,0.65207,0.3766,0.52078,0.50137,0.32155,0.43007,4,1.5374,96
114,"SOMA","Training & optimisation",0.01537,-4.1753,-4.3703,-4.6197,-4.5294,-4.5557,-4.7345,0.19498,0.4444,0.35405,0.38035,0.55921,0.4345,4,1.5442,97
69,"Herald","Media, marketing & other",0.0074399,-4.9009,-5.0769,-5.4114,-5.3226,-5.3432,-5.3448,0.17603,0.51052,0.42173,0.44231,0.44392,0.45462,4,1.5756,98
80,"OpenRoboto","Science & robotics",0.020266,-3.8988,-5.2684,-4.5729,-4.2822,-4.2774,-4.4016,1.3696,0.67409,0.3834,0.37859,0.5028,0.48472,4,1.6237,99
34,"BitMind","Security & verification",0.011826,-4.4374,-4.378,-4.8629,-5.0779,-5.0208,-4.7947,-0.059427,0.42544,0.64044,0.58333,0.35723,0.50161,4,1.6514,100
11,"TrajectoryRL","Agents, data & search",0.0082963,-4.7919,-4.9964,-5.1507,-5.4699,-5.4312,-5.2175,0.20443,0.35874,0.67794,0.63925,0.42558,0.52538,4,1.6911,101
9,"iota","Training & optimisation",0.02717,-3.6056,-4.5024,-4.6006,-3.776,-3.8464,-4.3987,0.89677,0.995,0.17032,0.24077,0.79307,0.54979,4,1.7329,102
53,"engy","Compute & inference",0.029189,-3.534,-5.0277,-4.3229,-3.9519,-3.9094,-4.1644,1.4937,0.7889,0.41791,0.37546,0.63039,0.55316,4,1.7387,103
28,"SayGM","Compute & inference",0.021123,-3.8574,-4.3952,-4.638,-4.3641,-4.3975,-4.6104,0.53785,0.7806,0.50671,0.54012,0.75304,0.64512,4,1.9062,104
38,"ChronoLLM","Training & optimisation",0.012213,-4.4053,-4.8606,-5.0341,-5.2286,-5.1875,-5.3373,0.45536,0.62885,0.82335,0.78224,0.93199,0.79161,4,2.2069,105
56,"Gradients","Training & optimisation",0.015998,-4.1353,-4.5313,-4.8947,-4.8771,-4.867,-5.1377,0.39601,0.75942,0.7418,0.73175,1.0024,0.80884,4,2.2453,106
83,"CliqueAI","Science & robotics",0.0089704,-4.7138,-5.0489,-5.2908,-5.5847,-5.5933,-5.6778,0.3351,0.57702,0.87087,0.87944,0.96398,0.82283,4,2.2769,107
5,"Hone","Training & optimisation",0.012855,-4.354,-5.5532,-5.0813,-5.2328,-5.1969,-5.2153,1.1993,0.72727,0.87876,0.84292,0.86128,0.82756,4,2.2877,108
58,,"Media, marketing & other",0.0072569,-4.9258,-5.5783,-5.695,-5.8281,-5.8346,-5.7878,0.65245,0.7692,0.90235,0.90884,0.86204,0.86061,4,2.3646,109
39,"deprecated","Media, marketing & other",0.0074523,-4.8992,-5.5997,-5.7357,-5.7867,-5.78,-5.8176,0.70046,0.83643,0.88749,0.8808,0.91836,0.88077,4,2.4128,110
44,"Score","Media, marketing & other",0.03689,-3.2998,-4.6936,-4.5622,-4.1033,-4.1554,-4.2934,1.3938,1.2623,0.80352,0.85561,0.99353,0.97875,4,2.6611,111
68,"NOVA","Science & robotics",0.021631,-3.8336,-4.5835,-4.8546,-4.9458,-4.9,-4.8719,0.74988,1.021,1.1122,1.0664,1.0383,1.0595,4,2.8848,112
15,"ORO","Agents, data & search",0.029279,-3.5309,-5.0767,-4.6643,-4.5894,-4.5784,-4.6591,1.5458,1.1335,1.0585,1.0476,1.1282,1.0919,4,2.98,113
3,"Teutonic","Training & optimisation",0.029784,-3.5138,-5.4152,-4.9641,-4.5611,-4.5838,-4.7432,1.9014,1.4503,1.0473,1.0701,1.2295,1.1993,4,3.3178,114
36,"Epago","Training & optimisation",0.016039,-4.1328,-5.2986,-5.267,-5.4476,-5.4166,-5.3172,1.1659,1.1342,1.3148,1.2838,1.1845,1.2294,4,3.419,115
97,"Albedo","Training & optimisation",0.020729,-3.8762,-5.1792,-5.0807,-5.3064,-5.2715,-4.9948,1.303,1.2045,1.4302,1.3953,1.1186,1.2871,4,3.6224,116
8,"Vanta","Finance & forecasting",0.028035,-3.5743,-4.3371,-4.9544,-5.0285,-5.0664,-4.5532,0.76276,1.3801,1.4542,1.4921,0.97887,1.3263,4,3.7671,117
90,"KubeTEE","Compute & inference",0.027706,-3.5861,-4.8617,-4.9258,-4.9547,-4.9883,-4.8217,1.2755,1.3397,1.3686,1.4022,1.2355,1.3365,4,3.8057,118
64,"Chutes","Compute & inference",0.070788,-2.6481,-4.4553,-4.4511,-4.1735,-4.1969,-4.1215,1.8073,1.803,1.5254,1.5489,1.4735,1.5877,4,4.8924,119
107,"Minos","Science & robotics",0.049978,-2.9962,-4.917,-4.9134,-4.51,-4.5345,-4.7013,1.9209,1.9172,1.5138,1.5383,1.7051,1.6686,4,5.3048,120
51,"lium.io","Compute & inference",0.089254,-2.4163,-4.1393,-4.2333,-4.0359,-4.0031,-4.1627,1.723,1.817,1.6196,1.5869,1.7464,1.6925,4,5.4329,121
120,"Affine","Training & optimisation",0.049669,-3.0024,-4.8252,-4.7215,-4.8524,-4.7785,-4.7868,1.8228,1.7191,1.85,1.7761,1.7844,1.7824,4,5.9442,122
4,"Targon","Compute & inference",0.056047,-2.8816,-4.7133,-4.775,-4.5942,-4.6394,-5.1262,1.8317,1.8934,1.7126,1.7578,2.2446,1.9021,4,6.7,123
95,"Actual","Compute & inference",0.041608,-3.1795,-5.5418,-5.2596,-4.9722,-4.9771,-5.3817,2.3623,2.0801,1.7928,1.7977,2.2022,1.9682,4,7.1577,124
