"variable","sn111","median_all","percentile_of_sn111"
"development",0.16268,0,70.161
"presence",0.44319,-0.065398,81.452
"miner_scale",0.75463,0.13953,77.419
"miner_concentration",-0.90996,-0.01182,9.6774
"burn_mean_30d",0,0.24103,29.032
"validator_dispersion",-1.3071,0.10205,6.4516
"owner_commitment",-0.84184,-0.20857,8.0645
"yuma3_on",0,0,77.419
"commit_reveal_on",1,1,100
"owner_changed_180d",1,0,100
"identity_changed_180d",1,0,100
"log_age",6.209,6.3169,41.129
"renamed_project",1,1,100
"flag_placeholder_identity",0,0,90.323
"startup_mode",0,0,98.387
"flag_full_burn_30d",0,0,84.677
"has_repo",1,1,100
"miner_paid",1,1,100
"started",1,1,100
"attention",0.56442,-0.21727,79.032
"x_reach",0.26828,0,71.774
"has_x",1,1,100
"dev_popularity",-0.58111,0,25
"holder_dispersion",0.93361,0.11306,91.935
"has_holders",1,1,100
"owner_net_buy_tao_30d",0,0,95.161
"owner_cut_sold_ratio_30d",0,0,82.258
"owner_bought_any_90d",0,0,88.71
"baskets_net_buyers_n_30d",0,0,63.71
"basket_net_buy_tao_30d",-2.8778,-1.0846,33.065
"basket_alpha_share_issued",0.0027107,0.0033987,38.71
"tao_emission_on_share_30d",0.98333,0.82917,54.839
"emission_flag_on_share_30d",0.98333,1,40.323
"registrations_30d",5.4681,4.0842,79.032
"reg_cost_tao_now",0.47793,0.019416,87.903
"log_price_avg30",-5.2491,-5.3974,57.258
"log_price_spot",-5.4268,-5.4358,50.806
