"model","outcome","n","slopes","r2","adj_r2","aic","residual_sd","f_overall","p_f_overall","breusch_pagan","p_breusch_pagan","max_vif","note"
"spec1_august_state","log 30-day average price",124,15,0.40676,0.32437,286.84,0.71867,4.9368,2.9566e-07,26.512,0.032977,11.166,""
"spec2_september_no_price_link","log 30-day average price",124,17,0.32908,0.22149,306.1,0.77145,3.0584,0.00023066,35.616,0.0051587,6.4425,"dropped as collinear: miner_paid, started"
"spec3_plus_two_way_and_mechanical","log 30-day average price",124,32,0.7953,0.72332,188.9,0.4599,11.049,9.7388e-20,39.959,0.15757,11.39,"dropped as collinear: miner_paid, started, has_holders"
"spec2plus_category8","log 30-day average price",124,24,0.43345,0.29611,299.13,0.73355,3.156,3.2263e-05,44.599,0.0064937,7.6693,"category8 block: F(7, 99) = 2.61, p = 0.016"
"spec2_pc1_composites","log 30-day average price",124,17,0.3535,0.24981,301.5,0.75729,3.4094,5.3408e-05,31.662,0.016569,6.144,"composites replaced by their first principal component dropped as collinear: miner_paid, started"
"spec3_pc1_composites","log 30-day average price",124,32,0.80213,0.73256,184.69,0.45216,11.528,2.3533e-20,39.966,0.1574,11.308,"composites replaced by their first principal component dropped as collinear: miner_paid, started, has_holders"
"spec2_without_5_most_influential","log 30-day average price",119,17,0.37537,0.27023,270.33,0.69714,3.5703,3.0925e-05,30.664,0.021933,6.5926,"without netuids 95, 16, 15, 120, 3 dropped as collinear: miner_paid, started"
"spec3_without_5_most_influential","log 30-day average price",119,32,0.85492,0.80093,125.26,0.36206,15.836,2.678e-24,29.767,0.58,11.917,"without netuids 51, 29, 46, 95, 107 dropped as collinear: miner_paid, started, has_holders"
"spec1_august_state","log spot price",124,15,0.40608,0.32359,304.33,0.77119,4.9228,3.1145e-07,28.931,0.016416,11.166,""
"spec2_september_no_price_link","log spot price",124,17,0.33898,0.23297,321.6,0.82123,3.1975,0.00012912,36.247,0.0042512,6.4425,"dropped as collinear: miner_paid, started"
"spec3_plus_two_way_and_mechanical","log spot price",124,32,0.77902,0.70131,215.74,0.51247,10.025,2.3465e-18,37.976,0.21559,11.39,"dropped as collinear: miner_paid, started, has_holders"
"spec2plus_category8","log spot price",124,24,0.43902,0.30302,315.26,0.78283,3.2281,2.2599e-05,44.248,0.0071384,7.6693,"category8 block: F(7, 99) = 2.52, p = 0.020"
"spec2_pc1_composites","log spot price",124,17,0.36208,0.25978,317.19,0.80675,3.5392,3.1136e-05,32.628,0.01256,6.144,"composites replaced by their first principal component dropped as collinear: miner_paid, started"
"spec3_pc1_composites","log spot price",124,32,0.78394,0.70796,212.94,0.50673,10.318,9.2242e-19,37.591,0.22837,11.308,"composites replaced by their first principal component dropped as collinear: miner_paid, started, has_holders"
"spec2_without_5_most_influential","log spot price",119,17,0.36274,0.25547,294.64,0.77213,3.3818,6.6812e-05,36.317,0.0041597,6.454,"without netuids 95, 15, 120, 16, 110 dropped as collinear: miner_paid, started"
"spec3_without_5_most_influential","log spot price",119,32,0.84291,0.78446,159.13,0.41742,14.421,6.6469e-23,25.945,0.76604,12.252,"without netuids 51, 46, 90, 29, 38 dropped as collinear: miner_paid, started, has_holders"
"spec2_all_128_subnets","log spot price",128,17,0.33441,0.23155,328.06,0.81049,3.251,9.5837e-05,38.058,0.0024134,6.7823,"all 128 subnets, partial windows included dropped as collinear: miner_paid, started"
"spec2_raw_price","price in TAO (not logged)",124,17,0.24888,0.12841,-713.06,0.012664,2.066,0.013411,19.191,0.31767,6.4425,"robustness: raw price dropped as collinear: miner_paid, started"
"specR_rehearsal_wave2_test","log return over September",124,16,0.35867,0.26278,121.23,0.36731,3.7401,1.9182e-05,29.146,0.022968,11.184,"rehearsal of the wave 2 forward test: August state plus the lagged log price"
