"variable","label","type","unit","role","window","price_link","n","n_missing","coverage","mean","sd","variance","min","p25","median","p75","max","skewness","distinct","share_ones"
"team_n_subnets","Subnets run by the same team","integer","subnets","feature","","none known",128,0,1,1.15625,0.424403,0.180118,1,1,1,1,3,2.77026,3,
"flag_placeholder_identity","On-chain identity is a placeholder (blank, for sale, parked, deprecated, unknown)","binary","","flag","","",128,0,1,0.109375,0.313335,0.0981791,0,0,0,0,1,2.50313,2,0.109375
"flag_registered_in_window","Subnet was registered inside the 30-day window","binary","","flag","","",128,0,1,0.03125,0.174676,0.0305118,0,0,0,0,1,5.38816,2,0.03125
"window_days_observed_30d","Days of the 30-day window on which the subnet existed","integer","days","flag","30d","",128,0,1,29.5469,2.91037,8.47023,5,30,30,30,30,-7.07838,5,
"startup_mode","Subnet has not yet started emissions","binary","","flag","","",128,0,1,0.03125,0.174676,0.0305118,0,0,0,0,1,5.38816,2,0.03125
"flag_full_burn_30d","Miner burn was 100% in every measured sample of the window","binary","","flag","30d","",128,0,1,0.148438,0.35693,0.127399,0,0,0,0,1,1.97766,2,0.148438
"flag_no_miner_paid_30d","No miner was paid in the window","binary","","flag","30d","",128,0,1,0.179688,0.385436,0.148561,0,0,0,0,1,1.66861,2,0.179688
"price_tao","Alpha price in TAO at T","number","TAO per alpha","outcome","","",128,0,1,0.00928276,0.0133788,0.000178992,0.00105055,0.00278418,0.00441954,0.00837289,0.0959012,3.62745,128,
"price_usd","Alpha price in US dollars at T","number","USD per alpha","outcome","","",128,0,1,2.79219,4.02425,16.1945,0.315998,0.837462,1.32937,2.5185,28.8464,3.62745,128,
"tao_usd","TAO price in US dollars at T (same for all subnets)","number","USD per TAO","outcome","","",128,0,1,300.793,0,0,300.793,300.793,300.793,300.793,300.793,,1,
"price_tao_avg30","Mean alpha price in TAO over the window","number","TAO per alpha","outcome","30d","",128,0,1,0.00984757,0.0135205,0.000182803,0.00137115,0.00326782,0.0044888,0.00902684,0.089254,3.30023,128,
"price_tao_lag30","Alpha price in TAO 30 days before T","number","TAO per alpha","outcome","","",124,4,0.96875,0.010591,0.0140573,0.000197607,0.00180816,0.00348321,0.00533835,0.00989595,0.083067,3.06699,124,
"price_tao_avg30_lag30","Mean alpha price in TAO over the lagged window","number","TAO per alpha","outcome","lag30","",124,4,0.96875,0.0105813,0.0141872,0.000201275,0.00245208,0.00357837,0.00528616,0.00998764,0.0813103,3.09045,124,
"logret_30d","Log change of the alpha price in TAO over the window","number","log points","outcome","30d","",124,4,0.96875,-0.195228,0.427793,0.183007,-2.83698,-0.321289,-0.143167,-0.0344826,0.971772,-2.63997,124,
"burn_now","Share of miner emission burned at T","number","share 0-1","feature","","enters the emission gate together with the price",124,4,0.96875,0.366488,0.44131,0.194755,0,0,0.00951036,0.902382,1,0.52221,38,
"burn_mean_30d","Mean share of miner emission burned","number","share 0-1","feature","30d","enters the emission gate together with the price",124,4,0.96875,0.395049,0.405567,0.164485,0,0,0.255521,0.85857,1,0.441555,72,
"burn_time_share_ge50_30d","Share of the window with at least half of miner emission burned","number","share 0-1","feature","30d","enters the emission gate together with the price",124,4,0.96875,0.408874,0.447694,0.20043,0,0,0.194756,1,1,0.404706,36,
"burn_mean_lag30","Mean share of miner emission burned, lagged window","number","share 0-1","feature_lag","lag30","none known",121,7,0.945312,0.434805,0.41712,0.173989,0,0,0.31325,0.891667,1,0.237752,65,
"burn_time_share_ge50_lag30","Share of the lagged window with at least half of miner emission burned","number","share 0-1","feature_lag","lag30","none known",121,7,0.945312,0.4528,0.455356,0.207349,0,0,0.225,1,1,0.176843,37,
"miners_paid_hotkeys_30d","Miner hotkeys that were paid","integer","hotkeys","feature","30d","none known",128,0,1,94.9297,174.806,30557.2,0,2,17.5,118.75,1154,3.01886,70,
"miners_paid_coldkeys_30d","Miner wallets (coldkeys) that were paid","integer","wallets","feature","30d","none known",128,0,1,33.0156,56.8594,3232.99,0,1,11,37.5,344,2.91661,57,
"miner_paid_days_30d","Days on which at least one miner was paid","integer","days","feature","30d","none known",128,0,1,21.6094,12.1053,146.539,0,13,30,30,30,-0.988677,20,
"miner_hhi_coldkey_30d","Concentration of miner pay across wallets (Herfindahl index)","number","index 0-1","feature","30d","none known",105,23,0.820312,0.382177,0.342111,0.11704,0.00913582,0.103814,0.242037,0.61519,1,0.805289,95,
"miner_top1_share_30d","Share of miner pay earned by the largest wallet","number","share 0-1","feature","30d","none known",105,23,0.820312,0.471529,0.325206,0.105759,0.0208461,0.181312,0.412252,0.766667,1,0.462769,98,
"miners_ip_coverage_30d","Share of paid hotkeys that publish an IP address","number","share 0-1","quality","30d","",105,23,0.820312,0.289828,0.425177,0.180776,0,0,0,0.75,1,0.911301,30,
"miners_distinct_ips_30d","Distinct IP addresses of paid miners","integer","addresses","feature","30d","none known",31,97,0.242188,43.4839,55.144,3040.86,1,5,26,53,247,2.1846,23,
"miners_paid_hotkeys_lag30","Miner hotkeys that were paid, lagged window","integer","hotkeys","feature_lag","lag30","none known",124,4,0.96875,100.387,195.219,38110.5,0,1,19,98.5,1253,3.10391,68,
"miners_paid_coldkeys_lag30","Miner wallets that were paid, lagged window","integer","wallets","feature_lag","lag30","none known",124,4,0.96875,31.2823,51.3934,2641.28,0,1,12,40.5,353,3.14121,57,
"miner_paid_days_lag30","Days on which at least one miner was paid, lagged window","integer","days","feature_lag","lag30","none known",124,4,0.96875,21.1371,12.7294,162.038,0,5.75,30,30,30,-0.868925,19,
"miner_hhi_coldkey_lag30","Concentration of miner pay across wallets, lagged window","number","index 0-1","feature_lag","lag30","none known",102,26,0.796875,0.389454,0.354511,0.125678,0.0087555,0.101143,0.232312,0.58504,1,0.792091,86,
"miner_top1_share_lag30","Share of miner pay earned by the largest wallet, lagged window","number","share 0-1","feature_lag","lag30","none known",102,26,0.796875,0.473631,0.334365,0.1118,0.0194399,0.186675,0.401516,0.721522,1,0.481399,89,
"miners_lineage_clusters_ub_30d","Independent miner operators, upper bound","integer","operators","feature","30d","none known",105,23,0.820312,14.5619,20.8363,434.152,0,3,8,17,131,3.6124,36,
"miners_lineage_clusters_best_30d","Independent miner operators, best estimate","integer","operators","feature","30d","none known",105,23,0.820312,11.7619,13.3823,179.087,0,3,8,16,94,2.87136,33,
"miner_hhi_lineage_best_30d","Concentration of miner pay across operators, best estimate","number","index 0-1","feature","30d","none known",99,29,0.773438,0.401245,0.308987,0.0954732,0.0495926,0.167601,0.284966,0.534054,1,0.97712,88,
"owner_linked_incentive_share_30d","Share of miner pay earned by wallets that exchanged TAO with the subnet owner","number","share 0-1","feature","30d","none known",105,23,0.820312,0.118201,0.308315,0.0950581,0,0,0,0,1,2.35671,15,
"miners_unattrib_share_30d","Share of miner pay whose operator cannot be told (funded from exchanges only)","number","share 0-1","quality","30d","",105,23,0.820312,0.406734,0.365931,0.133905,0,0.0340722,0.302143,0.690618,1,0.367996,83,
"lineage_untraced_share_30d","Share of miner pay earned by wallets too small to be traced","number","share 0-1","quality","30d","",105,23,0.820312,0.00335806,0.0064758,4.19359e-05,0,0,0.000692435,0.00363905,0.0377215,3.02013,61,
"miners_active_now","Miners with incentive above zero at T","integer","UIDs","feature","","none known",128,0,1,36.5078,69.5474,4836.83,0,0,3,24.25,247,2.10062,48,
"uids_registered_now","Registered UIDs at T","integer","UIDs","feature","","none known",128,0,1,231.969,64.028,4099.59,2,256,256,256,257,-2.49574,18,
"uids_immune_share_now","Share of UIDs still in their immunity period at T","number","share 0-1","feature","","none known",128,0,1,0.0588958,0.140682,0.0197913,0,0,0,0.0326664,1,3.76344,36,
"gh_commits_30d_repo","Commits to the main repository","integer","commits","feature","30d","none known",104,24,0.8125,96.4712,287.854,82859.7,0,2,13,54.25,2107,5.02171,56,
"gh_commits_30d_org","Commits to all public repositories of the owner","integer","commits","feature","30d","none known",104,24,0.8125,145.49,354.322,125544,0,5.75,26,85,2107,4.07489,64,
"gh_authors_30d_org","Distinct commit authors","integer","people","feature","30d","none known",104,24,0.8125,3.25,4.60424,21.199,0,1,2,4,30,3.56712,15,
"gh_prs_merged_30d_org","Merged pull requests","integer","pull requests","feature","30d","none known",104,24,0.8125,32.9904,91.3853,8351.27,0,0,4,26.25,795,6.14602,38,
"gh_active_days_30d_org","Days with at least one commit","integer","days","feature","30d","none known",104,24,0.8125,10.9231,9.24604,85.4892,0,3,8,17.5,30,0.58527,28,
"gh_commits_lag30_repo","Commits to the main repository, lagged window","integer","commits","feature_lag","lag30","none known",104,24,0.8125,67.9327,180.199,32471.8,0,0,11,53,1244,5.08952,54,
"gh_commits_lag30_org","Commits to all public repositories of the owner, lagged window","integer","commits","feature_lag","lag30","none known",104,24,0.8125,128.904,279.193,77948.6,0,2,20,114.25,1493,3.18922,63,
"gh_authors_lag30_org","Distinct commit authors, lagged window","integer","people","feature_lag","lag30","none known",104,24,0.8125,3.29808,5.68063,32.2695,0,1,2,3,37,4.02224,12,
"gh_prs_merged_lag30_org","Merged pull requests, lagged window","integer","pull requests","feature_lag","lag30","none known",104,24,0.8125,28.5385,95.7345,9165.09,0,0,4,15.25,890,7.39789,34,
"gh_active_days_lag30_org","Days with at least one commit, lagged window","integer","days","feature_lag","lag30","none known",104,24,0.8125,10.7115,9.81546,96.3432,0,1,9,20,31,0.530636,29,
"gh_authors_90d_org","Distinct commit authors in 90 days","integer","people","feature","90d","none known",104,24,0.8125,5.75,8.85235,78.3641,0,1,3,6,58,3.66062,19,
"gh_contributors_alltime_repo","Contributors to the main repository, all time","integer","people","feature","","none known",104,24,0.8125,6.50962,10.3979,108.116,1,1,3,7,88,5.11161,23,
"gh_stars_repo","Stars of the main repository","integer","stars","feature","","likely two-way",104,24,0.8125,42.6346,243.36,59224.1,0,1,5,18,2463,9.61339,36,
"gh_forks_repo","Forks of the main repository","integer","forks","feature","","likely two-way",104,24,0.8125,16.8269,29.3831,863.368,0,1,7,21.25,228,4.44031,40,
"gh_stars_org","Stars of all public repositories of the owner","integer","stars","feature","","likely two-way",104,24,0.8125,152.192,1042.83,1087500,0,3,7.5,34.75,10612,9.84524,41,
"gh_repo_age_days","Age of the main repository at T","number","days","feature","","none known",104,24,0.8125,334.331,291.074,84724.3,9.62578,110.726,236.206,514.315,1099.15,0.976614,104,
"gh_days_since_push","Days from the last commit before T to T","number","days","feature","","none known",104,24,0.8125,24.3086,54.1711,2934.51,0.000659722,1.15149,6.30262,21.7503,353.34,4.42089,104,
"gh_releases_repo","Releases of the main repository","integer","releases","feature","","none known",104,24,0.8125,20.9904,102.578,10522.3,0,0,0,4,942,7.66088,24,
"doc_readme","Repository has a README","binary","","feature","","none known",104,24,0.8125,0.990385,0.0980581,0.00961538,0,1,1,1,1,-10.0504,2,0.990385
"doc_license","Repository has a licence","binary","","feature","","none known",104,24,0.8125,0.740385,0.440547,0.194081,0,0,1,1,1,-1.09659,2,0.740385
"doc_contributing","Repository has a contributing guide","binary","","feature","","none known",104,24,0.8125,0.413462,0.494839,0.244866,0,0,0,1,1,0.351458,2,0.413462
"doc_miner_guide","Repository documents how to mine","binary","","feature","","none known",104,24,0.8125,0.923077,0.26776,0.0716953,0,1,1,1,1,-3.17543,2,0.923077
"doc_validator_guide","Repository documents how to validate","binary","","feature","","none known",104,24,0.8125,0.894231,0.309031,0.0955004,0,1,1,1,1,-2.56375,2,0.894231
"doc_incentive_desc","Repository describes the incentive mechanism","binary","","feature","","none known",104,24,0.8125,0.625,0.486467,0.23665,0,0,1,1,1,-0.516398,2,0.625
"doc_requirements","Repository states hardware requirements","binary","","feature","","none known",104,24,0.8125,0.586538,0.494839,0.244866,0,0,1,1,1,-0.351458,2,0.586538
"doc_site","Project has a documentation site","binary","","feature","","none known",104,24,0.8125,0.298077,0.459629,0.211258,0,0,0,1,1,0.882891,2,0.298077
"doc_score","Number of the eight documentation items present","integer","items 0-8","feature","","none known",104,24,0.8125,5.47115,1.64852,2.71761,1,4.75,5,7,8,-0.399645,8,
"website_live","Subnet has a working website","binary","","feature","","none known",126,2,0.984375,0.809524,0.394244,0.155429,0,1,1,1,1,-1.57648,2,0.809524
"whitepaper_available","Project offers a white paper, litepaper or own technical paper","binary","","feature","","none known",126,2,0.984375,0.269841,0.445649,0.198603,0,0,0,1,1,1.03704,2,0.269841
"wp_pages","Pages of the white paper","integer","pages","feature","","none known",23,105,0.179688,18.3043,13.9102,193.494,4,10,12,21,58,1.56073,15,
"wp_references","White paper has a list of references","binary","","feature","","none known",32,96,0.25,0.5625,0.504016,0.254032,0,0,1,1,1,-0.251976,2,0.5625
"wp_named_authors","White paper names at least one person as author","binary","","feature","","none known",32,96,0.25,0.28125,0.456803,0.208669,0,0,0,1,1,0.973067,2,0.28125
"wp_formal_mechanism","White paper states a rule of the mechanism as a formula","binary","","feature","","none known",32,96,0.25,0.59375,0.498991,0.248992,0,0,1,1,1,-0.381771,2,0.59375
"api_public","Project documents an API or SDK that outsiders can call","binary","","feature","","none known",126,2,0.984375,0.269841,0.445649,0.198603,0,0,0,1,1,1.03704,2,0.269841
"mcp_server","Project offers an MCP server for its product or data","binary","","feature","","none known",126,2,0.984375,0.0873016,0.283403,0.0803175,0,0,0,0,1,2.92407,2,0.0873016
"team_named","At least one team member is named with first and last name","binary","","feature","","none known",126,2,0.984375,0.142857,0.351324,0.123429,0,0,0,0,1,2.04124,2,0.142857
"product_live","An outsider can use a product or service today","binary","","feature","","none known",126,2,0.984375,0.460317,0.500413,0.250413,0,0,0,1,1,0.159232,2,0.460317
"x_followers","Followers of the subnet's X account","integer","accounts","feature","","likely two-way",92,36,0.71875,7032.73,28842,831861000,7,452.25,1547,3716,241787,6.97171,87,
"x_account_age_days","Age of the subnet's X account at T","number","days","feature","","none known",92,36,0.71875,871.962,1294.95,1676890,18.7242,228.923,500.193,937.705,7046.39,3.01003,88,
"x_posts_30d","Posts by the subnet's X account (reposts excluded)","integer","posts","feature","30d","likely two-way",92,36,0.71875,28.5543,85.4824,7307.24,0,5,15.5,29.25,813,8.55508,42,
"x_posts_original_30d","Original posts by the subnet's X account (reposts and replies excluded)","integer","posts","feature","30d","likely two-way",92,36,0.71875,11.8696,12.6805,160.796,0,3,9.5,17,70,2.03438,31,
"x_posts_lag30","Posts by the subnet's X account, lagged window","integer","posts","feature_lag","lag30","none known",92,36,0.71875,25.0978,60.6713,3681.01,0,3,12,32,568,7.92883,43,
"x_posts_original_lag30","Original posts by the subnet's X account, lagged window","integer","posts","feature_lag","lag30","none known",92,36,0.71875,9.98913,9.56929,91.5713,0,2.75,7.5,15,44,1.11662,29,
"kol_posts_90d","Posts by independent commentators that name the subnet, 90 days","integer","posts","feature","90d","likely two-way",128,0,1,7.1875,13.3928,179.366,0,0,1.5,8,68,2.91277,27,
"kol_accounts_90d","Independent commentators who named the subnet, 90 days","integer","accounts 0-9","feature","90d","likely two-way",128,0,1,1.9375,2.37357,5.63386,0,0,1,3,9,1.21313,10,
"kol_pos_posts_90d","Posts by independent commentators that speak well of the subnet, 90 days","integer","posts","feature","90d","likely two-way",128,0,1,3.26562,7.39811,54.732,0,0,0,3,48,3.7802,17,
"kol_neg_posts_90d","Posts by independent commentators that speak badly of the subnet, 90 days","integer","posts","feature","90d","likely two-way",128,0,1,0.109375,0.489808,0.239911,0,0,0,0,4,5.50506,4,
"kol_posts_30d","Posts by independent commentators that name the subnet","integer","posts","feature","30d","likely two-way",128,0,1,2.82812,6.02503,36.3009,0,0,0,3,37,3.33996,18,
"kol_pos_posts_30d","Posts by independent commentators that speak well of the subnet","integer","posts","feature","30d","likely two-way",128,0,1,1.375,3.43443,11.7953,0,0,0,1,22,3.63538,13,
"kol_neg_posts_30d","Posts by independent commentators that speak badly of the subnet","integer","posts","feature","30d","likely two-way",128,0,1,0.03125,0.174676,0.0305118,0,0,0,0,1,5.38816,2,
"kol_posts_lag30","Posts by independent commentators that name the subnet, lagged window","integer","posts","feature_lag","lag30","none known",128,0,1,2.02344,4.78427,22.8892,0,0,0,1,33,3.65222,15,
"kol_pos_posts_lag30","Posts by independent commentators that speak well of the subnet, lagged window","integer","posts","feature_lag","lag30","none known",128,0,1,0.960938,3.1055,9.64413,0,0,0,0,28,6.01955,11,
"kol_neg_posts_lag30","Posts by independent commentators that speak badly of the subnet, lagged window","integer","posts","feature_lag","lag30","none known",128,0,1,0.0390625,0.291678,0.0850763,0,0,0,0,3,8.83236,3,
"days_since_registration","Days since the subnet was registered","number","days","feature","","none known",128,0,1,530.956,303.398,92050.4,4.01764,267.178,544.241,778.409,1093.25,0.0154899,128,
"days_since_first_emission","Days since the subnet first received emissions","number","days","feature","","none known",124,4,0.96875,414.442,173.487,30097.6,11.2051,271.489,542.808,551.271,551.271,-0.880916,63,
"days_since_owner_change","Days since the owner key last changed","number","days","feature","","none known",81,47,0.632812,243.982,240.199,57695.6,9.26903,47.3892,184.217,370.381,809.909,1.17736,81,
"days_since_identity_change","Days since the name, GitHub owner or website last changed","number","days","feature","","none known",79,49,0.617188,164.982,152.799,23347.6,2.16389,44.1606,101.096,250.026,554.437,1.0023,79,
"project_age_days","Days since the current project took over the subnet","number","days","feature","","none known",128,0,1,328.608,306.045,93663.8,3.09569,66.6641,234.753,542.817,1093.25,0.869752,127,
"owner_buy_tao_30d","TAO the owner spent buying its own alpha","number","TAO","feature","30d","mechanical (flow): a purchase through the pool raises the price in the same window",128,0,1,56.6319,509.397,259486,0,0,0,0,5669.22,10.6321,11,
"owner_sell_tao_30d","TAO the owner received selling its own alpha","number","TAO","feature","30d","mechanical (flow): a purchase through the pool raises the price in the same window",128,0,1,33.679,113.893,12971.6,0,0,0,0,599.71,3.82257,24,
"owner_net_buy_tao_30d","Owner's net purchases of its own alpha","number","TAO","feature","30d","mechanical (flow): a purchase through the pool raises the price in the same window",128,0,1,22.9529,512.198,262347,-479.82,0,0,0,5669.22,10.566,30,
"owner_cut_sold_ratio_30d","Alpha sold by the owner relative to the owner cut it received","number","ratio","feature","30d","mechanical (flow): a purchase through the pool raises the price in the same window",124,4,0.96875,0.161455,0.524176,0.274761,0,0,0,0,3.34202,3.92408,24,
"owner_net_buy_tao_lag30","Owner's net purchases of its own alpha, lagged window","number","TAO","feature_lag","lag30","none known",124,4,0.96875,-14.7016,216.942,47063.6,-995.773,0,0,0,1859.64,4.20373,34,
"owner_cut_sold_ratio_lag30","Alpha sold by the owner relative to its owner cut, lagged window","number","ratio","feature_lag","lag30","none known",121,7,0.945312,0.194468,1.01863,1.0376,0,0,0,0,10.6129,9.08421,28,
"owner_net_buy_tao_90d","Owner's net purchases of its own alpha in 90 days","number","TAO","feature","90d","mechanical (flow): a purchase through the pool raises the price in the same window",128,0,1,-35.1629,766.892,588123,-2031.28,-1.01238,0,0,7694.86,7.75776,52,
"owner_bought_any_90d","Owner bought its own alpha at least once in 90 days","binary","","feature","90d","mechanical (flow): a purchase through the pool raises the price in the same window",128,0,1,0.125,0.332018,0.110236,0,0,0,0,1,2.26779,2,0.125
"tao_emission_on_share_30d","Share of the window in which the subnet received TAO emissions","number","share 0-1","feature","30d","mechanical (gate): the TAO injected rises steeply with price x (1 - burn); it is zero when the flag is off, the burn is 100% or emissions have not started",128,0,1,0.64246,0.414696,0.171973,0,0.168874,0.8,1,1,-0.646062,38,
"emission_flag_on_share_30d","Share of the window with the emission flag switched on","number","share 0-1","feature","30d","mechanical (gate): the TAO injected rises steeply with price x (1 - burn); it is zero when the flag is off, the burn is 100% or emissions have not started",128,0,1,0.863163,0.215855,0.0465933,0,0.716667,1,1,1,-2.42314,11,
"tao_emission_on_share_lag30","Share of the lagged window in which the subnet received TAO emissions","number","share 0-1","feature_lag","lag30","depends on the price in the lagged window",124,4,0.96875,0.595451,0.459245,0.210906,0,0,0.93125,1,1,-0.406229,31,
"emission_flag_on_share_lag30","Share of the lagged window with the emission flag switched on","number","share 0-1","feature_lag","lag30","depends on the price in the lagged window",124,4,0.96875,0.668502,0.458623,0.210335,0,0,1,1,1,-0.720638,9,
"baskets_net_buyers_n_30d","Validator baskets that were net buyers of the subnet's alpha","integer","baskets","feature","30d","mechanical (flow): a purchase through the pool raises the price in the same window",128,0,1,1.13281,2.17129,4.71451,0,0,0,1,9,2.23339,10,
"basket_net_buy_tao_30d","Net TAO value moved into the subnet by validator baskets","number","TAO","feature","30d","mechanical (flow): a purchase through the pool raises the price in the same window",128,0,1,0.438596,52.5291,2759.3,-175.423,-12.2994,-1.31011,-0.611694,205.454,0.865982,126,
"basket_alpha_share_issued","Alpha held in validator baskets as a share of alpha issued","number","share 0-1","feature","","likely two-way",128,0,1,0.0123664,0.0236242,0.000558101,0,0.00211084,0.00339869,0.00971465,0.116644,3.15008,125,
"podcast_episodes_12m","Podcast episodes about the subnet in the 12 months before T","integer","episodes","feature","12m","likely two-way",128,0,1,0.695312,1.0083,1.01667,0,0,0,1,4,1.56264,5,
"podcast_shows_12m","Number of the six shows that featured the subnet","integer","shows 0-6","feature","12m","likely two-way",128,0,1,0.625,0.851122,0.724409,0,0,0,1,3,1.18274,4,
"podcast_days_since_last","Days since the last episode about the subnet","number","days","feature","12m","none known",54,74,0.421875,160.412,108.063,11677.6,3.98256,82.6713,137.479,241.382,357.005,0.453393,50,
"podcast_episodes_12m_lag30","Podcast episodes about the subnet in the 12 months before T-30d","integer","episodes","feature_lag","12m to T-30d","none known",128,0,1,0.734375,1.11174,1.23597,0,0,0,1,6,1.84945,6,
"podcast_novelty_search_12m","Episodes about the subnet on Novelty Search (Opentensor Foundation channel)","integer","episodes","feature","12m","likely two-way",128,0,1,0.1875,0.430162,0.185039,0,0,0,0,2,2.17866,3,
"podcast_hash_rate_12m","Episodes about the subnet on Hash Rate","integer","episodes","feature","12m","likely two-way",128,0,1,0.242188,0.528645,0.279466,0,0,0,0,2,2.10785,3,
"podcast_ventura_labs_12m","Episodes about the subnet on Ventura Labs","integer","episodes","feature","12m","likely two-way",128,0,1,0.109375,0.313335,0.0981791,0,0,0,0,1,2.50313,2,
"podcast_revenue_search_12m","Episodes about the subnet on Revenue Search","integer","episodes","feature","12m","likely two-way",128,0,1,0.140625,0.370876,0.137549,0,0,0,0,2,2.52184,3,
"podcast_bittensor_guru_12m","Episodes about the subnet on Bittensor Guru","integer","episodes","feature","12m","likely two-way",128,0,1,0.015625,0.124507,0.015502,0,0,0,0,1,7.81127,2,
"exploit26_presented","A member of the subnet's team spoke at the Exploit 26 summit (28-29 Sep 2026)","binary","","feature","","likely two-way",128,0,1,0.304688,0.462084,0.213521,0,0,0,1,1,0.848678,2,0.304688
"exploit26_sessions_n","Summit sessions with a speaker from the subnet's team","integer","sessions","feature","","likely two-way",128,0,1,0.445312,0.771629,0.595411,0,0,0,1,3,1.73222,4,
"exploit26_mentions_n","Summit sessions of other teams in which the subnet was named","integer","sessions","feature","","likely two-way",128,0,1,0.523438,1.46865,2.15693,0,0,0,0,9,3.62958,9,
"owner_lock_share_owner_alpha","Share of the owner's alpha that is locked","number","share 0-1","feature","","none known",124,4,0.96875,0.277739,0.352717,0.124409,0,0,0,0.575486,0.998966,0.831321,62,
"ownerhk_lock_share_issued","Alpha locked to the owner hotkey by anyone, as a share of alpha issued","number","share 0-1","feature","","none known",128,0,1,0.052951,0.0639969,0.0040956,0,0.00122124,0.0276988,0.0830428,0.271088,1.43295,118,
"owner_lock_perpetual","Owner holds a lock that does not decay","binary","","feature","","none known",128,0,1,0.359375,0.481703,0.232037,0,0,0,1,1,0.586161,2,0.359375
"owner_cut_autolock","Owner cut is locked automatically","binary","","feature","","none known",128,0,1,0.101562,0.303259,0.091966,0,0,0,0,1,2.63803,2,0.101562
"owner_lock_share_owner_alpha_lag30","Share of the owner's alpha that is locked, 30 days before T","number","share 0-1","feature_lag","","none known",121,7,0.945312,0.276573,0.35395,0.125281,0,0,0,0.596846,0.999594,0.865471,60,
"ownerhk_lock_share_issued_lag30","Alpha locked to the owner hotkey as a share of alpha issued, 30 days before T","number","share 0-1","feature_lag","","none known",124,4,0.96875,0.0523189,0.0600996,0.00361196,0,0.00140605,0.0293069,0.0835626,0.269162,1.30497,117,
"holders_positions_n","Stake positions in the subnet","integer","positions","feature","","likely two-way",128,0,1,2224.89,1754.6,3078630,0,1323,1955.5,2560.25,13192,2.76198,125,
"holders_top10_share","Share of staked alpha held by the ten largest wallets (lower bound)","number","share 0-1","feature","","likely two-way",125,3,0.976562,0.644307,0.157432,0.0247847,0.28075,0.540633,0.632467,0.756214,1,0.1279,125,
"holders_top10_share_upper","Share of staked alpha held by the ten largest wallets (upper bound)","number","share 0-1","quality","","",125,3,0.976562,0.655645,0.153643,0.0236061,0.290179,0.558602,0.641665,0.761369,1,0.0869956,125,
"holders_hhi","Concentration of staked alpha across wallets (Herfindahl index, lower bound)","number","index 0-1","feature","","likely two-way",125,3,0.976562,0.146929,0.158442,0.0251039,0.0149204,0.0503432,0.0837256,0.188553,1,2.51359,125,
"holders_hhi_upper","Concentration of staked alpha across wallets (upper bound)","number","index 0-1","quality","","",125,3,0.976562,0.152454,0.158334,0.0250696,0.0161237,0.0553209,0.0944605,0.188553,1,2.48316,125,
"holders_untraced_share","Share of staked alpha in positions that were not traced","number","share 0-1","quality","","",125,3,0.976562,0.0113374,0.0125831,0.000158334,0,0.00413397,0.00815136,0.0119532,0.0822231,2.99327,125,
"stake_share_owner_validator","Share of staked alpha that sits on the owner's validator hotkey","number","share 0-1","feature","","none known",125,3,0.976562,0.253738,0.230122,0.052956,0,0.0423195,0.205643,0.40875,0.872135,0.764045,125,
"owner_alpha_share_issued","Owner's alpha as a share of alpha issued","number","share 0-1","feature","","none known",128,0,1,0.0802739,0.0784452,0.00615366,0,0.0117377,0.053911,0.13953,0.371679,1.0001,125,
"alpha_burned_share","Alpha burned as a share of alpha issued","number","share 0-1","feature","","none known",128,0,1,0.154364,0.0918681,0.00843975,0,0.0888297,0.144736,0.210961,0.345953,0.289775,123,
"stake_share_owner_validator_lag30","Share of staked alpha on the owner's validator hotkey, 30 days before T","number","share 0-1","feature_lag","","none known",121,7,0.945312,0.235942,0.209873,0.0440466,0.000396818,0.0397185,0.200119,0.35476,0.816436,0.745778,121,
"owner_alpha_share_issued_lag30","Owner's alpha as a share of alpha issued, 30 days before T","number","share 0-1","feature_lag","","none known",124,4,0.96875,0.0802505,0.0769627,0.00592325,0,0.0155843,0.0540518,0.139075,0.370818,1.11511,122,
"alpha_burned_share_lag30","Alpha burned as a share of alpha issued, 30 days before T","number","share 0-1","feature_lag","","none known",124,4,0.96875,0.15867,0.0901202,0.00812165,0,0.0937796,0.153864,0.215939,0.34295,0.208136,121,
"reg_cost_tao_now","Cost of registering a miner at T","number","TAO","feature","","none known",128,0,1,0.210634,0.34579,0.119571,5e-04,5e-04,0.0225,0.200403,1.70675,1.81176,44,
"reg_cost_tao_mean_30d","Mean cost of registering a miner","number","TAO","feature","30d","none known",128,0,1,0.226972,0.372167,0.138508,5e-04,0.000505385,0.0340063,0.314381,2.28094,2.21407,111,
"reg_cost_tao_mean_lag30","Mean cost of registering a miner, lagged window","number","TAO","feature_lag","lag30","none known",124,4,0.96875,0.180846,0.321686,0.103482,5e-04,0.000504199,0.0113904,0.129538,1.1463,1.85124,107,
"reg_recycled_tao_30d","TAO recycled through miner registrations","number","TAO","feature","30d","none known",124,4,0.96875,23.7417,66.0388,4361.13,0,0.019496,0.2,10.3089,495.068,4.52779,109,
"registrations_30d","Miner registrations","integer","registrations","feature","30d","none known",128,0,1,249.953,492.976,243025,0,7.75,58,173.5,1841,2.508,87,
"registrations_lag30","Miner registrations, lagged window","integer","registrations","feature_lag","lag30","none known",124,4,0.96875,270.669,501.462,251464,0,8.75,49.5,178,1805,2.20665,85,
"validators_n","Validators with a permit at T","integer","validators","feature","","none known",128,0,1,11.0391,6.01495,36.1796,1,8,10.5,13,49,2.39441,22,
"owner_validator_div_share","Share of validator dividends earned by the owner's hotkey","number","share 0-1","feature","30d","none known",124,4,0.96875,0.353904,0.322668,0.104115,0,0,0.369935,0.587622,1,0.338521,87,
"validator_stake_hhi","Concentration of stake weight across validators (Herfindahl index)","number","index 0-1","feature","","none known",128,0,1,0.452632,0.187743,0.0352476,0.156397,0.313353,0.402983,0.559561,1,1.01039,128,
"validators_n_lag30","Validators with a permit, 30 days before T","integer","validators","feature_lag","","none known",124,4,0.96875,11.4274,6.46966,41.8565,1,8,11,13,54,3.28617,24,
"owner_validator_div_share_lag30","Share of validator dividends earned by the owner's hotkey, 30 days to T-30d","number","share 0-1","feature_lag","lag30","none known",121,7,0.945312,0.330821,0.338532,0.114604,0,0,0.252427,0.606787,1,0.489273,82,
"validator_stake_hhi_lag30","Concentration of stake weight across validators, 30 days before T","number","index 0-1","feature_lag","","none known",124,4,0.96875,0.455431,0.188403,0.0354956,0.136964,0.323968,0.404443,0.541044,1,0.91675,124,
"commit_reveal_on","Commit-reveal of weights is switched on","binary","","feature","","none known",128,0,1,0.75,0.434714,0.188976,0,0.75,1,1,1,-1.1547,2,0.75
"yuma3_on","Yuma consensus version 3 is switched on","binary","","feature","","none known",128,0,1,0.25,0.434714,0.188976,0,0,0,0.25,1,1.1547,2,0.25
"liquid_alpha_on","Liquid alpha is switched on","binary","","feature","","none known",128,0,1,0.0625,0.243013,0.0590551,0,0,0,0,1,3.61478,2,0.0625
"mech_count","Number of incentive mechanisms","integer","mechanisms","feature","","none known",128,0,1,1.04688,0.212202,0.0450295,1,1,1,1,2,4.28748,2,
"max_neurons","Maximum number of UIDs","integer","UIDs","feature","","none known",128,0,1,248.789,36.0596,1300.29,64,256,256,256,257,-4.80278,4,
