"outcome","feature_set","model","r2_oos_mean","r2_oos_sd","r2_oos_min","r2_oos_max","rmse_mean","rmse_sd","mae_mean","share_repeats_above_zero","diff_r2_vs_ols_mean","diff_r2_vs_ols_sd","share_repeats_beats_ols"
"log_price_avg30","F1","null",0,0,0,0,0.87813,0.0028971,0.70027,0,-0.20295,0.027415,0
"log_price_avg30","F1","ols_composites",0.20295,0.027415,0.16542,0.25036,0.78386,0.013617,0.62818,1,0,0,0
"log_price_avg30","F1","ridge",0.36497,0.0181,0.3193,0.40135,0.69971,0.010621,0.55929,1,0.16202,0.027182,1
"log_price_avg30","F1","lasso",0.38418,0.023192,0.30846,0.41292,0.68898,0.01259,0.54947,1,0.18124,0.033478,1
"log_price_avg30","F1","elastic_net",0.38597,0.02079,0.317,0.41211,0.688,0.011409,0.54948,1,0.18303,0.031966,1
"log_price_avg30","F1","random_forest",0.32599,0.024372,0.26588,0.37131,0.72083,0.013761,0.56396,1,0.12304,0.021956,1
"log_price_avg30","F1","ensemble_ridge_rf",0.36048,0.017674,0.31745,0.39093,0.70218,0.010591,0.55409,1,0.15754,0.021216,1
"log_price_avg30","F2","null",0,0,0,0,0.87813,0.0028971,0.70027,0,-0.094561,0.028641,0
"log_price_avg30","F2","ols_composites",0.094561,0.028641,0.039382,0.14386,0.83547,0.013083,0.65354,1,0,0,0
"log_price_avg30","F2","ridge",0.30785,0.025504,0.26267,0.37728,0.73044,0.013506,0.56897,1,0.21329,0.031756,1
"log_price_avg30","F2","lasso",0.3589,0.027343,0.30934,0.4062,0.70294,0.014611,0.55093,1,0.26433,0.029259,1
"log_price_avg30","F2","elastic_net",0.36797,0.025017,0.33057,0.42265,0.69797,0.013577,0.546,1,0.27341,0.027057,1
"log_price_avg30","F2","random_forest",0.31552,0.022827,0.27446,0.3593,0.72641,0.012504,0.56626,1,0.22096,0.025951,1
"log_price_avg30","F2","ensemble_ridge_rf",0.3271,0.021613,0.29478,0.38036,0.72024,0.011926,0.56258,1,0.23254,0.026065,1
"log_price_avg30","F3","null",0,0,0,0,0.87813,0.0028971,0.70027,0,-0.59064,0.029193,0
"log_price_avg30","F3","ols_composites",0.59064,0.029193,0.51982,0.64734,0.5615,0.019805,0.42851,1,0,0,0
"log_price_avg30","F3","ridge",0.44645,0.010706,0.41983,0.45938,0.65331,0.0067587,0.51071,1,-0.14419,0.026957,0
"log_price_avg30","F3","lasso",0.64958,0.018531,0.61706,0.68808,0.51963,0.013464,0.386,1,0.058942,0.035018,0.95
"log_price_avg30","F3","elastic_net",0.64236,0.0173,0.60808,0.67229,0.525,0.012436,0.39275,1,0.051719,0.034084,0.9
"log_price_avg30","F3","random_forest",0.65437,0.012226,0.63158,0.67707,0.51617,0.0088829,0.37578,1,0.063736,0.030746,1
"log_price_avg30","F3","ensemble_ridge_rf",0.57632,0.011456,0.55522,0.59225,0.57153,0.0077822,0.43242,1,-0.014317,0.028791,0.2
"log_price_spot","F1","null",0,0,0,0,0.94133,0.0034347,0.7436,0,-0.2185,0.023269,0
"log_price_spot","F1","ols_composites",0.2185,0.023269,0.1827,0.26309,0.83207,0.013041,0.67419,1,0,0,0
"log_price_spot","F1","ridge",0.31978,0.020895,0.28512,0.35543,0.7763,0.013407,0.61739,1,0.10127,0.02248,1
"log_price_spot","F1","lasso",0.37677,0.015186,0.34619,0.40717,0.74308,0.0095969,0.60315,1,0.15827,0.024524,1
"log_price_spot","F1","elastic_net",0.36385,0.014816,0.32862,0.3839,0.75075,0.009801,0.60832,1,0.14535,0.023038,1
"log_price_spot","F1","random_forest",0.32051,0.022584,0.26866,0.36294,0.77586,0.014263,0.6138,1,0.10201,0.023783,1
"log_price_spot","F1","ensemble_ridge_rf",0.33127,0.018379,0.29204,0.37002,0.76973,0.01226,0.61185,1,0.11277,0.019891,1
"log_price_spot","F2","null",0,0,0,0,0.94133,0.0034347,0.7436,0,-0.11865,0.026115,0
"log_price_spot","F2","ols_composites",0.11865,0.026115,0.069956,0.1608,0.88363,0.013841,0.71029,1,0,0,0
"log_price_spot","F2","ridge",0.30985,0.025143,0.2622,0.37036,0.78189,0.014976,0.62062,1,0.1912,0.029076,1
"log_price_spot","F2","lasso",0.35074,0.036358,0.21989,0.38806,0.75821,0.0204,0.60464,1,0.2321,0.044051,1
"log_price_spot","F2","elastic_net",0.34033,0.042548,0.20612,0.38758,0.76418,0.023983,0.6087,1,0.22168,0.046339,1
"log_price_spot","F2","random_forest",0.30888,0.023491,0.26011,0.34635,0.78246,0.014217,0.61949,1,0.19024,0.025961,1
"log_price_spot","F2","ensemble_ridge_rf",0.32275,0.021795,0.2825,0.36844,0.77458,0.013367,0.61714,1,0.20411,0.025076,1
"log_price_spot","F3","null",0,0,0,0,0.94133,0.0034347,0.7436,0,-0.56967,0.02808,0
"log_price_spot","F3","ols_composites",0.56967,0.02808,0.47929,0.61135,0.61719,0.019435,0.48207,1,0,0,0
"log_price_spot","F3","ridge",0.44422,0.010364,0.42404,0.45834,0.70174,0.0073417,0.57015,1,-0.12545,0.024915,0
"log_price_spot","F3","lasso",0.5876,0.040558,0.43737,0.63405,0.60386,0.02772,0.45834,1,0.017935,0.045196,0.8
"log_price_spot","F3","elastic_net",0.57812,0.040406,0.42659,0.61812,0.61079,0.027153,0.4672,1,0.0084524,0.044004,0.7
"log_price_spot","F3","random_forest",0.67303,0.015181,0.62587,0.69695,0.53812,0.012168,0.41393,1,0.10336,0.029441,1
"log_price_spot","F3","ensemble_ridge_rf",0.58575,0.012555,0.5527,0.6019,0.60579,0.0093023,0.48221,1,0.016084,0.026729,0.65
"log_price_avg30","F2","ols_composites_leave_one_team_out",0.11478,,,,0.82649,,0.64477,,,,
