"model","outcome","term","label","x_sn111","x_mean","coefficient","se_hc3","contribution","ci_low","ci_high","predicted_deviation","actual_deviation","residual"
"spec2","log_price_avg30","development","Development activity (composite)",0.16455,-0.281,0.40669,0.14735,0.1812,0.052524,0.30988,0.077131,-0.15936,-0.23649
"spec2","log_price_avg30","presence","Public presence (0 to 6)",0.45465,0.0081157,0.10846,0.16323,0.048432,-0.094428,0.19129,0.077131,-0.15936,-0.23649
"spec2","log_price_avg30","miner_scale","Miner scale (composite)",0.78115,0.034219,-0.3291,0.22085,-0.24582,-0.56913,0.077498,0.077131,-0.15936,-0.23649
"spec2","log_price_avg30","miner_concentration","Miner pay concentration (composite)",-0.92015,-0.00024782,-0.063457,0.11712,0.058375,-0.15279,0.26954,0.077131,-0.15936,-0.23649
"spec2","log_price_avg30","burn_mean_30d","Share of miner emissions burned",0,0.39039,-0.91078,0.25117,0.35556,0.16337,0.54775,0.077131,-0.15936,-0.23649
"spec2","log_price_avg30","validator_dispersion","Validator dispersion (composite)",-1.2943,0.0076373,0.013227,0.14303,-0.017221,-0.3822,0.34776,0.077131,-0.15936,-0.23649
"spec2","log_price_avg30","owner_commitment","Owner commitment (composite)",-0.83286,0.011485,0.10492,0.10502,-0.088585,-0.26238,0.085213,0.077131,-0.15936,-0.23649
"spec2","log_price_avg30","yuma3_on","Yuma 3 on",0,0.22581,-0.23988,0.2224,0.054166,-0.044264,0.1526,0.077131,-0.15936,-0.23649
"spec2","log_price_avg30","commit_reveal_on","Commit-reveal on",1,0.74194,-0.16077,0.18941,-0.041488,-0.13729,0.054315,0.077131,-0.15936,-0.23649
"spec2","log_price_avg30","owner_changed_180d","Owner key changed in 180 days",1,0.31452,0.095088,0.20851,0.065182,-0.21496,0.34532,0.077131,-0.15936,-0.23649
"spec2","log_price_avg30","identity_changed_180d","Identity changed in 180 days",1,0.40323,0.021797,0.2021,0.013008,-0.22338,0.2494,0.077131,-0.15936,-0.23649
"spec2","log_price_avg30","log_age","Age since registration (log)",6.209,6.085,-0.013316,0.14682,-0.0016521,-0.037356,0.034051,0.077131,-0.15936,-0.23649
"spec2","log_price_avg30","renamed_project","Took over a running netuid",1,0.52419,-0.51361,0.20885,-0.24438,-0.43915,-0.049606,0.077131,-0.15936,-0.23649
"spec2","log_price_avg30","flag_placeholder_identity","Placeholder identity",0,0.096774,0.039484,0.43933,-0.0038211,-0.087152,0.07951,0.077131,-0.15936,-0.23649
"spec2","log_price_avg30","startup_mode","Startup mode",0,0.016129,-0.73087,0.51246,0.011788,-0.0044122,0.027989,0.077131,-0.15936,-0.23649
"spec2","log_price_avg30","flag_full_burn_30d","Full burn",0,0.15323,0.0029377,0.35925,-0.00045013,-0.10834,0.10744,0.077131,-0.15936,-0.23649
"spec2","log_price_avg30","has_repo","Has a GitHub repository",1,0.82258,-0.37856,0.43475,-0.067164,-0.21834,0.084017,0.077131,-0.15936,-0.23649
"spec3","log_price_avg30","development","Development activity (composite)",0.16455,-0.281,0.081547,0.12245,0.036333,-0.070601,0.14327,-0.31205,-0.15936,0.1527
"spec3","log_price_avg30","presence","Public presence (0 to 6)",0.45465,0.0081157,-0.035679,0.10918,-0.015932,-0.11149,0.079626,-0.31205,-0.15936,0.1527
"spec3","log_price_avg30","miner_scale","Miner scale (composite)",0.78115,0.034219,0.1759,0.17184,0.13139,-0.12018,0.38295,-0.31205,-0.15936,0.1527
"spec3","log_price_avg30","miner_concentration","Miner pay concentration (composite)",-0.92015,-0.00024782,-0.029053,0.085813,0.026726,-0.128,0.18145,-0.31205,-0.15936,0.1527
"spec3","log_price_avg30","burn_mean_30d","Share of miner emissions burned",0,0.39039,-0.16371,0.24575,0.063909,-0.12413,0.25195,-0.31205,-0.15936,0.1527
"spec3","log_price_avg30","validator_dispersion","Validator dispersion (composite)",-1.2943,0.0076373,0.12111,0.10311,-0.15768,-0.42081,0.10546,-0.31205,-0.15936,0.1527
"spec3","log_price_avg30","owner_commitment","Owner commitment (composite)",-0.83286,0.011485,0.041179,0.065644,-0.034769,-0.1434,0.073866,-0.31205,-0.15936,0.1527
"spec3","log_price_avg30","yuma3_on","Yuma 3 on",0,0.22581,-0.15575,0.16501,0.03517,-0.037862,0.1082,-0.31205,-0.15936,0.1527
"spec3","log_price_avg30","commit_reveal_on","Commit-reveal on",1,0.74194,0.046005,0.12764,0.011872,-0.052691,0.076435,-0.31205,-0.15936,0.1527
"spec3","log_price_avg30","owner_changed_180d","Owner key changed in 180 days",1,0.31452,-0.14133,0.1659,-0.096879,-0.31978,0.12602,-0.31205,-0.15936,0.1527
"spec3","log_price_avg30","identity_changed_180d","Identity changed in 180 days",1,0.40323,0.022738,0.16291,0.013569,-0.17698,0.20412,-0.31205,-0.15936,0.1527
"spec3","log_price_avg30","log_age","Age since registration (log)",6.209,6.085,0.0044885,0.16497,0.00055689,-0.039561,0.040675,-0.31205,-0.15936,0.1527
"spec3","log_price_avg30","renamed_project","Took over a running netuid",1,0.52419,-0.15807,0.14992,-0.075211,-0.21502,0.064599,-0.31205,-0.15936,0.1527
"spec3","log_price_avg30","flag_placeholder_identity","Placeholder identity",0,0.096774,0.32,0.31246,-0.030968,-0.090234,0.028298,-0.31205,-0.15936,0.1527
"spec3","log_price_avg30","startup_mode","Startup mode",0,0.016129,0.64561,0.60291,-0.010413,-0.029473,0.0086466,-0.31205,-0.15936,0.1527
"spec3","log_price_avg30","flag_full_burn_30d","Full burn",0,0.15323,0.37617,0.28304,-0.057639,-0.14264,0.027365,-0.31205,-0.15936,0.1527
"spec3","log_price_avg30","has_repo","Has a GitHub repository",1,0.82258,0.10527,0.29394,0.018677,-0.083538,0.12089,-0.31205,-0.15936,0.1527
"spec3","log_price_avg30","attention","Commentator and summit attention (composite)",0.59009,0.022835,0.5678,0.13996,0.32209,0.16648,0.4777,-0.31205,-0.15936,0.1527
"spec3","log_price_avg30","x_reach","X reach (composite)",0.28577,-0.6141,-0.14632,0.10746,-0.13167,-0.32121,0.057868,-0.31205,-0.15936,0.1527
"spec3","log_price_avg30","has_x","Has an X account",1,0.72581,0.23045,0.2624,0.063188,-0.077833,0.20421,-0.31205,-0.15936,0.1527
"spec3","log_price_avg30","dev_popularity","GitHub stars and forks (composite)",-0.56714,-0.24078,-0.080501,0.10621,0.026273,-0.041665,0.09421,-0.31205,-0.15936,0.1527
"spec3","log_price_avg30","holder_dispersion","Holder dispersion by wallet (composite)",0.9648,0.050379,-0.11328,0.1375,-0.10358,-0.35002,0.14286,-0.31205,-0.15936,0.1527
"spec3","log_price_avg30","owner_net_buy_tao_30d","Owner net purchases (asinh TAO)",0,-0.53415,0.057766,0.068062,0.030856,-0.040401,0.10211,-0.31205,-0.15936,0.1527
"spec3","log_price_avg30","owner_cut_sold_ratio_30d","Owner cut sold, ratio",0,0.13307,-0.019067,0.25593,0.0025372,-0.064211,0.069286,-0.31205,-0.15936,0.1527
"spec3","log_price_avg30","owner_bought_any_90d","Owner bought in 90 days",0,0.1129,0.20581,0.18514,-0.023237,-0.064206,0.017731,-0.31205,-0.15936,0.1527
"spec3","log_price_avg30","baskets_net_buyers_n_30d","Baskets buying, count",0,0.4619,0.8834,0.12216,-0.40804,-0.51863,-0.29744,-0.31205,-0.15936,0.1527
"spec3","log_price_avg30","basket_net_buy_tao_30d","Basket net purchases (asinh TAO)",-2.8778,-0.98492,-0.099941,0.022487,0.18917,0.10575,0.2726,-0.31205,-0.15936,0.1527
"spec3","log_price_avg30","basket_alpha_share_issued","Basket holdings, share of alpha",0.0027107,0.01104,5.1803,5.5146,-0.043146,-0.13317,0.046878,-0.31205,-0.15936,0.1527
"spec3","log_price_avg30","tao_emission_on_share_30d","TAO emission on, share of window",0.98333,0.66166,-0.23418,0.41513,-0.075331,-0.33706,0.1864,-0.31205,-0.15936,0.1527
"spec3","log_price_avg30","emission_flag_on_share_30d","Emission flag on, share of window",0.98333,0.88411,-0.20427,0.82267,-0.020269,-0.18027,0.13973,-0.31205,-0.15936,0.1527
"spec3","log_price_avg30","registrations_30d","Miner registrations (log)",5.4681,3.79,-0.0096491,0.033528,-0.016192,-0.12647,0.094083,-0.31205,-0.15936,0.1527
"spec3","log_price_avg30","reg_cost_tao_now","Registration cost (log TAO)",0.47793,0.14732,0.050152,0.35798,0.016581,-0.21539,0.24855,-0.31205,-0.15936,0.1527
"spec2","log_price_spot","development","Development activity (composite)",0.16455,-0.281,0.39643,0.15424,0.17663,0.041934,0.31133,0.12158,-0.22586,-0.34744
"spec2","log_price_spot","presence","Public presence (0 to 6)",0.45465,0.0081157,0.10881,0.17428,0.048589,-0.10394,0.20112,0.12158,-0.22586,-0.34744
"spec2","log_price_spot","miner_scale","Miner scale (composite)",0.78115,0.034219,-0.32299,0.23463,-0.24125,-0.58475,0.10225,0.12158,-0.22586,-0.34744
"spec2","log_price_spot","miner_concentration","Miner pay concentration (composite)",-0.92015,-0.00024782,-0.072184,0.12448,0.066403,-0.15803,0.29083,0.12158,-0.22586,-0.34744
"spec2","log_price_spot","burn_mean_30d","Share of miner emissions burned",0,0.39039,-0.8686,0.26809,0.33909,0.13396,0.54422,0.12158,-0.22586,-0.34744
"spec2","log_price_spot","validator_dispersion","Validator dispersion (composite)",-1.2943,0.0076373,0.031812,0.15744,-0.041418,-0.44318,0.36034,0.12158,-0.22586,-0.34744
"spec2","log_price_spot","owner_commitment","Owner commitment (composite)",-0.83286,0.011485,0.15469,0.11712,-0.13061,-0.32444,0.063212,0.12158,-0.22586,-0.34744
"spec2","log_price_spot","yuma3_on","Yuma 3 on",0,0.22581,-0.34992,0.24189,0.079015,-0.028041,0.18607,0.12158,-0.22586,-0.34744
"spec2","log_price_spot","commit_reveal_on","Commit-reveal on",1,0.74194,-0.17665,0.19687,-0.045587,-0.14516,0.05399,0.12158,-0.22586,-0.34744
"spec2","log_price_spot","owner_changed_180d","Owner key changed in 180 days",1,0.31452,0.14812,0.2198,0.10153,-0.19378,0.39685,0.12158,-0.22586,-0.34744
"spec2","log_price_spot","identity_changed_180d","Identity changed in 180 days",1,0.40323,0.060668,0.21248,0.036205,-0.21233,0.28474,0.12158,-0.22586,-0.34744
"spec2","log_price_spot","log_age","Age since registration (log)",6.209,6.085,0.15765,0.15803,0.01956,-0.01887,0.057989,0.12158,-0.22586,-0.34744
"spec2","log_price_spot","renamed_project","Took over a running netuid",1,0.52419,-0.48437,0.21742,-0.23047,-0.43323,-0.027701,0.12158,-0.22586,-0.34744
"spec2","log_price_spot","flag_placeholder_identity","Placeholder identity",0,0.096774,-0.031623,0.44728,0.0030603,-0.081778,0.087898,0.12158,-0.22586,-0.34744
"spec2","log_price_spot","startup_mode","Startup mode",0,0.016129,-0.070353,0.54457,0.0011347,-0.016081,0.01835,0.12158,-0.22586,-0.34744
"spec2","log_price_spot","flag_full_burn_30d","Full burn",0,0.15323,-0.093902,0.38668,0.014388,-0.10174,0.13052,0.12158,-0.22586,-0.34744
"spec2","log_price_spot","has_repo","Has a GitHub repository",1,0.82258,-0.42097,0.44627,-0.074688,-0.22987,0.080498,0.12158,-0.22586,-0.34744
