"outcome","feature_set","model","actual_log","predicted_log","actual_tao","predicted_tao","gap_log","gap_percent","model_rmse_log","gap_in_rmse_units"
"log_price_avg30","F1","ols_composites",-5.2491,-5.7912,0.0052521,0.0030542,0.5421,71.961,0.78386,0.69157
"log_price_avg30","F1","ridge",-5.2491,-5.102,0.0052521,0.0060847,-0.14715,-13.684,0.69971,-0.2103
"log_price_avg30","F1","lasso",-5.2491,-5.2437,0.0052521,0.0052804,-0.0053776,-0.53632,0.68898,-0.0078052
"log_price_avg30","F1","elastic_net",-5.2491,-5.1869,0.0052521,0.0055891,-0.062192,-6.0297,0.688,-0.090395
"log_price_avg30","F1","random_forest",-5.2491,-5.0798,0.0052521,0.0062215,-0.16938,-15.581,0.72083,-0.23497
"log_price_avg30","F1","ensemble_ridge_rf",-5.2491,-5.0909,0.0052521,0.0061527,-0.15826,-14.638,0.70218,-0.22539
"log_price_avg30","F2","ols_composites",-5.2491,-4.9841,0.0052521,0.0068457,-0.26499,-23.278,0.83547,-0.31717
"log_price_avg30","F2","ridge",-5.2491,-5.2174,0.0052521,0.0054214,-0.03173,-3.1232,0.73044,-0.043439
"log_price_avg30","F2","lasso",-5.2491,-5.2264,0.0052521,0.0053728,-0.022726,-2.247,0.70294,-0.03233
"log_price_avg30","F2","elastic_net",-5.2491,-5.2438,0.0052521,0.0052803,-0.0053498,-0.53355,0.69797,-0.0076648
"log_price_avg30","F2","random_forest",-5.2491,-5.0003,0.0052521,0.006736,-0.24884,-22.029,0.72641,-0.34255
"log_price_avg30","F2","ensemble_ridge_rf",-5.2491,-5.1088,0.0052521,0.0060431,-0.14028,-13.089,0.72024,-0.19477
"log_price_avg30","F3","ols_composites",-5.2491,-5.4188,0.0052521,0.0044324,0.1697,18.494,0.5615,0.30222
"log_price_avg30","F3","ridge",-5.2491,-5.0111,0.0052521,0.0066637,-0.23804,-21.183,0.65331,-0.36436
"log_price_avg30","F3","lasso",-5.2491,-5.1049,0.0052521,0.0060672,-0.14426,-13.434,0.51963,-0.27763
"log_price_avg30","F3","elastic_net",-5.2491,-5.0582,0.0052521,0.0063567,-0.19089,-17.377,0.525,-0.36359
"log_price_avg30","F3","random_forest",-5.2491,-5.1407,0.0052521,0.0058534,-0.1084,-10.273,0.51617,-0.21001
"log_price_avg30","F3","ensemble_ridge_rf",-5.2491,-5.0759,0.0052521,0.0062454,-0.17322,-15.905,0.57153,-0.30308
"log_price_spot","F1","ols_composites",-5.4268,-5.9123,0.004397,0.0027059,0.48548,62.495,0.83207,0.58346
"log_price_spot","F1","ridge",-5.4268,-5.2838,0.004397,0.005073,-0.14303,-13.327,0.7763,-0.18424
"log_price_spot","F1","lasso",-5.4268,-5.4066,0.004397,0.0044868,-0.02022,-2.0017,0.74308,-0.027211
"log_price_spot","F1","elastic_net",-5.4268,-5.3937,0.004397,0.0045453,-0.033189,-3.2645,0.75075,-0.044208
"log_price_spot","F1","random_forest",-5.4268,-5.3128,0.004397,0.0049281,-0.11403,-10.777,0.77586,-0.14698
"log_price_spot","F1","ensemble_ridge_rf",-5.4268,-5.2983,0.004397,0.005,-0.12853,-12.061,0.76973,-0.16698
"log_price_spot","F2","ols_composites",-5.4268,-5.0397,0.004397,0.0064759,-0.38717,-32.102,0.88363,-0.43816
"log_price_spot","F2","ridge",-5.4268,-5.3694,0.004397,0.0046571,-0.05748,-5.5859,0.78189,-0.073514
"log_price_spot","F2","lasso",-5.4268,-5.3451,0.004397,0.0047714,-0.081724,-7.8474,0.75821,-0.10779
"log_price_spot","F2","elastic_net",-5.4268,-5.3172,0.004397,0.0049063,-0.1096,-10.381,0.76418,-0.14343
"log_price_spot","F2","random_forest",-5.4268,-5.1831,0.004397,0.0056104,-0.2437,-21.628,0.78246,-0.31145
"log_price_spot","F2","ensemble_ridge_rf",-5.4268,-5.2763,0.004397,0.0051116,-0.15059,-13.98,0.77458,-0.19441
"log_price_spot","F3","ols_composites",-5.4268,-5.4353,0.004397,0.0043601,0.0084184,0.8454,0.61719,0.01364
"log_price_spot","F3","ridge",-5.4268,-5.1352,0.004397,0.005886,-0.29166,-25.298,0.70174,-0.41563
"log_price_spot","F3","lasso",-5.4268,-5.2064,0.004397,0.0054816,-0.22049,-19.787,0.60386,-0.36513
"log_price_spot","F3","elastic_net",-5.4268,-5.2111,0.004397,0.0054558,-0.21577,-19.408,0.61079,-0.35327
"log_price_spot","F3","random_forest",-5.4268,-5.256,0.004397,0.0052162,-0.17085,-15.705,0.53812,-0.31749
"log_price_spot","F3","ensemble_ridge_rf",-5.4268,-5.1956,0.004397,0.005541,-0.23125,-20.646,0.60579,-0.38174
