"variable","share_of_training_folds_kept"
"kol_posts_lag30",1
"renamed_project",1
"gh_authors_lag30_org",0.995
"category8_Finance_forecasting",0.94
"category8_Training_optimisation",0.92
"burn_time_share_ge50_30d",0.855
"doc_incentive_desc",0.82
"burn_mean_lag30",0.705
"owner_cut_autolock",0.705
"gh_authors_30d_org",0.69
"gh_active_days_30d_org",0.67
"reg_cost_tao_mean_lag30",0.615
"registrations_lag30",0.61
"yuma3_on",0.61
"validators_n_lag30",0.6
"kol_pos_posts_lag30",0.545
"doc_validator_guide",0.505
"project_age_days",0.48
"gh_prs_merged_30d_org",0.43
"owner_alpha_share_issued",0.41
"burn_now",0.405
"category8_Science_robotics",0.295
"category8_Compute_inference",0.29
"team_named",0.275
"burn_time_share_ge50_lag30",0.245
"commit_reveal_on",0.225
"started_lag",0.17
"doc_contributing",0.14
"validators_n",0.12
"team_n_subnets",0.1
"doc_requirements",0.085
"gh_contributors_alltime_repo",0.085
"owner_linked_incentive_share_30d",0.085
"doc_score",0.08
"gh_releases_repo",0.07
"api_public",0.06
"ownerhk_lock_share_issued",0.06
"doc_license",0.055
"validator_stake_hhi",0.055
"miner_hhi_lineage_best_30d",0.05
"stake_share_owner_validator_lag30",0.045
"uids_registered_now",0.04
"mcp_server",0.035
"podcast_episodes_12m_lag30",0.035
"gh_days_since_push",0.03
"miners_paid_hotkeys_30d",0.03
"doc_site",0.025
"flag_placeholder_identity",0.025
"miner_hhi_coldkey_lag30",0.02
"owner_validator_div_share",0.02
"stake_share_owner_validator",0.02
"alpha_burned_share",0.015
"flag_full_burn_30d",0.015
"identity_changed_180d",0.01
"miner_hhi_coldkey_30d",0.01
"miner_top1_share_30d",0.01
"owner_lock_perpetual",0.01
"whitepaper_available",0.01
"burn_mean_30d",0.005
"category8_Security_verification",0.005
"doc_miner_guide",0.005
"miner_paid",0.005
"miner_top1_share_lag30",0.005
"product_live",0.005
"x_posts_lag30",0.005
