"netuid","subnet_name","category8","distance","price_tao_avg30","price_tao_spot","log_price_avg30","development","burn_mean_30d","miner_scale","presence","owner_commitment","log_age","attention"
111,"Claims","Agents, data & search",0,0.0052521,0.004397,-5.2491,0.16268,0,0.75463,0.44319,-0.84184,6.209,0.56442
3,"Teutonic","Training & optimisation",1.3849,0.029784,0.027643,-3.5138,-0.54957,0,0.16678,0.77628,-0.60131,6.5513,0.66249
81,"Reliquary","Training & optimisation",2.3439,0.0062503,0.0061665,-5.0751,0.66108,0.39417,0.74722,0.30826,-0.52217,6.3205,0.41594
98,"NeverPlayAlone","Agents, data & search",2.6215,0.0025396,0.0021276,-5.9758,-0.71565,0,-0.17218,-0.065398,0.3284,6.2578,-0.72634
38,"ChronoLLM","Training & optimisation",2.9025,0.012213,0.019724,-4.4053,-0.27637,0,0.32156,0.77628,-0.37455,5.5812,0.64415
89,"InfiniteQuant","Finance & forecasting",3.0018,0.0032195,0.0030495,-5.7385,-0.37505,0,1.3026,0,-0.36247,6.2925,-0.72634
118,"Ditto","Agents, data & search",3.0817,0.0080553,0.0072738,-4.8214,1.8705,0.22689,0.020521,0.88777,-0.71517,6.178,1.4236
97,"Albedo","Training & optimisation",3.1445,0.020729,0.016744,-3.8762,-0.24471,0,0.12988,-0.39848,-0.25362,5.3113,0.21312
78,"Umi","Media, marketing & other",3.2139,0.004258,0.0033863,-5.4589,0.61232,0.25518,1.248,0.30826,-0.72462,5.1389,-0.45372
120,"Affine","Training & optimisation",3.3573,0.049669,0.046262,-3.0024,0.084616,0.079167,0.29806,-0.39848,-0.4905,6.1709,1.0162
53,"engy","Compute & inference",3.4048,0.029189,0.035225,-3.534,0.054738,0,0.76367,0.30826,0.48666,6.5437,0.6247
