block,utc,spec
8753086,2026-08-02 01:19:00,440
8753986,2026-08-02 04:19:00,440
8754886,2026-08-02 07:19:00,440
8755786,2026-08-02 10:19:00,440
8756686,2026-08-02 13:19:00,440
8757586,2026-08-02 16:19:00,440
8758486,2026-08-02 19:19:00,440
8759386,2026-08-02 22:19:00,440
8760286,2026-08-03 01:19:00,440
8761186,2026-08-03 04:19:00,440
8762086,2026-08-03 07:19:00,440
8762986,2026-08-03 10:19:00,440
8763886,2026-08-03 13:19:00,440
8764786,2026-08-03 16:19:00,440
8765686,2026-08-03 19:19:00,441
8766586,2026-08-03 22:19:48,441
8767486,2026-08-04 01:20:12,441
8768386,2026-08-04 04:20:12,441
8769286,2026-08-04 07:20:12,441
8770186,2026-08-04 10:20:12,441
8771086,2026-08-04 13:21:00,442
8771986,2026-08-04 16:21:00,442
8772886,2026-08-04 19:21:00,443
8773786,2026-08-04 22:21:00,443
8774686,2026-08-05 01:21:00,443
8775586,2026-08-05 04:21:00,443
8776486,2026-08-05 07:21:00,443
8777386,2026-08-05 10:21:00,443
8778286,2026-08-05 13:21:00,443
8779186,2026-08-05 16:21:12,443
8780086,2026-08-05 19:21:12,443
8780986,2026-08-05 22:21:12,443
8781886,2026-08-06 01:21:12,443
8782786,2026-08-06 04:21:12,443
8783686,2026-08-06 07:21:12,443
8784586,2026-08-06 10:21:12,443
8785486,2026-08-06 13:21:12,443
8786386,2026-08-06 16:21:12,443
8787286,2026-08-06 19:21:12,443
8788186,2026-08-06 22:21:12,443
8789086,2026-08-07 01:21:24,443
8789986,2026-08-07 04:21:24,443
8790886,2026-08-07 07:21:24,443
8791786,2026-08-07 10:21:24,443
8792686,2026-08-07 13:21:24,443
8793586,2026-08-07 16:21:24,443
8794486,2026-08-07 19:21:24,443
8795386,2026-08-07 22:21:24,443
8796286,2026-08-08 01:21:24,443
8797186,2026-08-08 04:21:24,443
8798086,2026-08-08 07:21:24,443
8798986,2026-08-08 10:21:24,443
8799886,2026-08-08 13:21:24,443
8800786,2026-08-08 16:21:24,443
8801686,2026-08-08 19:21:24,443
8802586,2026-08-08 22:21:24,443
8803486,2026-08-09 01:21:24,443
8804386,2026-08-09 04:21:24,443
8805286,2026-08-09 07:21:24,443
8806186,2026-08-09 10:21:24,443
8807086,2026-08-09 13:21:24,443
8807986,2026-08-09 16:21:24,443
8808886,2026-08-09 19:21:24,443
8809786,2026-08-09 22:21:24,443
8810686,2026-08-10 01:21:24,443
8811586,2026-08-10 04:21:24,443
8812486,2026-08-10 07:21:24,443
8813386,2026-08-10 10:21:24,443
8814286,2026-08-10 13:21:24,443
8815186,2026-08-10 16:21:24,443
8816086,2026-08-10 19:21:24,443
8816986,2026-08-10 22:21:24,443
8817886,2026-08-11 01:21:24,443
8818786,2026-08-11 04:21:24,443
8819686,2026-08-11 07:21:24,443
8820586,2026-08-11 10:21:24,443
8821486,2026-08-11 13:21:24,443
8822386,2026-08-11 16:21:24,443
8823286,2026-08-11 19:21:24,443
8824186,2026-08-11 22:21:24,443
8825086,2026-08-12 01:21:36,443
8825986,2026-08-12 04:23:00,443
8826886,2026-08-12 07:23:00,443
8827786,2026-08-12 10:23:00,443
8828686,2026-08-12 13:23:00,443
8829586,2026-08-12 16:23:00,443
8830486,2026-08-12 19:23:00,443
8831386,2026-08-12 22:23:00,445
8832286,2026-08-13 01:23:00,445
8833186,2026-08-13 04:23:00,445
8834086,2026-08-13 07:23:00,445
8834986,2026-08-13 10:23:00,445
8835886,2026-08-13 13:23:00,445
8836786,2026-08-13 16:23:00,445
8837686,2026-08-13 19:23:00,445
8838586,2026-08-13 22:23:00,445
8839486,2026-08-14 01:23:00,445
8840386,2026-08-14 04:23:00,445
8841286,2026-08-14 07:23:00,445
8842186,2026-08-14 10:23:00,445
8843086,2026-08-14 13:23:00,445
8843986,2026-08-14 16:23:00,446
8844886,2026-08-14 19:23:12,446
8845786,2026-08-14 22:23:12,447
8846686,2026-08-15 01:23:12,447
8847586,2026-08-15 04:23:12,447
8848486,2026-08-15 07:23:12,447
8849386,2026-08-15 10:23:12,447
8850286,2026-08-15 13:23:12,447
8851186,2026-08-15 16:23:12,447
8852086,2026-08-15 19:23:12,447
8852986,2026-08-15 22:23:12,447
8853886,2026-08-16 01:23:12,447
8854786,2026-08-16 04:23:12,447
8855686,2026-08-16 07:23:12,447
8856586,2026-08-16 10:23:12,447
8857486,2026-08-16 13:23:12,447
8858386,2026-08-16 16:23:12,447
8859286,2026-08-16 19:23:12,447
8860186,2026-08-16 22:23:12,447
8861086,2026-08-17 01:23:12,447
8861986,2026-08-17 04:23:12,447
8862886,2026-08-17 07:23:12,447
8863786,2026-08-17 10:23:12,447
8864686,2026-08-17 13:23:12,447
8865586,2026-08-17 16:23:12,447
8866486,2026-08-17 19:23:12,447
8867386,2026-08-17 22:23:12,447
8868286,2026-08-18 01:23:12,447
8869186,2026-08-18 04:23:12,447
8870086,2026-08-18 07:23:12,447
8870986,2026-08-18 10:23:12,447
8871886,2026-08-18 13:23:12,447
8872786,2026-08-18 16:23:12,447
8873686,2026-08-18 19:23:12,447
8874586,2026-08-18 22:23:12,447
8875486,2026-08-19 01:23:12,447
8876386,2026-08-19 04:23:12,447
8877286,2026-08-19 07:23:12,447
8878186,2026-08-19 10:23:12,447
8879086,2026-08-19 13:23:12,447
8879986,2026-08-19 16:23:12,447
8880886,2026-08-19 19:23:12,447
8881786,2026-08-19 22:23:12,447
8882686,2026-08-20 01:23:12,447
8883586,2026-08-20 04:23:12,447
8884486,2026-08-20 07:23:12,447
8885386,2026-08-20 10:23:12,447
8886286,2026-08-20 13:23:12,447
8887186,2026-08-20 16:23:24,447
8888086,2026-08-20 19:23:24,447
8888986,2026-08-20 22:23:24,447
8889886,2026-08-21 01:23:24,447
8890786,2026-08-21 04:23:24,447
8891686,2026-08-21 07:23:24,447
8892586,2026-08-21 10:23:24,447
8893486,2026-08-21 13:23:24,447
8894386,2026-08-21 16:23:24,447
8895286,2026-08-21 19:23:24,448
8896186,2026-08-21 22:23:24,448
8897086,2026-08-22 01:23:24,448
8897986,2026-08-22 04:23:24,448
8898886,2026-08-22 07:23:24,448
8899786,2026-08-22 10:23:24,448
8900686,2026-08-22 13:23:24,448
8901586,2026-08-22 16:23:24,448
8902486,2026-08-22 19:23:24,448
8903386,2026-08-22 22:23:24,448
8904286,2026-08-23 01:23:24,448
8905186,2026-08-23 04:23:24,448
8906086,2026-08-23 07:23:24,448
8906986,2026-08-23 10:23:24,448
8907886,2026-08-23 13:23:24,448
8908786,2026-08-23 16:23:24,448
8909686,2026-08-23 19:23:24,448
8910586,2026-08-23 22:23:24,448
8911486,2026-08-24 01:23:24,448
8912386,2026-08-24 04:23:24,448
8913286,2026-08-24 07:23:24,448
8914186,2026-08-24 10:23:24,448
8915086,2026-08-24 13:23:24,448
8915986,2026-08-24 16:23:24,448
8916886,2026-08-24 19:23:24,448
8917786,2026-08-24 22:23:24,448
8918686,2026-08-25 01:23:24,448
8919586,2026-08-25 04:23:24,448
8920486,2026-08-25 07:23:24,448
8921386,2026-08-25 10:23:24,448
8922286,2026-08-25 13:23:24,448
8923186,2026-08-25 16:23:24,448
8924086,2026-08-25 19:23:24,448
8924986,2026-08-25 22:23:24,448
8925886,2026-08-26 01:23:24,448
8926786,2026-08-26 04:23:24,448
8927686,2026-08-26 07:23:24,448
8928586,2026-08-26 10:23:24,448
8929486,2026-08-26 13:23:24,448
8930386,2026-08-26 16:23:24,448
8931286,2026-08-26 19:23:24,448
8932186,2026-08-26 22:23:24,448
8933086,2026-08-27 01:23:24,448
8933986,2026-08-27 04:23:24,448
8934886,2026-08-27 07:23:24,448
8935786,2026-08-27 10:23:24,448
8936686,2026-08-27 13:23:24,448
8937586,2026-08-27 16:23:24,448
8938486,2026-08-27 19:23:24,450
8939386,2026-08-27 22:23:48,450
8940286,2026-08-28 01:23:48,450
8941186,2026-08-28 04:23:48,450
8942086,2026-08-28 07:23:48,450
8942986,2026-08-28 10:23:48,450
8943886,2026-08-28 13:23:48,450
8944786,2026-08-28 16:23:48,450
8945686,2026-08-28 19:23:48,450
8946586,2026-08-28 22:23:48,450
8947486,2026-08-29 01:23:48,450
8948386,2026-08-29 04:23:48,450
8949286,2026-08-29 07:23:48,450
8950186,2026-08-29 10:23:48,450
8951086,2026-08-29 13:23:48,450
8951986,2026-08-29 16:23:48,452
8952886,2026-08-29 19:23:48,452
8953786,2026-08-29 22:23:48,452
8954686,2026-08-30 01:23:48,452
8955586,2026-08-30 04:23:48,452
8956486,2026-08-30 07:23:48,452
8957386,2026-08-30 10:23:48,452
8958286,2026-08-30 13:23:48,452
8959186,2026-08-30 16:23:48,452
8960086,2026-08-30 19:23:48,452
8960986,2026-08-30 22:23:48,452
8961886,2026-08-31 01:23:48,452
8962786,2026-08-31 04:23:48,452
8963686,2026-08-31 07:23:48,452
8964586,2026-08-31 10:23:48,452
8965486,2026-08-31 13:23:48,452
8966386,2026-08-31 16:23:48,452
8967286,2026-08-31 19:23:48,452
8968186,2026-08-31 22:23:48,452
8969086,2026-09-01 01:23:48,452
8969986,2026-09-01 04:23:48,452
8970886,2026-09-01 07:23:48,452
8971786,2026-09-01 10:23:48,452
8972686,2026-09-01 13:23:48,452
8973586,2026-09-01 16:24:00,452
8974486,2026-09-01 19:24:00,452
8975386,2026-09-01 22:24:00,452
8976286,2026-09-02 01:24:00,452
8977186,2026-09-02 04:24:00,452
8978086,2026-09-02 07:24:00,452
8978986,2026-09-02 10:24:00,452
8979886,2026-09-02 13:24:00,452
8980786,2026-09-02 16:24:00,452
8981686,2026-09-02 19:24:12,452
8982586,2026-09-02 22:24:12,452
8983486,2026-09-03 01:24:12,452
8984386,2026-09-03 04:24:12,452
8985286,2026-09-03 07:24:12,452
8986186,2026-09-03 10:24:12,452
8987086,2026-09-03 13:24:12,452
8987986,2026-09-03 16:24:12,453
8988886,2026-09-03 19:24:12,453
8989786,2026-09-03 22:24:24,453
8990686,2026-09-04 01:24:24,453
8991586,2026-09-04 04:24:24,453
8992486,2026-09-04 07:24:24,453
8993386,2026-09-04 10:24:24,453
8994286,2026-09-04 13:24:24,453
8995186,2026-09-04 16:24:24,453
8996086,2026-09-04 19:24:24,453
8996986,2026-09-04 22:25:00,454
8997886,2026-09-05 01:25:12,454
8998786,2026-09-05 04:25:24,454
8999686,2026-09-05 07:25:48,454
9000586,2026-09-05 10:25:48,454
9001486,2026-09-05 13:26:00,454
9002386,2026-09-05 16:26:12,454
9003286,2026-09-05 19:26:36,454
9004186,2026-09-05 22:28:00,454
9005086,2026-09-06 01:28:24,454
9005986,2026-09-06 04:28:48,454
9006886,2026-09-06 07:29:36,454
9007786,2026-09-06 10:30:00,454
9008686,2026-09-06 13:30:12,454
9009586,2026-09-06 16:31:12,454
9010486,2026-09-06 19:31:36,454
9011386,2026-09-06 22:32:00,454
9012286,2026-09-07 01:32:24,454
9013186,2026-09-07 04:32:36,454
9014086,2026-09-07 07:32:36,454
9014986,2026-09-07 10:33:48,454
9015886,2026-09-07 13:34:00,454
9016786,2026-09-07 16:34:24,454
9017686,2026-09-07 19:34:36,454
9018586,2026-09-07 22:35:00,455
9019486,2026-09-08 01:35:00,455
9020386,2026-09-08 04:35:12,455
9021286,2026-09-08 07:35:12,455
9022186,2026-09-08 10:35:12,455
9023086,2026-09-08 13:35:24,455
9023986,2026-09-08 16:35:36,455
9024886,2026-09-08 19:35:36,455
9025786,2026-09-08 22:35:48,455
9026686,2026-09-09 01:36:00,455
9027586,2026-09-09 04:36:00,455
9028486,2026-09-09 07:36:00,455
9029386,2026-09-09 10:36:00,455
9030286,2026-09-09 13:36:36,455
9031186,2026-09-09 16:36:48,455
9032086,2026-09-09 19:37:12,455
9032986,2026-09-09 22:37:36,455
9033886,2026-09-10 01:38:00,455
9034786,2026-09-10 04:38:12,455
9035686,2026-09-10 07:38:12,455
9036586,2026-09-10 10:38:24,455
9037486,2026-09-10 13:39:24,455
9038386,2026-09-10 16:39:24,455
9039286,2026-09-10 19:40:00,455
9040186,2026-09-10 22:40:12,455
9041086,2026-09-11 01:40:12,455
9041986,2026-09-11 04:40:48,455
9042886,2026-09-11 07:41:24,455
9043786,2026-09-11 10:41:48,455
9044686,2026-09-11 13:42:00,455
9045586,2026-09-11 16:42:12,455
9046486,2026-09-11 19:42:12,455
9047386,2026-09-11 22:43:12,455
9048286,2026-09-12 01:43:36,455
9049186,2026-09-12 04:43:36,455
9050086,2026-09-12 07:44:24,455
9050986,2026-09-12 10:44:48,455
9051886,2026-09-12 13:45:24,455
9052786,2026-09-12 16:46:24,455
9053686,2026-09-12 19:46:36,455
9054586,2026-09-12 22:47:12,455
9055486,2026-09-13 01:47:48,455
9056386,2026-09-13 04:48:00,455
9057286,2026-09-13 07:48:12,455
9058186,2026-09-13 10:48:24,455
9059086,2026-09-13 13:48:48,455
9059986,2026-09-13 16:49:00,455
9060886,2026-09-13 19:49:12,455
9061786,2026-09-13 22:49:48,455
9062686,2026-09-14 01:49:48,455
9063586,2026-09-14 04:50:24,455
9064486,2026-09-14 07:50:36,455
9065386,2026-09-14 10:51:00,455
9066286,2026-09-14 13:51:36,455
9067186,2026-09-14 16:52:00,458
9068086,2026-09-14 19:53:00,458
9068986,2026-09-14 22:53:48,458
9069886,2026-09-15 01:54:36,458
9070786,2026-09-15 04:55:24,458
9071686,2026-09-15 07:56:00,458
9072586,2026-09-15 10:56:36,458
9073486,2026-09-15 13:57:36,458
9074386,2026-09-15 16:58:24,458
9075286,2026-09-15 19:59:12,458
9076186,2026-09-15 23:00:00,459
9077086,2026-09-16 02:01:00,459
9077986,2026-09-16 05:02:00,459
9078886,2026-09-16 08:02:36,459
9079786,2026-09-16 11:03:24,459
9080686,2026-09-16 14:04:12,459
9081586,2026-09-16 17:05:12,459
9082486,2026-09-16 20:06:00,459
9083386,2026-09-16 23:07:00,459
9084286,2026-09-17 02:07:36,459
9085186,2026-09-17 05:08:12,459
9086086,2026-09-17 08:09:00,459
9086986,2026-09-17 11:09:48,459
9087886,2026-09-17 14:11:00,459
9088786,2026-09-17 17:11:48,464
9089686,2026-09-17 20:12:24,464
9090586,2026-09-17 23:13:00,464
9091486,2026-09-18 02:14:24,466
9092386,2026-09-18 05:15:24,466
9093286,2026-09-18 08:16:24,466
9094186,2026-09-18 11:18:12,466
9095086,2026-09-18 14:19:24,466
9095986,2026-09-18 17:21:00,467
9096886,2026-09-18 20:22:36,467
9097786,2026-09-18 23:24:24,467
9098686,2026-09-19 02:26:00,467
9099586,2026-09-19 05:27:48,467
9100486,2026-09-19 08:30:00,467
9101386,2026-09-19 11:33:00,467
9102286,2026-09-19 14:35:24,467
9103186,2026-09-19 17:38:12,467
9104086,2026-09-19 20:40:12,467
9104986,2026-09-19 23:42:12,467
9105886,2026-09-20 02:44:24,467
9106786,2026-09-20 05:46:48,467
9107686,2026-09-20 08:49:36,467
9108586,2026-09-20 11:52:24,467
9109486,2026-09-20 14:55:24,467
9110386,2026-09-20 17:57:36,467
9111286,2026-09-20 20:58:12,467
9112186,2026-09-20 23:58:12,467
9113086,2026-09-21 02:58:12,467
9113986,2026-09-21 05:58:12,467
9114886,2026-09-21 08:58:12,467
9115786,2026-09-21 11:58:12,467
9116686,2026-09-21 14:58:12,467
9117586,2026-09-21 17:58:12,467
9118486,2026-09-21 20:58:12,468
9119386,2026-09-21 23:58:12,468
9120286,2026-09-22 02:58:12,468
9121186,2026-09-22 05:58:12,468
9122086,2026-09-22 08:58:12,468
9122986,2026-09-22 11:58:12,469
9123886,2026-09-22 14:58:24,469
9124786,2026-09-22 17:58:24,469
9125686,2026-09-22 20:58:24,469
9126586,2026-09-22 23:58:24,469
9127486,2026-09-23 02:58:24,469
9128386,2026-09-23 05:58:24,469
9129286,2026-09-23 08:58:24,469
9130186,2026-09-23 11:59:36,469
9131086,2026-09-23 14:59:36,469
9131986,2026-09-23 17:59:36,469
9132886,2026-09-23 20:59:36,469
9133786,2026-09-23 23:59:36,469
9134686,2026-09-24 02:59:36,469
9135586,2026-09-24 05:59:36,469
9136486,2026-09-24 08:59:36,469
9137386,2026-09-24 11:59:36,469
9138286,2026-09-24 14:59:36,469
9139186,2026-09-24 17:59:36,470
9140086,2026-09-24 20:59:36,470
9140986,2026-09-24 23:59:36,470
9141886,2026-09-25 02:59:36,470
9142786,2026-09-25 05:59:36,470
9143686,2026-09-25 08:59:36,470
9144586,2026-09-25 11:59:36,470
9145486,2026-09-25 14:59:36,470
9146386,2026-09-25 17:59:36,470
9147286,2026-09-25 20:59:36,470
9148186,2026-09-25 23:59:36,470
9149086,2026-09-26 02:59:36,470
9149986,2026-09-26 05:59:36,470
9150886,2026-09-26 08:59:36,470
9151786,2026-09-26 11:59:36,470
9152686,2026-09-26 14:59:36,470
9153586,2026-09-26 17:59:36,470
9154486,2026-09-26 20:59:36,470
9155386,2026-09-26 23:59:36,470
9156286,2026-09-27 02:59:36,470
9157186,2026-09-27 05:59:36,470
9158086,2026-09-27 08:59:36,470
9158986,2026-09-27 11:59:36,470
9159886,2026-09-27 14:59:36,470
9160786,2026-09-27 17:59:48,470
9161686,2026-09-27 20:59:48,470
9162586,2026-09-27 23:59:48,470
9163486,2026-09-28 02:59:48,470
9164386,2026-09-28 05:59:48,470
9165286,2026-09-28 08:59:48,470
9166186,2026-09-28 11:59:48,470
9167086,2026-09-28 14:59:48,470
9167986,2026-09-28 17:59:48,470
9168886,2026-09-28 20:59:48,470
9169786,2026-09-28 23:59:48,470
9170686,2026-09-29 02:59:48,470
9171586,2026-09-29 05:59:48,470
9172486,2026-09-29 08:59:48,470
9173386,2026-09-29 11:59:48,470
9174286,2026-09-29 14:59:48,470
9175186,2026-09-29 17:59:48,470
9176086,2026-09-29 20:59:48,470
9176986,2026-09-29 23:59:48,470
9177886,2026-09-30 02:59:48,470
9178786,2026-09-30 05:59:48,470
9179686,2026-09-30 08:59:48,470
9180586,2026-09-30 11:59:48,470
9181486,2026-09-30 14:59:48,470
9182386,2026-09-30 17:59:48,470
9183286,2026-09-30 20:59:48,470
9184186,2026-09-30 23:59:48,470
