label,netuid,state_block,registered_block,owner_coldkey,alpha_issued,alpha_in_pool,alpha_staked_by_wallets,alpha_staked_total,alpha_protocol_owned,alpha_burned,alpha_burned_share,owner_alpha,owner_alpha_share_issued,stake_share_owner_validator,owner_locked_alpha,owner_lock_share_owner_alpha,ownerhk_locked_alpha,ownerhk_lock_share_issued,owner_lock_perpetual,owner_cut_autolock,validators_n,owner_validator_div_share,validator_stake_hhi,commit_reveal_on,yuma3_on,liquid_alpha_on,mech_count,max_neurons,uids_registered_now,uids_immune_share_now,rao_recycled_cumulative,startup_mode
t,1,9184186,1497824,5HCFWvRqzSHWRPecN7q8J6c7aKQnrCZTMHstPv39xL1wgDHh,6023679.494137,3494726.037806,1600988.535178,1603418.291146,17184.489564,910780.431588,0.15120001528547966,287279.822522,0.04769175099723659,0.007757474015518841,0.0,0.0,192824.591394,0.03201109746661595,0,0,9,0.0,0.562044499021394,1,0,0,1,256,256,0.01171875,102625990264083,0
t,2,9184186,2734060,5EcYQ3W77ndrmMWdvVQusoFqY8doxfP3U2zrh7xZQiaz7avY,5865282.899044,2523449.055575,2581358.158323,2583522.865044,277.903743,760197.781402,0.1296097382662237,1116071.827184,0.19028439827955923,0.4513546125431231,844988.916272,0.7571097985725143,1144508.261831,0.1951326613789437,1,0,6,0.8671433659195718,0.7548393842656322,1,1,1,1,256,256,0.0078125,8978139103120,0
t,3,9184186,4165565,5GsGUrd21bnkNxQsH2grv474y4gcDwCmp5xJ72KeokspZ2bg,6170201.555686,2849577.078163,2381719.463613,2383899.301759,360429.678967,578475.334942,0.09375306944543006,64213.86208,0.010407093107104436,0.030218231031615646,0.0,0.0,387190.395972,0.06275166094294507,0,0,8,0.9785081538947965,0.9614199287139035,1,0,0,1,256,256,0.0078125,8377893564162,0
t,4,9184186,1411451,5CXGPMnq9RCCLUEvp9G2iUuabw69TSFM155UVS1S4Zmusaxv,6341847.485472,2561882.082771,2873275.27112,2874985.208184,345552.876568,561137.255013,0.08848166978129599,868988.663971,0.13702452888721214,0.4213011687740947,0.0,0.0,183019.057564,0.028858949696127314,0,0,12,0.532967704459489,0.34321882362147454,1,0,0,1,256,256,0.0,20661914416839,0
t,5,9184186,2491604,5GurNtB3yQFCh6CSmfH7LrYJDsvzup4diHZiaYtKe274nrMX,5906381.74903,2625897.887099,1639117.119602,1641279.572941,152799.047696,1488567.694632,0.25202700365190794,8771.244666,0.0014850453355298395,0.25466037997279256,0.0,0.0,6649.821324,0.0011258705594391187,0,0,10,0.0,0.5064119784209763,0,0,0,1,256,256,0.12890625,19753743953913,0
t,6,9184186,3219949,5CfSg4e23Z3aTXvc2XZie8ZE1xkqRPoyVRFdWUuyyjGxJrMA,5891678.665551,3245365.226449,2363854.986836,2365800.596364,97097.786803,185360.665463,0.03146143501459447,97132.729528,0.016486426881360608,0.042319526319012736,0.0,0.0,662466.459537,0.1124410371208256,0,0,18,0.0,0.24908178010085497,1,0,0,1,256,256,0.05078125,4740602492528,0
t,7,9184186,2627691,5CAc19iETJmWD2rYVX1ht58ghCpyHq86MoBNdx5TzLfinzcx,5374448.64352,2263869.071116,3051417.772589,3053584.765318,23076.821213,36084.978602,0.006714173117252099,181224.68486,0.03371967933466807,0.09870441804100454,0.0,0.0,3211.260531,0.000597505110652728,0,0,16,0.0,0.7248458303188858,1,0,1,1,256,256,0.0,4473600686140,0
t,8,9184186,1477264,5F6tnxzAAxbhaWRmeUmB63JEM3VXBNSmqb3AwYJVDStQjw8y,6170297.033132,2824906.189807,2316317.194737,2318498.489971,230607.386334,798466.262253,0.12940483382988688,911663.223819,0.14775029774487192,0.009065973641272552,600000.0,0.658137768776339,607571.159893,0.09846708458781947,1,0,19,0.0,0.31633993597861665,1,0,0,1,256,256,0.0,12951700676278,0
t,9,9184186,1489797,5FsbubeciqtB5Nik3umL2iD4fG8FcC9GbT9nHJfXMj4mJJZ9,6199929.258205,2193179.193105,2522253.999727,2524445.710114,278502.709044,1205993.356329,0.19451727690814072,108916.266649,0.017567340224935876,0.0050507820736102734,0.0,0.0,566487.003304,0.09136991402835845,0,0,12,0.0,0.31338663064941663,0,0,0,1,256,256,0.0,1532429807474,0
t,10,9184186,2869647,5HK5714cfComgoVg9UfQswQHad6wJV4RnGvp6PQvTkLUUFt5,6055136.949936,2637192.617955,2560292.789308,2562287.614287,3919.775094,853731.767579,0.14099297417013004,60166.131474,0.009936378313317501,0.13369768472773735,4476.293981,0.07439889969809863,19544.841712,0.0032278116702549845,0,0,13,0.2454422793067521,0.29439225881734793,0,0,0,1,256,256,0.0,4283751964795,0
t,11,9184186,2918568,5D2Jhtbnm7iAdKfjRk6DisXBnr1MEsYat8kXqaPNrVqJP3uE,6048750.001138,2621786.043616,2080737.734515,2082972.911185,199553.226726,1146672.996281,0.1895718943691524,365570.864428,0.06043742332858057,0.17811669038190933,0.0,0.0,46180.459269,0.007634711181635439,0,0,9,0.7325519811961013,0.5041433847204384,1,0,0,1,256,256,0.00390625,7467921600999,0
t,12,9184186,2256433,5ELzhHvgUqmnAYs74vFWjMMehXNeHkRtkreAa3g8QQS96PCp,6321831.184167,2660671.761314,1994488.78114,1996601.165891,0.0,1666670.641713,0.26363732171254056,1349356.686869,0.21344396070693647,0.6651888975166448,0.0,0.0,3870.537062,0.0006122493544822528,0,0,12,0.0,0.3797919682424185,1,1,0,1,256,256,0.0,914040957240,0
t,13,9184186,1907637,5HBswBt1A9Ahx6U76abXXGd7VmabmCNBGhSK2vrP71GSxtgZ,6158809.208273,3888032.495812,1558082.105308,1560393.379813,16582.214268,696112.392885,0.11302710789441707,287679.212549,0.0467102004333177,0.007951562456137647,0.0,0.0,93697.039216,0.015213499241149304,0,0,10,0.0,0.34822003982179695,1,0,0,1,256,256,0.3984375,1720733873585,0
t,14,9184186,4848444,5CKhH8nKAhXLmqxwaXzFtVFgxqwwnyckXG8qLpmGtzVJH9Ri,6024917.084836,2781061.836773,1820576.002989,1822816.425991,196667.98526,1226611.259814,0.2035897328614352,25178.446577,0.004179052794073791,0.02673201904562071,5548.286423,0.22035856764919945,50394.192103,0.008364296370060541,0,0,8,0.5780618289131657,0.5038122238553409,1,1,0,1,256,256,0.0,3020721052852,0
t,15,9184186,7366897,5EHdase3QHY1FSU2KoxzpbnkzGhxBZEVcWU85zyjrxG62KTK,2191832.679703,576320.244828,911302.187662,918341.847924,331264.779598,372945.467615,0.17015234377524935,215059.402879,0.0981185310680211,0.28173759600561116,0.0,0.0,1010.651575,0.0004610988713513876,0,0,12,0.0,0.23077889895136927,1,1,1,1,256,256,0.1640625,2847409923756,0
t,16,9184186,8460646,5FkKY8WJKm1fsUXuVNeoX7ayENaSmR6L2KNoJN48ZAJwtWeU,860936.524559,328252.407216,459979.98592,460449.390017,9125.331582,63578.79984,0.07384841742306546,28595.451881,0.03321435560603162,0.09652491163732545,7296.246499,0.25515408985893323,0.0,0.0,1,0,4,0.5215136125027505,0.39841094309736563,1,1,0,1,256,18,0.0,10295674650,0
t,17,9184186,2840556,5E7a4a7QETrNjoZ2SbVSJMaavrQeyTEaHgjBPDUDxBKjUaMZ,6108075.35565,2898636.262256,2652005.489315,2654056.19577,216957.999466,340475.604612,0.05574188018117116,705463.531344,0.11549686116616127,0.3010161206057419,154104.8805,0.2184448573917676,548090.313377,0.08973208113263362,1,1,16,0.2848343758515039,0.24027972188990174,1,0,0,1,256,256,0.0,3239924870921,0
t,18,9184186,1604679,5GgvCi6h7dNsC489T8UnUMv912SoEXpEUDVt71VJU1Td7WKh,5855779.028527,2514323.204874,2813846.380544,2815993.397782,184938.458414,342670.984695,0.05851842821013732,594266.502838,0.10148376500253604,0.34813718640911584,375000.0,0.631030014663845,375000.0,0.06403930171769251,1,0,9,0.6093583792479422,0.39606503184041636,1,0,0,1,257,257,0.01556420233463035,37138508929595,0
t,19,9184186,1956072,5FWh37LfVV5LE9dZA91STzbtebh6vxYa3MH71c621sYafo1L,6104580.249718,3391945.423159,1582527.387871,1584121.496918,116468.291718,1013639.14697,0.16604567480570062,271114.099632,0.04441158745430588,0.10981000150723895,100000.0,0.3688483931144428,169425.338775,0.02775380646076217,1,0,10,0.5176588024802289,0.3132534690577197,0,0,0,1,256,256,0.0,26554357922219,0
t,20,9184186,1970929,5CFVA7aPkGRYhYThumb9UQkPPZv7kzm2ieREHVjxecaYqi3u,6018006.917476,2799058.610655,1783668.855479,1785859.358932,0.0,1435279.451341,0.23849747449994735,876909.301571,0.14571423954733256,0.4749093597373826,455623.228975,0.5195785107520128,500940.998284,0.08324034936377404,0,0,12,0.5400020522143723,0.3947055729873814,1,0,0,1,256,256,0.01953125,2924469035520,0
t,21,9184186,3156578,5HjCYVfrWSkzTfJM5rkWBW3qTTJqXEFUzZrKty5hodpgfjyW,6088973.397548,2192800.031075,3048993.384784,3051265.296749,12526.594994,834653.386696,0.13707620845112936,695.994362,0.0001143040569879994,0.0003241110820645402,0.0,0.0,7393.846105,0.0012143009374409573,0,0,49,0.0,0.40546999517042426,1,0,0,1,256,256,0.00390625,7718342669947,0
t,22,9184186,2009702,5DFuaMasyQtPhXcsuoYEyJmCVSRtzKxsTKFTA4SrpcGXBxJn,6166778.317471,2529351.669638,2365844.581005,2368115.199535,8538.815663,1263043.251165,0.20481411624391335,1030933.724495,0.16717541500955455,0.20564297589825956,501000.0,0.4859672237857448,763677.586285,0.12383736644495744,1,0,11,0.0,0.5591364141179987,1,0,0,1,256,256,0.22265625,4054120741725,0
t,23,9184186,2063528,5CqTRwoFmme25YAbbwovR9rEic1UY7hYBLHxSk1PSfZ2jpmN,6117151.52981,1554897.136266,3099297.380876,3101414.471308,257565.47245,1205391.540218,0.19705111674017672,25869.943932,0.004229083390544457,0.32369922051174205,13656.368057,0.5278854910811429,846993.581506,0.13846208932021037,1,0,14,0.38764937770501234,0.24096862882756925,1,0,0,1,256,256,0.0,5988257376724,0
t,24,9184186,2538424,5ELutYW7EdFUS38CPGkDnbwkeMrpppi6ujEC825jTP7maAuL,6035104.869424,1956941.878586,3237866.678365,3239157.045079,113298.120047,726998.192426,0.12046156747155555,207576.789565,0.03439489355295154,0.06868556522027952,150292.843276,0.7240349154194704,0.0,0.0,1,0,9,0.0,0.621809857614522,1,0,0,1,256,256,0.0,3292933623046,0
t,25,9184186,2998801,5HTeZ5168DjjGWZgbvzGfysEAj9fnexF24gYFKJHENU5cc8a,6073751.21403,1963268.625109,3092404.318763,3094543.511136,0.0,1018078.270158,0.16761935651994436,750760.660474,0.12360741064591912,0.24886180232094823,550000.0,0.7325903299899927,1143545.240968,0.18827660216409825,1,0,14,0.12440234167796668,0.3269376074906218,0,0,0,1,256,256,0.4140625,627264125535,0
t,26,9184186,8123781,5FsVAEPMpkAo3eP7xTNJYLyBndi2oT5GPxVPzFT1DzSD82qx,1670168.81555,709237.617333,826773.468769,830752.827956,16231.463887,117926.265561,0.07060739277555646,687.598229,0.0004116938492335433,0.14749437976582483,0.0,0.0,31213.804772,0.018689011842249758,0,0,8,0.8339316193380426,0.6214078462940992,1,1,0,1,256,256,0.0,60728807657,0
t,27,9184186,1727132,5GLT9wjWzyFqwsfgvNiy9xdAkaVsHPUwAHJ34hVgbW8hy7hT,6179389.546501,2755432.667731,2052967.097097,2055160.18125,114.576078,1370875.205594,0.22184638066232357,71990.98341,0.01165017723320133,0.04262523518514108,0.0,0.0,29259.979274,0.004735092205126827,0,0,15,0.0,0.22215977940943318,0,0,0,1,256,256,0.0,3928117245476,0
t,28,9184186,4878363,5CA6rwAytZvvyZhLYEzo79627QEV422Q8kD51DEnTaRQxm45,6210806.715485,1087974.617196,3428574.647658,3430685.241316,278827.948296,1415429.502335,0.22789785082284456,181813.003875,0.029273653520969056,0.3082092931732741,5000.0,0.02750078318623994,373792.340212,0.06018418497552293,1,0,13,0.5962892352527845,0.556766998876574,1,0,0,1,256,256,0.0,5041278674460,0
t,29,9184186,3379782,5HHHHHzgLnYRvnKkHd45cRUDMHXTSwx7MjUzxBrKbY4JfZWn,6087646.550084,2980127.42626,2496689.771074,2498894.622171,0.0,610829.35275,0.10033916189521447,1130067.351619,0.18563287837459616,0.0015184153997929717,0.0,0.0,3165.974907,0.0005200654934776247,0,0,13,0.0,0.5907610946549425,1,0,0,1,256,256,0.0,929518669591,0
t,30,9184186,3250216,5HTogQKFuDaLq5ifWNhL2owMpLPHM3TAmujUUaTVj7FWzf6p,6042975.713793,2565681.2239,2598758.886686,2599988.732376,22914.692387,855620.910819,0.1415893346826473,657.724039,0.00010884108585943777,0.023932644040972683,0.0,0.0,4962.596267,0.0008212173111414174,0,0,13,0.005461225650898411,0.4983965674002525,0,0,0,1,256,256,0.0078125,1576011362729,0
t,31,9184186,7173591,5H3mfhC8DS853nezGzh73rRnrFqPaPXtaCR8jDtgkSCHrfvb,2354178.126793,446527.622001,1063320.697787,1069342.203577,38096.765184,806233.041821,0.3424690054866903,544345.953627,0.23122547416097006,0.5406249422707817,537011.528029,0.9865261686083839,537851.103449,0.2284666131793524,1,1,16,0.45765783846322894,0.28711545444660064,1,0,0,1,256,256,0.0,275434191356,0
t,32,9184186,2515294,5DWgkCSvq4brWSNLDU9FBgTk1ZpAQ2y6t3ky97CvEVuS9Qad,6127711.525718,2518651.59564,3496660.191946,3498678.340162,94980.465259,17419.272873,0.002842704458261388,902048.321278,0.1472080266004343,0.024572958457130034,600006.0006,0.6651594891835786,634410.21886,0.10353134546187621,1,0,5,0.0,0.6829960480574769,1,0,0,1,256,256,0.23046875,3426698525752,0
t,33,9184186,2943950,5HinUfk5SqBUAbkMtgdNoum3VJvwrLgdvwW5sbXA1UPYZ8uB,5463837.40658,3401367.997238,1384334.108443,1386826.152212,90059.051792,588076.249107,0.10763062758757326,269050.763684,0.049242088236329425,0.039444832925087076,100000.0,0.3716770717571154,138808.045342,0.025404863837079565,1,0,10,0.0,0.25181016104840853,0,0,0,1,256,256,0.234375,11852192977191,0
t,34,9184186,3493948,5DthmKBR83sUdudSfgFnsxBkTYtYTFLJUgovNfb1TSKVLiTH,5771495.172685,2951275.118072,2211232.282189,2213512.83962,248794.998626,360192.773798,0.062408918836570015,69806.236981,0.012095000496738147,0.6639580455511456,58928.940124,0.844178724896606,130607.559484,0.02262976153939495,0,1,7,0.9620793204423206,0.9121189826912042,1,0,0,1,256,256,0.02734375,7174329678871,0
t,35,9184186,9046691,5FjUeckLxMbRud6sHU127ZTFkqoAHmsdapD5s5hvmyLhruTZ,258887.013706,151632.951474,107254.062232,107164.627997,0.0,0.0,0.0,389.612814,0.0015049531016124707,0.006984847820862661,0.0,0.0,0.0,0.0,0,0,3,0.7519674107924731,0.5931799211969001,1,1,0,1,256,5,0.0,2111390168,0
t,36,9184186,8884359,5DCjvVt6LbtM5YhMd3McczwSQpu4w85Gq5ENqSsyXjwgJxpZ,246895.968001,110940.609572,101410.102596,101066.327385,0.0,34545.255833,0.13991826643788985,57189.624025,0.2316344996955128,0.5639451211858089,54708.021938,0.9566074768166447,54708.021938,0.22158329429741036,0,0,3,0.5504536945055922,0.5140368509153135,1,1,0,1,256,29,0.0,23102824002,0
t,37,9184186,3212175,5GRBbS3aDep7cvR1NRm9Awp5HAF1o4HC7t59Y8HoheLZ6ZaP,6147218.973274,2640952.547123,2151598.169765,2153684.283375,0.0,1354668.256386,0.22037091281038332,526370.195678,0.08562737035505555,0.009169046535330723,0.0,0.0,45507.151093,0.007402884343505318,0,0,14,0.0,0.2801079944428153,1,0,0,1,256,256,0.12890625,19190259706,0
t,38,9184186,7284230,5GeWgtBAu2ezYo83sPM7VyEigAfEc3vnqqxRzbMXYVYwEV62,2387316.642758,424689.574853,1320445.742976,1323532.377822,156884.262689,485297.062239,0.20328139700743209,291078.343906,0.12192699480764255,0.22376877623147814,26057.39576,0.0895202144213176,26425.094467,0.011068952477438835,0,0,7,0.8272306927461615,0.7375104495490286,0,0,0,1,256,256,0.01171875,341147565637,0
t,39,9184186,3280104,5DkwfxC9mZTTCsRUt6nrnwQEWVrhsmY13SBRparj6cpAVxVY,6164005.361397,2526597.439067,2006470.662254,2008370.227032,31813.655323,1599123.604753,0.25942930140328513,24219.873572,0.003929242781565926,0.08853331458436678,0.0,0.0,436528.972735,0.0708190449458483,0,0,11,0.20002246021667816,0.4461885827865333,0,0,0,1,256,256,0.0,339761198572,0
t,40,9184186,8409860,5HeKCDfdTyk5gttniUXWVGvf6xSpbJJG86thJcZnqNZjThoU,1040614.73257,567283.612981,322947.179268,323125.539836,128034.305601,22349.63472,0.021477338366380154,205684.52764,0.19765675153520024,0.6407233198205633,22427.89838,0.10904027948769066,22427.89838,0.021552547430027262,1,0,7,0.62827457115189,0.47456999340248907,0,1,0,1,256,256,0.0,31727256689,0
t,41,9184186,3394182,5FCSevLkofmKZRixMawp6jyyjBty1AeSCLa7N5Fv892DYkXX,5855914.703111,2035255.358014,2560564.033408,2562711.411652,222241.601223,1037853.710466,0.17723169873262892,449728.198979,0.07679896681902228,0.007216244610065716,253262.190086,0.5631450077191441,271111.945633,0.046297113154524235,1,0,9,0.0,0.6329159860028156,1,0,0,1,256,256,0.02734375,2766524127820,0
t,42,9184186,3613591,5EC5HHfLqgmr8cdt2MAW5nJMG9n3jKF1QhZb1gYTgiJGNMo5,5779792.262572,3285366.84549,1918396.048555,1920568.046563,0.0,576029.368527,0.09966264224710092,266965.632419,0.04618948576196941,0.0663001290467516,0.0,0.0,5444.016612,0.0009419052389970878,0,0,13,0.0,0.15639709351826694,0,0,0,1,256,256,0.0,2291336373228,0
t,43,9184186,3408582,5HjMs5JDrLH3Hknmfm1gDq7nFYAv6M7t9v3EWMctSRXJS9HC,6114074.920976,3104814.918129,2033879.776172,2035330.720827,418.387878,974961.838798,0.15946187303873466,225366.772944,0.03686032242932949,0.8721348783001314,0.0,0.0,3451.069242,0.0005644466720749758,0,0,11,0.9864124781181882,0.8702077570971539,1,0,0,1,256,256,0.0,1044196806687,0
t,44,9184186,3550319,5CaCekuxb9pKQyLoxh3jbkEXig8fxjkeS4AQ6UmZa12xfQ9H,6086184.293148,1930999.909228,3324499.298913,3327247.649332,322470.120454,508214.964553,0.0835030521709789,318172.925517,0.05227789862944281,0.08899394630699185,94163.0,0.29594912843986493,245862.449528,0.04039681312398917,1,0,10,0.0,0.16864378163481655,0,0,0,2,256,256,0.04296875,3606290966690,0
t,45,9184186,3633154,5FbcZiAHA75i2bPVrF7wa9mFaxV1eM27HR63kJtbpb8spvmf,5824049.685858,2490304.549753,2229795.65082,2232070.541284,0.0,1103949.485285,0.18955014892220204,168100.907277,0.028863233719601745,0.0005857137071771325,0.0,0.0,111019.200205,0.019062200048674958,0,0,12,0.0,0.369411178741911,0,0,0,1,256,256,0.234375,2070831701728,0
t,46,9184186,3919107,5Ft9E2ovN52AVMczVA3713uXmmBPczvUboB4YQpupu3aEYg7,5879676.976765,2422011.755508,2299528.531493,2301652.856063,93394.806384,1064741.883379,0.18108849985926048,160157.978211,0.02723924780960789,0.11763003948162727,125000.376373,0.7804817329114565,170510.632715,0.029000000066057876,1,0,9,0.20898267358408196,0.4371588031132031,1,1,0,1,256,256,0.01953125,204859312264,0
t,47,9184186,7340355,5D7yqC9yVKufNHfGn96MRHXMcseScSThwgurDep2kLbhGuan,2098892.254397,533264.978438,859977.339206,863756.795507,22924.082607,682725.854147,0.32527913365550837,113492.80079,0.05407271409596463,0.610652978776494,76155.685045,0.6710177607253139,1082.010561,0.0005155150574180646,0,0,12,0.538349553785003,0.3722017430686458,1,0,0,1,256,158,0.0,322910318228,0
t,48,9184186,3856677,5GNH5YMkcX8jEF1PukvxKafifcqz13jp18BT73jRL3AZc4Rc,5955689.870017,2620156.73564,2538375.813527,2540319.576171,101664.859194,695492.461657,0.11677781698443923,818722.419097,0.13746894767276424,0.013902259660528864,0.0,0.0,101862.559282,0.01710340220951078,0,0,19,0.0,0.46849153736167026,1,0,0,1,256,256,0.0,1723375200686,0
t,49,9184186,6783158,5FL781vfkLNnYBUi58JnhZ3r2waHDMiehxRhzcMaMWvKDfXf,2961080.909806,496359.477402,1491879.208741,1496917.054548,182772.732818,790069.490844,0.2668179340279864,563587.756505,0.19033176521409098,0.6182083695333153,431435.611524,0.7655162954559552,466379.245097,0.1575030400393544,1,0,11,0.776354769240054,0.5619986964219416,1,0,0,1,256,256,0.0078125,291330031518,0
t,50,9184186,4763204,5DxyiWpGqN5xXiczXcEGph51BcgTqcYKD5GKZqoACuc2sJkD,5849671.8039,2547086.220007,2790575.785546,2792780.458488,44388.143728,467621.654618,0.07993981035078253,479067.574617,0.08189648764524322,0.05144086606946215,0.0,0.0,212500.005198,0.03632682521723626,0,0,28,0.0,0.42797178816343273,0,0,0,1,256,256,0.04296875,1378079715339,0
t,51,9184186,3966206,5FqACMtcegZxxopgu1g7TgyrnyD8skurr9QDPLPhxNQzsThe,6022323.508835,1727984.139213,2707635.933171,2709840.661076,352727.280136,1233976.156315,0.2049003436140371,495172.510014,0.08222283463968372,0.37397441317535735,467828.854114,0.9447795357241627,519435.780709,0.08625172326711472,1,1,11,0.0,0.44189552642875346,1,0,0,1,256,256,0.0,352150907759,0
t,52,9184186,3989825,5Fv1ZvNPsEvUN6jfia6Mv3ZoefZ6KdoowGMjkPMX61QwRLXx,6064241.257261,2883105.443274,1958496.545828,1960492.033808,90.395967,1222548.872191,0.201599642944189,365439.571367,0.06026138404858241,0.02439169581388309,0.0,0.0,167638.354573,0.027643747578816272,0,0,14,0.0,0.5075510340356109,0,0,0,1,256,256,0.0,2784051465325,0
t,53,9184186,4203869,5H8SFVCxk52ag1YSC5bQw7B84NRNhAtYWAP81jEPfuJ3VL8Q,6113842.71943,1093383.890543,4206694.315075,4208821.072396,279144.39791,534620.115902,0.0874442049682682,124322.119626,0.020334530234366502,0.036607058717271344,123090.684448,0.9900948022563583,137223.663749,0.02244474875238848,1,1,18,0.4330880531974911,0.2407520926348262,1,0,0,1,256,256,0.0,166096392499,0
t,54,9184186,4742549,5FUfruyVDoDsCty1Sh7tCmHVdpoC3XV1nUZYjhcpfe31Defk,5986757.312842,1642742.286727,3691679.283578,3693884.7346,43761.132345,608574.610192,0.10165346253242653,406.989096,6.798155915322528e-05,0.3193213140827608,0.0,0.0,644081.42566,0.10758435526995308,0,0,9,0.8212356896765558,0.677786009657078,1,0,0,1,256,256,0.0,550528262964,0
t,55,9184186,4703386,5GeWUxaFP6duJyNg8EUv6Jfcv6ZNkoERywAcbSw4FAuEMpDq,5606952.037908,2573367.648895,2616811.718691,2619121.736143,94545.881063,322226.789259,0.05746915384333909,2586.769755,0.00046135043372445334,0.07636341825345824,0.0,0.0,14841.866941,0.002647047244270616,0,0,9,0.3597072743183277,0.43362927444439997,0,0,0,1,256,256,0.234375,1524647124126,0
t,56,9184186,4312927,5EJ1zbdwhumTRYFx3VCGnR6SW7CJWP28tEJCo2gw1dFbVL5g,6128808.654529,3281078.17488,1905351.957469,1907564.449717,101331.178318,841047.343861,0.13722852046292983,337865.840546,0.0551274904457567,0.006570032000455382,0.0,0.0,264724.185507,0.04319341660486828,0,0,12,0.004912866762023812,0.25181810203399546,0,0,0,1,256,256,0.0,247139434786,0
t,57,9184186,8057320,5HdpnCSYczg52ZaiBKmgwJPFnVpyyu27o1GHgLcj8217xxr7,1532540.381934,513511.453444,485430.11602,490188.60029,70615.680939,462983.131531,0.3021017501325192,363933.849823,0.23747096919146524,0.7499951933076267,0.0,0.0,1254.306999,0.0008184495584249979,0,0,9,0.5953887404291057,0.35495298027733246,1,1,0,1,256,256,0.0,2930740445,0
t,58,9184186,8511017,5DCsuLtioCCfgiNQvfe3kiUBDXMs6X4y9PrEiAX7rMZ2e5E3,787263.633922,157337.384859,513503.766083,513667.946338,0.0,116422.48298,0.14788246016134396,187706.865059,0.2384294878751313,0.6744072616849536,163403.371659,0.8705242166167836,213417.539422,0.2710877655536196,1,0,7,0.2555650539728289,0.40729298572400613,1,1,0,1,256,256,0.0,6307365662,0
t,59,9184186,8938771,5GzrQ2febBKynmJ4BrNFiEgnsMvVpz5bZtGcucGCKgfaRXep,103530.603756,103530.603756,0.0,,0.0,0.0,0.0,0.0,0.0,,0.0,,0.0,0.0,0,0,5,,0.35547828850135826,1,1,0,1,256,244,0.0,1300492187,1
t,60,9184186,4796992,5CXLwkK1Scd1uiMUrXYjJUTTPxqqyH2FTJQNLp9uXQhA9rhR,5779196.034529,1739567.140847,3300893.452516,3302831.138988,40528.882879,698206.558288,0.12081378692056835,845647.902657,0.14632621866502127,0.04673269863440118,640432.695284,0.7573278349912909,1052466.449239,0.1821129518623573,1,0,12,0.0,0.37875456099916766,1,0,0,1,256,256,0.0,546154046210,0
t,61,9184186,4457976,5ECEsYL82fbXx9KfTZy7G2KXSurnScciJyAVMHZjekc8jUbn,6199503.518105,1251720.500973,3937734.118379,3939890.54986,201678.75379,808370.144963,0.13039272299818327,87099.659212,0.014049457179601056,0.20563472972171065,0.0,0.0,1021287.884225,0.1647370440620518,0,0,14,0.0,0.19404018285223348,1,0,0,1,256,256,0.48828125,292062619355,0
t,62,9184186,4474225,5DhsVYewpCdQQUenHU52k5Cys1WsTWTt5V5m84D3n4L8FWDS,5622232.881822,2841999.863757,2419493.65197,2421677.949757,167850.232274,192889.133822,0.034308278912790736,40684.390961,0.007236340403631654,0.006544966985600801,2588.009343,0.06361184920558972,147868.669321,0.02630070159473052,0,0,19,0.0,0.4251178279428168,0,0,0,1,256,256,0.2421875,1218263109203,0
t,63,9184186,4885578,5CqTmNfgDchxULD1bfoz8jvj9rDYSoq76kiq98oBUUEDpWqX,6073497.997999,2680851.661624,2484337.060556,2486508.721318,182867.880075,725441.395744,0.11944375316878933,751916.609648,0.12380289083745548,0.014059048206157797,0.0,0.0,72397.992374,0.0119203122150754,0,0,9,0.0,0.7531824923333759,1,0,0,1,256,256,0.0,668943232565,0
t,64,9184186,4531295,5FRYKhbmfXPDoHdUUDMx27E3HuMvAzwjzFMMq3rNurUhAyS9,6325304.426113,2881037.904643,2800655.619164,2802807.536782,369403.384691,274207.517615,0.043350880707511315,652388.175588,0.10313941142422027,0.23367077540721745,624123.889635,0.956675661805056,788455.598603,0.12465101210742258,1,1,17,0.18707338773555346,0.24827467085540214,0,0,0,1,256,256,0.0,8724668656,0
t,65,9184186,4950813,5GxEEHxLWpvcAGghL8LG7xNjrxZk4SEPW1VT43hGPZ2TP9mZ,6001710.781762,2693860.021401,2248131.711514,2250373.495757,71.722625,1059647.326222,0.17655754579884128,14438.697878,0.0024057636902851697,0.37006059585628426,0.0,0.0,171794.150223,0.028624196744878393,0,0,16,0.48029591561572876,0.2933059843930568,1,0,0,1,256,256,0.0,669070541634,0
t,66,9184186,4958013,5CJCRGep3iyMUoaRb1FVNqXSuU8bcijfDBwVvZiQHSmGPTjT,5897033.681879,2098777.549188,2838603.492373,2840318.781568,83262.91345,876389.726869,0.14861535038577853,513930.873524,0.08715074412810377,0.24154949378672422,380885.7,0.7411224342061286,392806.591766,0.0666108781052649,1,0,10,0.13934878980373738,0.39046822363724826,0,0,0,1,256,256,0.15625,1419492259836,0
t,67,9184186,7236936,5HEAv3TU1yNei4GwiTsxfmDCDW9pMCKLeDVky9iaVJfYiVeY,1722393.33999,746718.184035,562581.940812,568060.236552,132264.88634,280828.328804,0.1630454102925785,371285.583223,0.2155637592198302,0.6842493091589454,0.0,0.0,522.283347,0.00030323116973038095,0,0,8,0.7108815223638066,0.5333545363623389,1,0,0,1,256,256,0.46875,650744164636,0
t,68,9184186,4972413,5EcdJLAeYoxM3Tsf5VZ3NQPenPku218gqnjSoo3iJNy4V12V,5903789.42368,2077985.066622,2785731.091,2788107.189554,357763.908319,682309.357739,0.1155714251938252,492920.815223,0.08349227586700729,0.05260474310429352,128116.369892,0.2599126795537356,540535.940704,0.0915574560528429,0,0,7,0.0,0.4934222956916504,1,0,0,2,64,64,0.640625,2513921933644,0
t,69,9184186,8138182,5HBPFVcJxuhT6PFg93s5B5qa9GZjMQWRBWWEssZMDAMmRAvc,1980390.725079,633641.624113,900364.647353,903641.261319,59613.768186,386770.685426,0.1953001902745306,814.934317,0.0004115017840734034,0.8315581982436628,0.0,0.0,485.813351,0.0002453118692250388,0,0,12,0.31149203414273585,0.33884667304448773,1,1,0,1,256,256,0.0,2423651643,0
t,70,9184186,8825571,5Cz1mjiJ6shnfmxJLJZY9nRnDdHDbVyMzG7ih3LpshB4hf4A,460874.640228,195903.68556,150580.316334,150452.417645,0.0,114390.638334,0.24820336887647218,909.909823,0.0019743108944645957,0.010181397903408202,0.0,0.0,0.0,0.0,0,0,2,0.28732284232004723,0.507269603119642,1,1,0,1,256,13,0.0,1312429862,0
t,71,9184186,5048438,5DwHzMhBXPGPSSxnPzp3J8Y12UyYmU17nppQ8oHum6yrRjSk,5829402.770717,1291028.704285,3441644.339904,3443798.756618,85705.376382,1011024.350146,0.17343532260706437,90484.949363,0.015522164606166945,0.20774079789464384,0.0,0.0,63565.086414,0.010904219336705136,0,0,7,0.5687949576261639,0.4647823053207382,1,1,0,1,256,256,0.0078125,204383195269,0
t,72,9184186,5064327,5FjP8fFbMb6pEHfRZyRegsmwRUMDuLFNcaBu1TerWMPEKgNh,5492455.93292,2957761.424033,2006033.972471,2008255.809513,0.0,528660.536416,0.09625212161412439,655044.010668,0.11926249726311051,0.006933937639184685,323473.7338,0.49381984802900536,344568.67187,0.0627348996656958,0,0,11,0.0,0.2675053326235045,1,0,0,1,256,256,0.0,2020653769909,0
t,73,9184186,5160047,5GHtVze5TpNih1iRriz4rK1gDJiUdHkMTSR9X9Wc6Nk6LyiT,5782624.909506,2206907.34547,1961376.683687,1963683.847493,0.0,1614340.880349,0.27917094842092205,35220.209471,0.006090695838424897,0.4087503810737063,30426.178084,0.8638840750907938,934421.00227,0.16159114881100697,1,1,14,0.5097707339143873,0.28678078145297425,1,0,0,1,256,256,0.0,201620715632,0
t,74,9184186,5086205,5D1VXeeSdrfyrBdMe4SNwKnRsmzrjXES9dhx6kQkCHhJUPvS,5294963.030484,1838718.789799,2830160.474479,2832676.561238,94292.343237,531791.422968,0.10043345343615018,284600.706391,0.053749328324441216,0.11370552942320082,0.0,0.0,378229.609193,0.07143196411681964,0,0,15,0.0,0.7135443516006192,1,0,1,1,256,256,0.0,271403398273,0
t,75,9184186,5102795,5DAQpczEK4vzBn1waHkC4BZGqGPZ1dwPxKVsj36JDofHAw3a,5696944.18306,2001222.772961,2718390.941327,2720782.06312,192725.589128,784604.879644,0.1377238137555874,335258.874626,0.058848895803262816,0.21998919294535071,100000.0,0.2982769661551412,552609.76712,0.09700108503143397,1,0,12,0.4061171949724389,0.3505621915765742,0,0,0,1,256,256,0.0,3210964354218,0
t,76,9184186,9003844,5CLWmDjLwkDtLQ86y9aiwfzrUCrtnnSWS9oEXianj2jMDCAo,173761.592118,85216.218595,69556.117558,69484.71812,0.0,18989.255966,0.10928339073376683,16663.921463,0.09590106340733041,0.24141823127714057,0.0,0.0,0.0,0.0,0,0,6,0.41835088227325806,0.3571341041035547,1,1,0,1,256,135,0.007407407407407408,1951898052,0
t,77,9184186,5128460,5GxxsUeYRyJSJKCuPeG1jZZiCummHJttmTNsfgDRSfxVnhGi,5664580.140428,2295103.76675,2654850.588892,2657216.280281,573738.888234,140886.896551,0.024871551475786714,2105403.823095,0.3716787071417144,0.8308546965550113,200000.0,0.09499365290693214,369577.913918,0.06524365526756049,1,0,16,0.723819056270656,0.5608338518310578,0,0,0,1,256,256,0.0,226987915499,0
t,78,9184186,7966145,5GvYz1tBVJdVGtdeJFAcDbiRQcmKDcXicT98pxnKzU3cxVQ3,1465719.382581,408045.54524,875448.031592,881258.102049,93439.420139,88786.38561,0.06057529610718344,651.399624,0.00044442314954544856,0.09176647416833483,0.0,0.0,58095.328898,0.03963605147634542,0,0,4,0.4582379787438739,0.3576974845851821,0,0,0,1,256,256,0.0,547824739751,0
t,79,9184186,5173967,5Fxp7QBG81X7PLdMkAe1RLCvqqfQSw9rJC5ppEQs9FP8qez9,5241918.981738,2253096.860716,2370398.576499,2372973.631292,174193.604863,444229.93966,0.08474567066134105,1595511.529642,0.30437546539739835,0.7634425228151015,1269236.786272,0.7955046157244202,1355085.827208,0.2585094946962106,1,0,1,1.0,1.0,1,0,0,1,256,256,0.22265625,1315060846618,0
t,80,9184186,7151800,5CG1eFiaZkWTCUEjD23i7Uiu6AjTkLkgkCu3EyXKFFAkkT2T,2412052.172287,193034.886045,1861195.404902,1866031.395878,98955.739971,258866.141369,0.10732194947638714,162249.783628,0.06726628283272425,0.08896537035141544,99379.411722,0.6125087473158068,318833.497039,0.13218349947087682,1,0,13,0.12482481927362862,0.27849203788503485,1,0,0,1,256,256,0.0234375,219744010959,0
t,81,9184186,5203057,5GnpQR4Nt3f5AQqBXuhf7GkkaEHhAVQrVk4EsK4daZDmkAQT,5549421.902192,2921658.781355,1600565.571232,1602941.725483,140461.457531,886736.092074,0.15978891273763962,57202.574888,0.010307843933264312,0.037219735632967724,0.0,0.0,460734.24059,0.08302382639311823,0,0,7,0.030911300466672228,0.5781710640089709,1,0,0,1,256,256,0.01171875,3176453732291,0
t,82,9184186,9155260,5GGrRdUatgDLiJxnytdWfYCwsAb1Cyo4U5Dw1HmLiAcbWj88,141523.128459,141311.845162,211.283296,211.283296,0.0,0.0,0.0,0.0,0.0,0.0,0.0,,0.0,0.0,0,0,2,,0.6011381042987716,1,1,0,1,64,2,1.0,49503777,1
t,83,9184186,5231190,5DqEjRLyNN8k3WbEXhA36tyGG4YpWyPEcVSTa47XxspNHhc3,3880716.206046,989113.95362,2311888.349077,2315778.994976,234541.079244,345172.824104,0.08894564966292462,650135.961746,0.1675298906766936,0.28478369961360633,0.0,0.0,8057.340854,0.0020762509871394717,0,0,8,0.38936327296517254,0.25390146288908605,0,0,0,1,256,256,0.00390625,745215345957,0
t,84,9184186,8085297,5FRdKaxKceoecnyA71kfLjeiarJzWVxtBirsYvkwBjH727n5,1486671.08962,593459.249309,788397.373821,783224.682181,25365.155475,79449.311015,0.05344108160165392,49692.182877,0.03342513567685276,0.658244561626478,0.0,0.0,660.436412,0.0004442384175250136,0,0,29,0.4482758620689655,0.6042547021357965,1,1,0,1,64,64,0.0,9946361918,0
t,85,9184186,5258781,5GTPBjA4uXhuQ51SJB7Jd55JwY6dKEnbnjCrsSSEXy3MN63z,5329455.888985,2312990.059714,2437183.541028,2439821.563672,66118.084966,513164.203277,0.09628829170673082,52199.347755,0.009794498508410724,0.03477613816800718,27243.081777,0.5219046395960427,141117.488619,0.02647877974011553,0,0,5,0.9997029530502478,0.9857544564997258,1,0,0,1,256,256,0.01171875,1600689151764,0
t,86,9184186,8693284,5F4XAWGzcwpHjGdLUDfWiCvKnqeNPQHn3SwooBQcYcP7mWXJ,118398.857,118398.857,0.0,,0.0,0.0,0.0,0.0,0.0,,0.0,,0.0,0.0,0,0,5,,0.3786214880283857,1,1,0,1,256,140,0.0,2080993178,1
t,87,9184186,7208725,5HartH15eyQoKJk98jTMwhY9nW4JRfWEznqLRD1oQJuwdBHV,2297658.995935,389031.454906,1064783.783477,1067965.86544,51054.043827,792789.713726,0.34504237361960166,137286.85881,0.05975075459550265,0.02030305023911713,123567.943568,0.9000711695106925,167981.034687,0.07310964550635553,0,1,12,0.0,0.23397804270425587,1,0,0,2,256,256,0.0625,216182676577,0
t,88,9184186,5299805,5FhMsGJS7WYdwBzcgsTWxEtY7UCYLZdmBVLcNPmCxr3ppiKS,5358152.273784,2072473.465759,3014630.720355,3017183.177387,95778.774658,175269.313012,0.03271077491944293,948232.352858,0.1769700270553456,0.5556250655027287,934765.794835,0.9857982508378077,1208585.233684,0.22556007592343108,1,0,17,0.7578452592214439,0.5583649882140858,1,0,0,1,256,256,0.14453125,466385866976,0
t,89,9184186,5313364,5Dc5NmEUptDeMLrxDSvg8kfCToxJkiF47apAYSVTycAVvDN4,4973136.333415,2027619.447491,2156730.203104,2159320.054325,187748.849811,601037.833009,0.12085689848689496,779002.231457,0.1566420422103827,0.37187427277940843,0.0,0.0,6094.632143,0.0012255107710812997,0,0,9,0.03772136762708111,0.5925123608641248,1,0,0,2,256,256,0.01171875,24625583090,0
t,90,9184186,8618670,5C9y6fnLPSzBeh1Np7f4DnGen42xV29nL9qZTDuwpVC4iTEE,549241.391598,149049.171388,400001.665715,399919.693455,190.554494,0.0,0.0,97553.240145,0.17761450909763407,0.4208021998177566,87662.118417,0.8986079630687682,87662.118417,0.15960581223168416,1,1,7,0.3851535178991502,0.28681241062379964,1,1,0,1,256,99,0.0,1563986302,0
t,91,9184186,7633645,5HEe7NjS4exuP9SptWZdwWqWrMrGTTEHf5ieQH8yZXA3zXtW,1831046.573131,675153.205818,694858.956539,699689.189409,61657.635293,399376.77548,0.2181139362269549,306094.594039,0.16716920177257572,0.4459801027306268,145413.319642,0.4750600712133368,152159.49146,0.08309973852786504,1,0,8,0.26177274565775277,0.3233843865122029,1,0,0,1,256,256,0.01953125,721615956123,0
t,92,9184186,8352006,5E9LPDS2E5RFzoqRsF2D7NgJTFH3N2DVqeAodTksPJP7CT4x,1011205.630527,420924.259096,318119.268439,318917.878759,41186.988026,230975.114966,0.2284155744322476,47137.301964,0.0466149520349286,0.1515277587922599,46578.001234,0.9881346469334886,46578.001234,0.046061849170855686,0,0,5,0.2639125976951965,0.46134633508703665,1,1,0,1,256,256,0.0,12393685596,0
t,93,9184186,5370681,5EbY1SebUuz189w1G96JN4mmHnShAECA6JefCRYhSLqyYg2c,5216179.668195,1263352.492968,2692519.97441,2695279.658655,172332.947272,1087974.253544,0.20857683644949257,766442.454843,0.146935593402924,0.3631100523504261,270000.0,0.35227693650592373,427930.957621,0.08203915218453922,1,0,14,0.6410355061260834,0.4319542715847852,1,0,0,2,256,256,0.00390625,7183783074,0
t,94,9184186,6962737,5CnwnkkCxrrNDuhy8Vvptd6j6ebrv9Z6mrTzD479f7uAiYat,2527893.456723,458123.796064,1237208.969103,1242862.45855,6977.12015,825583.571406,0.3265895440373865,7284.76307,0.002881752413564465,0.2894825559280093,0.0,0.0,273.723033,0.0001082810795795126,0,0,13,0.3801617723799572,0.2510499215813766,1,0,0,1,256,256,0.0390625,241947882314,0
t,95,9184186,5403674,5D5UhUuc6cC47CXUBHyBkpDBrdeyeL6bpWGAreZgNm5WTyrg,3725365.606356,775699.374286,1735876.573814,1740048.882895,92584.118278,1121205.539979,0.3009652362886554,489419.072125,0.13137477601928998,0.28194385164818353,0.0,0.0,9024.9977,0.002422580399806846,0,0,13,0.0,0.30223963872717713,1,0,0,1,256,256,0.0,11904014976,0
t,96,9184186,7692872,5CGq1JQhmZmR8w3pXFqycUgX9mcLt8bPwMZ8YDJbEmELpw7X,1449185.01955,581841.718609,523151.983718,529185.141734,67499.464577,276691.852646,0.19092928019121988,70636.562818,0.048742266767451914,0.34664815888791156,66417.207443,0.9402666946622575,208689.310482,0.14400460097692727,1,1,17,0.5116808481479308,0.29008225315555647,1,1,1,1,256,256,0.0,517580997482,0
t,97,9184186,7735450,5GnW8owmMGn83WqL9JNYytmw458UYrTT6Ra5fH8TTUkzEbTb,1865265.409909,699978.071958,736949.82977,742186.285822,357464.731743,70872.776438,0.03799608144828592,345772.92546,0.18537465157684985,0.47369444089132734,0.0,0.0,9201.829116,0.004933254574399498,0,0,3,0.7964334707259558,0.6800785199234292,0,0,0,1,256,256,0.05859375,3580520605156,0
t,98,9184186,5445992,5EWzZCNsJe72k44Jd9oPUXRRkxVgFAtjyohgSwmTu6F8MBHM,4944902.716811,2133021.60527,1556390.717614,1559166.688122,0.0,1255490.393926,0.25389587335221026,828852.368683,0.16761752781602435,0.5909248365010614,396466.329013,0.47833165952491513,405555.249808,0.08201480858846223,0,0,9,0.6220553855870912,0.4286015899087464,1,0,0,1,256,256,0.0078125,49930865562,0
t,99,9184186,8572056,5DebFXsw76JvoG5j6qQRoyNK79qBEvd6A2trULrA6DGgQLYX,763003.310129,361332.621619,306953.671683,306817.723585,0.0,94717.016827,0.1241370981872498,136977.23041,0.17952376954572033,0.446248238072915,0.0,0.0,0.0,0.0,0,0,4,0.933383021786564,0.7386074044279923,1,1,0,1,256,256,0.0,6555641852,0
t,100,9184186,6693448,5FX6kmhYwTYRFaZjxEo7k9DaG8qRmqrJtLTMGRgnfjRcXiWU,2657012.840817,668631.619555,1214894.544625,1220180.53347,8577.774655,764908.901982,0.2878830279746275,28919.247848,0.010884120469151012,0.4844911276106779,0.0,0.0,308720.9813,0.1161910008704529,0,0,8,0.4881886991973513,0.3708233311735889,1,0,0,1,256,256,0.0,675359870784,0
t,101,9184186,5481350,5H8dNvi1jZRe1dcYN2FdknWKxfGx6u1o9pYm5zRMCZyy2Ex3,3520336.09593,961864.332769,1473724.564618,1478378.881163,147162.212142,937584.986402,0.2663339410931763,829348.926657,0.2355879961618557,0.5627812814962688,0.0,0.0,13574.613355,0.0038560560653434182,0,0,9,0.5850325448431449,0.3941660252847197,1,0,0,1,256,256,0.20703125,207163679398,0
t,102,9184186,7840965,5HBc11rCaAj2UtUTeC3oK8zHbU7jQCQZWpRQvsawqxH8qkTm,1636503.834401,603106.372523,718085.38852,723196.104755,158995.005399,156317.067959,0.09551891335253979,115495.131163,0.07057431136730016,0.16297534549249204,0.0,0.0,2002.340459,0.001223547673446828,0,0,5,0.5452794844252796,0.4014330537260409,0,0,0,1,256,256,0.16015625,879389154329,0
t,103,9184186,8762380,5H3SQ4du9ThumJcUQb1VL2dixRBDKtt8hDRWLyPuANhHon7Y,540644.904731,290551.253487,189954.39455,189600.66654,0.0,60139.256694,0.11123614810335514,844.274146,0.001561605665786404,0.004446290137713527,0.0,0.0,0.0,0.0,0,0,3,0.7293101640601406,0.9029096130701308,1,1,0,1,256,128,0.0,59646054310,0
t,104,9184186,5528520,5HBb3F1bmDzdwQ5WTweXUvnKETTzu6aWNAH811vrLkvSdQAn,4664007.462137,1423731.298625,2891261.766765,2902485.718003,8693.224149,340321.172598,0.07296754461932534,111751.354895,0.02396037223396353,0.3968804655408813,0.0,0.0,1508.960534,0.0003235330445534132,0,0,15,0.42258674886318554,0.49912581485844887,1,0,0,1,64,64,0.0,45970565001,0
t,105,9184186,6841399,5G3ic2pAzVu1gZmeUQfKGox3P8TetJw87asvyAdkb2o8aCCX,3014952.02027,790567.938319,1567273.749984,1571743.226865,204869.518825,452240.813142,0.14999933998997728,4365.608052,0.0014479859125474416,0.16309624912026935,0.0,0.0,175449.664934,0.05819318641037478,0,0,7,0.8753236418618879,0.821127985234157,1,0,0,1,256,256,0.06640625,518049005152,0
t,106,9184186,5558480,5CTdHCps1vJ9LrZ3SPM8ZweXWtgg6vgEqEb5W8xzuZHQHXpA,4956657.774468,2694218.770755,1370527.622524,1373341.7635,53273.846845,838637.534344,0.16919415713219363,65262.88911,0.013166712748753862,0.20522210053528522,65195.380574,0.9989655907476702,338361.28745,0.06826400022871952,1,1,18,0.4435646045034634,0.23949976080651755,1,1,1,1,256,256,0.0,43350872782,0
t,107,9184186,7457580,5DA2vLrSXZxnT9G4Yrywx1Fpi4RXwMH1Ah7r8DTTWS7UZZBM,2187488.9698,503427.098413,909025.477014,914026.584855,368238.145948,406798.248425,0.18596585127581947,336386.044439,0.15377725286056668,0.37070527424036004,40000.0,0.1189109972346063,41164.694002,0.018818240718310647,1,0,8,0.7775814409857271,0.5301651905208744,1,0,0,1,100,100,0.16,1365928307468,0
t,108,9184186,9111253,5FBwsAvvKjhe7bGSdtVSAaxm7huJAcWFZRb9WRpJJmrVUvoB,114748.695019,114748.695019,0.0,,0.0,0.0,0.0,0.0,0.0,,0.0,,0.0,0.0,0,0,3,,0.5176833857602308,1,1,0,1,256,62,0.0,1049812107,1
t,109,9184186,7257480,5FqZqKFxfm3VWmc47UdEjaFyVrSfkGd4HcXwFoxH8vBGXKmv,2232405.937204,542151.574415,847920.897069,851158.726335,70026.821602,772306.644118,0.3459526026371164,276685.795807,0.12394062889564487,0.5903066885971284,214992.264439,0.7770267491027961,223140.499828,0.09995516322048877,1,1,13,0.3872310822109493,0.26076343692671017,1,0,0,1,256,256,0.0,282403378229,0
t,110,9184186,5606062,5D53sX6AwAzXUB24G85Ch35hYr5rCpXjYFWpFTe4uzBb75sL,3659253.299055,527249.93162,2271427.832254,2275898.492741,206973.332277,653602.202904,0.17861627755384724,739.278704,0.00020202993454356919,0.00043505263723801237,0.0,0.0,9205.921865,0.002515792461663776,0,0,15,0.0,0.31173596423804983,0,0,0,1,256,256,0.0,3316926880,0
t,111,9184186,5615562,5CGTryXjAmwmb3mAFD6B5ba2iBXZBcS5dN9pHLBxRoeonigv,4883520.904837,1278413.103799,2528333.229391,2531569.920047,342283.298969,734491.272679,0.15040199212654026,57463.812656,0.01176688167738591,0.35266096935396873,0.0,0.0,1221.604957,0.0002501484033452038,0,0,4,0.8484000261235488,0.7294529874391928,1,0,1,1,256,256,0.0625,470355557336,0
t,112,9184186,5633022,5GQjr3Qthuygwef9R8qPMuZBs3bPq5i5Cds37xbrhkeomDwj,3655893.431566,941512.416649,1572529.536162,1576703.916409,85660.902763,1056190.575992,0.2889008106397932,371836.12179,0.10170868728823683,0.36028053863354875,100000.0,0.268935679294788,109192.016768,0.02986739597639027,1,0,10,0.4724861678181486,0.36284616840431666,1,0,0,1,256,256,0.0,9615134550,0
t,113,9184186,7119664,5GndoVhMAr8mF5zv1gPVLQYbXzmXe3Xh3kF37nt8qy5CaXTP,2478361.381181,826351.806999,800124.204049,803673.989631,24443.416712,827441.953421,0.3338665457362817,41150.89297,0.01660407286950439,0.10722205474581646,0.0,0.0,55830.0628,0.0225270064420866,0,0,13,0.2952975912558922,0.24713287181446034,1,0,0,2,256,256,0.0,248807993602,0
t,114,9184186,7312241,5FHrQMjzzAhmL5zS9ys87ZrGCwG3vsVT9hXAUWZQ8SNdRqig,2314742.615634,439291.44399,1205782.934941,1210429.587647,295856.78923,373811.447473,0.16149158223840251,435457.984649,0.18812371695574584,0.4655809997066552,100000.0,0.2296432802365765,146039.760277,0.0630911442554158,1,0,9,0.534190325175302,0.3953720277597062,0,0,0,1,256,256,0.0,605949659673,0
t,115,9184186,5683635,5EkNnrTjnMYaj4x1gNxAnJne9UvKgfU6NZNjhm6XFWMstbdG,3185678.163165,1431218.581109,751578.197752,756358.867081,0.0,1002881.384303,0.31480938529804253,87606.355224,0.027500064581922622,0.11812699349496893,0.0,0.0,2942.008322,0.0009235108419029359,0,0,17,0.06213149195861768,0.3386933934146808,1,1,0,1,256,256,0.38671875,6239040384,0
t,116,9184186,8294730,5F48aA3Pw1vFRfnhhfu7EJKqzrj8y9VBWtS4PE9xJ1chHXqB,1086876.320106,416291.81609,348962.0666,349372.586235,46438.331748,275184.105668,0.25318805882295903,70915.882203,0.06524742594054263,0.2032194584746224,0.0,0.0,30.450527,2.801655250620781e-05,0,0,10,0.0,0.3561643125002023,1,1,0,1,256,256,0.0,1735429050,0
t,117,9184186,5710859,5FFDV7LGKVsVvyVbzSduzxQDPfBuJYHBM2QJPia5ikDivsXd,3004191.499929,1113115.224478,1491609.068946,1496577.005143,110042.604483,289424.602022,0.0963402639374982,168151.206915,0.05597219981439904,0.4180167814497803,46822.865176,0.2784569081335125,154144.143623,0.051309693016152735,1,0,9,0.04937634274441274,0.42042053395905143,1,1,1,1,256,131,0.030534351145038167,69042001872,0
t,118,9184186,5724794,5HGXqHbQjEmwnQsnnMa8pm13VUv9PP2jB4Vuv9nw7NwUYiAN,3151039.504061,870506.757354,1791100.31511,1796129.945061,148578.493477,340853.93812,0.10817190253584565,32819.556606,0.01041546974059532,0.10386837858988764,0.0,0.0,106184.484982,0.033698239849018714,0,0,12,0.6172040515041693,0.403035225358715,1,0,0,1,256,256,0.0,7485698662,0
t,119,9184186,5740660,5GbLENPLG8Takn1puaz5HorPmrFtDT7i2PojiJsqutbaGwWu,3009072.39492,1367026.183481,720121.514358,723379.951432,0.0,921924.697082,0.3063816937864245,81816.91263,0.02719007783532026,0.11880339782647094,0.0,0.0,20722.542632,0.0068866879597849285,0,0,11,0.06019339401072998,0.37383999358194686,1,1,0,1,256,256,0.0,4669705828,0
t,120,9184186,5749344,5EfNFhH2s9hJoVuK8qkQRx8bkpNncRifhbCHBFKs6qKqknak,4363620.973929,1660146.216422,2178510.465004,2181834.830315,337324.043813,187640.24869,0.04300104198128201,346754.326815,0.07946481348551265,0.21776026896983441,42032.2697,0.12121628037479133,49440.248498,0.011330096906562474,0,0,2,0.9866775754655703,0.9750796913612387,1,0,0,1,256,256,0.046875,3445358612677,0
t,121,9184186,5766528,5CXGaDJsffVeBK4CDhBNMVK6MH7fHbL7AbnjzZ8XP6QzFLWm,4469265.260307,1493903.620771,1619652.289704,1622700.720455,0.0,1355709.349831,0.303340542767028,166883.454205,0.03734024375028145,0.47451688483280974,120999.818157,0.7250558105606,202885.709557,0.04539576367472748,1,0,9,0.7365141424102657,0.5848506745488994,0,0,0,1,256,256,0.02734375,6652198743,0
t,122,9184186,8238082,5F3uH1G4QNyT8UR6D2Zf2zmXa6WAxYC3MfaiSGgg5pScWfY9,1160483.480439,301446.559272,430963.013973,436040.75698,41001.922984,387071.98421,0.3335437261579438,41858.592,0.03606995937919493,0.10194053659463928,39192.63319,0.9363103563200222,130227.913362,0.11221867054262281,1,1,9,0.31627788863580725,0.32873472534397746,1,1,0,1,256,75,0.04,6082165746,0
t,123,9184186,5794330,5HVuEdEGMYisecwjkWC7dKDPEzgs9cECdsdCQagfPRVf6FxZ,4470811.312976,2461458.953585,1645606.30968,1648527.191651,40622.00382,323124.045891,0.0722741407031137,745452.72245,0.166737683669808,0.45497406744136487,290000.0,0.3890253416028026,350656.879908,0.07843249364826697,1,0,11,0.5758099674807269,0.46295471329160104,1,0,0,1,256,256,0.0,517885702227,0
t,124,9184186,5813454,5HKYqfJrUFKYPMRFZZ7kfhUNEyHUbY2ZyEjQqKJf2RKVpeXM,4869081.249929,1276359.902497,2378917.293391,2381845.846174,316799.421374,897004.632666,0.18422461787408875,241044.35428,0.04950510001943469,0.35132342581373444,0.0,0.0,1000000.110796,0.20537757730175604,0,0,10,0.7381235741486667,0.5734822267373036,1,0,0,1,256,256,0.01953125,578272296920,0
t,125,9184186,5834408,5DTzv2rL6YGQjCDNiWQJz2nE23fK1mDccH9eQimgiieyL3C4,4498996.338975,1970215.19757,1215043.464158,1218133.376703,7964.547109,1305773.130138,0.29023653983130726,354420.905013,0.078777771375889,0.02047874653975757,219000.0,0.6179093752726301,226023.662898,0.050238685668507505,1,0,13,0.0,0.2510818006193571,1,0,0,1,256,256,0.0,4072745885,0
t,126,9184186,7525773,5DqrUa2z6E9taJdY8FGiPCrtCswsEjHjPbVo5xcTw2GqvKZm,1994134.129942,564758.95972,738093.393705,742166.791839,215477.375954,475804.400563,0.23860200445851273,431443.964755,0.21635654205868682,0.334455167541541,170342.540824,0.39481961677374694,1096.5537,0.0005498896403573604,1,0,11,0.0,0.2937048185371045,1,0,0,1,256,256,0.0,509533700739,0
t,127,9184186,5848837,5FU4uxAdrZsaWaezWwXEK93MwPX5gw2566BQK2WwrGUudfSH,4302557.658401,1311980.706672,1705595.064498,1708707.4767,45.025795,1284936.861436,0.2986448906564181,45573.074437,0.010592089184032297,0.026719922521495344,0.0,0.0,5535.674552,0.0012866008992242577,0,0,13,0.5688120445953738,0.40293072436462735,0,0,0,1,256,256,0.0,3924925536,0
t,128,9184186,5856038,5GgMeLFN4YssT6f9i9pZpRmczt8GYDsCZ1nYPiGRcTPWn3AA,4445193.708389,1444328.552509,2780134.521216,2783442.705722,34715.840161,186014.794503,0.04184627413472459,769181.917987,0.17303676025088938,0.27667129173796695,0.0,0.0,3774.573942,0.0008491359858171219,0,0,29,0.26928431005165704,0.3179834033976044,0,0,0,1,256,256,0.0,5313547317,0
lag,1,8968186,1497824,5HCFWvRqzSHWRPecN7q8J6c7aKQnrCZTMHstPv39xL1wgDHh,5805049.370022,3288310.598958,1641270.040443,1643683.35446,17184.489564,858284.241057,0.1478513250015626,267880.109866,0.04614605196115698,0.005199251508449359,0.0,0.0,192824.591394,0.03321670137556959,0,0,9,0.0,0.524846128119266,1,0,0,1,256,256,,102625879099377,0
lag,2,8968186,2734060,5EcYQ3W77ndrmMWdvVQusoFqY8doxfP3U2zrh7xZQiaz7avY,5649281.739658,2510746.050865,2453481.160653,2455646.38224,277.903743,684776.624396,0.12121481206879559,1047010.331137,0.18533512389488996,0.4466592603468784,844988.916272,0.8070492631667098,1144508.261831,0.2025935888090827,1,0,7,0.8832715207892581,0.6833541674780063,1,1,1,1,256,256,,8978119186592,0
lag,3,8968186,4165565,5GsGUrd21bnkNxQsH2grv474y4gcDwCmp5xJ72KeokspZ2bg,5925447.590554,2770321.481998,2338259.333015,2340439.178774,238391.440599,578475.334942,0.09762559302096024,23692.265544,0.0039983925571607385,0.03399873155775151,0.0,0.0,387656.859098,0.06542237580775656,0,0,5,0.9428531820591488,0.9635584119037887,1,0,0,1,256,256,,8346492058558,0
lag,4,8968186,1411451,5CXGPMnq9RCCLUEvp9G2iUuabw69TSFM155UVS1S4Zmusaxv,6096763.124173,2440796.554404,2872482.423967,2874192.362072,225511.509425,557972.636377,0.09151948747441767,811428.505476,0.13309168963102927,0.3998277068119554,0.0,0.0,183019.057564,0.030019053362609068,0,0,11,0.5113975571422453,0.3879948455866095,1,0,0,1,256,256,,20661912290469,0
lag,5,8968186,2491604,5GurNtB3yQFCh6CSmfH7LrYJDsvzup4diHZiaYtKe274nrMX,5668134.451787,2608991.966097,1509252.818321,1511415.416519,61321.972737,1488567.694632,0.26262039252841485,5824.176704,0.001027529737318846,0.25581439128402966,0.0,0.0,6649.821324,0.0011731939989433312,0,0,10,0.0,0.5122114417676256,0,0,0,1,256,256,,19641934525048,0
lag,6,8968186,3219949,5CfSg4e23Z3aTXvc2XZie8ZE1xkqRPoyVRFdWUuyyjGxJrMA,5674004.459776,2811793.140267,2579752.867243,2581700.25685,97097.786803,185360.665463,0.03266840320221311,58253.718376,0.010266773455864216,0.023707004246149986,0.0,0.0,662466.459537,0.116754659647094,0,0,17,0.0,0.25634306548645874,1,0,0,1,256,256,,4732085003647,0
lag,7,8968186,2627691,5CAc19iETJmWD2rYVX1ht58ghCpyHq86MoBNdx5TzLfinzcx,5166650.510325,1981822.263369,3125666.447141,3127834.180975,23076.821213,36084.978602,0.00698421124677598,137870.229253,0.026684643944411238,0.08185768523214564,0.0,0.0,3211.260531,0.0006215362399733341,0,0,14,0.0,0.7409126863709474,1,0,1,1,256,256,,4472550686140,0
lag,8,8968186,1477264,5F6tnxzAAxbhaWRmeUmB63JEM3VXBNSmqb3AwYJVDStQjw8y,5931441.607945,2824611.814773,2176969.002029,2179150.352746,142929.840919,786930.950223,0.13267111138193444,896505.985365,0.1511447038717289,0.011610804671760682,600000.0,0.6692649126659823,607571.159893,0.10243229219007194,1,0,18,0.0,0.3741630481985105,1,0,0,1,256,256,,12951664792768,0
lag,9,8968186,1489797,5FsbubeciqtB5Nik3umL2iD4fG8FcC9GbT9nHJfXMj4mJJZ9,5961401.768001,1961182.500673,2635725.930443,2637917.790787,220779.419814,1143713.917071,0.19185318513674596,99800.472944,0.016741108354758758,0.003271844109166716,0.0,0.0,566487.003304,0.095025805230055,0,0,13,0.0,0.4266073457064002,0,0,0,1,256,256,,1532411573221,0
lag,10,8968186,2869647,5HK5714cfComgoVg9UfQswQHad6wJV4RnGvp6PQvTkLUUFt5,5839090.779076,2450816.804345,2608573.112166,2610567.96012,3919.775094,775781.08747,0.1328599120688369,42630.352056,0.007300854476917869,0.12486840538295522,5639.777551,0.13229488565333836,20708.336672,0.00354650020965368,0,0,14,0.0025439242375548234,0.3781489240054678,1,0,0,1,256,256,,4283715971808,0
lag,11,8968186,2918568,5D2Jhtbnm7iAdKfjRk6DisXBnr1MEsYat8kXqaPNrVqJP3uE,5819438.257915,2598443.68658,1922525.084228,1924760.364083,152534.494945,1145934.992163,0.19691505285827102,314235.740644,0.053997607108652576,0.16602431596893039,0.0,0.0,46180.459269,0.007935552749578969,0,0,7,0.8620396885158943,0.7799341672001086,1,0,0,1,256,256,,7464574759011,0
lag,12,8968186,2256433,5ELzhHvgUqmnAYs74vFWjMMehXNeHkRtkreAa3g8QQS96PCp,6105831.567465,2615622.031688,1911587.421872,1913700.118161,0.0,1578622.113905,0.25854334441788146,1257383.279061,0.20593153695248226,0.6469353192935482,0.0,0.0,3870.537062,0.0006339082594869525,0,0,12,0.0,0.38848127589770093,1,1,0,1,256,256,,914039093856,0
lag,13,8968186,1907637,5HBswBt1A9Ahx6U76abXXGd7VmabmCNBGhSK2vrP71GSxtgZ,5943106.330577,3477326.197068,1815573.782601,1817885.409094,16582.214268,633624.13664,0.10661497563656389,264130.699803,0.0444432061468789,0.004681812494542141,0.0,0.0,93697.039216,0.01576566764999262,0,0,11,0.0,0.33718694107466385,1,0,0,1,256,256,,1717050875382,0
lag,14,8968186,4848444,5CKhH8nKAhXLmqxwaXzFtVFgxqwwnyckXG8qLpmGtzVJH9Ri,5778601.382083,2669995.150359,1745111.84356,1747352.189502,137175.140364,1226319.2478,0.2122173111996077,21948.911582,0.0037983086444166253,0.028711138894768683,14356.59093,0.6540912462154466,53960.875437,0.009338051176913375,0,0,8,0.4397344375228927,0.5283093424037939,1,0,0,1,256,256,,3020680767460,0
lag,15,8968186,7366897,5GMtrkkvybJiWpo5boj5oVfKmGVgcrghwuubAytsny5LzycW,1937451.232011,434857.864924,884018.602378,891058.292749,263919.772928,354654.991782,0.1830523452266752,162073.129417,0.08365275302873205,0.23017122875691273,0.0,0.0,1010.651575,0.0005216397492250972,0,0,12,0.0,0.25156728100492487,1,1,1,1,256,256,,2352341949270,0
lag,16,8968186,8460646,5FkKY8WJKm1fsUXuVNeoX7ayENaSmR6L2KNoJN48ZAJwtWeU,644526.506532,249858.233569,321964.141542,322437.553738,9125.331582,63578.79984,0.09864419724557391,25563.311033,0.039662156287378056,0.29227326888717087,7296.246499,0.2854186802810623,0.0,0.0,1,0,4,0.6207805617440311,0.4041221278369241,1,1,0,1,256,18,,10295674650,0
lag,17,8968186,2840556,5E7a4a7QETrNjoZ2SbVSJMaavrQeyTEaHgjBPDUDxBKjUaMZ,5862012.046389,2740870.4839,2625929.349627,2627980.124324,154736.608251,340475.604612,0.05808169650929476,663754.800599,0.11322985953387862,0.29106633901974216,115225.869348,0.1735970410211965,509668.845219,0.08694435309681592,1,1,12,0.33763013293262495,0.3089330885290373,1,0,0,1,256,256,,3239913750721,0
lag,18,8968186,1604679,5GgvCi6h7dNsC489T8UnUMv912SoEXpEUDVt71VJU1Td7WKh,5628932.902098,2399863.904151,2708068.669163,2710215.585707,184938.458414,336061.870368,0.05970258949844633,534670.218536,0.09498607068795284,0.3150748289889088,375000.0,0.7013669117882348,375000.0,0.06662008706130845,1,0,9,0.7890624803784217,0.4047638717195784,1,0,0,1,257,257,,37134508929599,0
lag,19,8968186,1956072,5FWh37LfVV5LE9dZA91STzbtebh6vxYa3MH71c621sYafo1L,5859528.892651,3098212.173745,1706110.21181,1707704.319229,48692.327042,1006514.180053,0.1717739085330581,260815.942723,0.04451141849472764,0.11178638011717422,100000.0,0.3834121448100996,169492.9899,0.02892604388596904,1,0,10,0.5043676108996795,0.30694494504486874,1,0,0,1,256,256,,26544357922229,0
lag,20,8968186,1970929,5CFVA7aPkGRYhYThumb9UQkPPZv7kzm2ieREHVjxecaYqi3u,5803136.53295,2528590.783026,1914903.226856,1917094.355136,0.0,1359642.523067,0.23429442256737343,800971.778576,0.13802394171294013,0.4031042622592768,574049.35184,0.7166911084690272,631146.168782,0.10875948983760719,0,0,11,0.39745356241973506,0.27776462421506276,1,0,0,1,256,256,,2921568297609,0
lag,21,8968186,3156578,5HjCYVfrWSkzTfJM5rkWBW3qTTJqXEFUzZrKty5hodpgfjyW,5865368.707536,2085183.095305,2939338.066812,2941609.866439,12526.594994,828320.950425,0.1412223155486995,1254.510927,0.0002138844102105967,0.00039681770746946966,0.0,0.0,5839.628797,0.0009956115443131909,0,0,20,0.0,0.4016628701307606,1,0,0,1,256,256,,7716342669947,0
lag,22,8968186,2009702,5DFuaMasyQtPhXcsuoYEyJmCVSRtzKxsTKFTA4SrpcGXBxJn,5950419.125833,2452605.816512,2278540.513241,2280811.630681,8538.815663,1210733.980417,0.2034703698703578,963565.046198,0.1619322985190869,0.19645922747358557,501000.0,0.5199441407477225,763677.586285,0.12834013371765018,1,0,10,0.0,0.5194913197562022,1,0,0,1,256,256,,4054000735937,0
lag,23,8968186,2063528,5CqTRwoFmme25YAbbwovR9rEic1UY7hYBLHxSk1PSfZ2jpmN,5901273.600587,1785402.420309,2723832.003907,2725948.801558,257565.47245,1134473.703921,0.1922421803672874,22880.90437,0.0038772824171465796,0.35476019196375874,13656.368057,0.5968456419310803,948258.893274,0.16068715966321745,1,0,14,0.36125621528226354,0.24877151868473918,1,0,0,1,256,256,,5987557376724,0
lag,24,8968186,2538424,5ELutYW7EdFUS38CPGkDnbwkeMrpppi6ujEC825jTP7maAuL,5819123.984567,2166195.857106,2901192.309181,2902482.342939,113298.120047,638437.698232,0.10971371291021191,168697.778413,0.028990236135222697,0.06332556765120485,150292.843276,0.8908999554685652,0.0,0.0,1,0,9,0.055404275687805454,0.5967043842982953,1,0,0,1,256,256,,3292846000285,0
lag,25,8968186,2998801,5F6aRdsBHajN2NhZHBTB6ibBFu7YuZZEWruWzB8x6B6GiZ4D,5857776.780738,1681856.034673,3246402.970102,3248542.699238,0.0,929517.775964,0.1586809826929834,706571.64427,0.1206211282398532,0.0164868373154463,0.0,0.0,323519.372769,0.05522903737697327,0,0,15,0.0,0.38391011261190083,1,0,0,1,256,256,,627087150515,0
lag,26,8968186,8123781,5FsVAEPMpkAo3eP7xTNJYLyBndi2oT5GPxVPzFT1DzSD82qx,1446102.738457,538218.6127,798074.956989,802055.469368,16231.463887,93577.704881,0.06471027430622132,1183.612888,0.0008184846460993211,0.05517342732804738,0.0,0.0,39140.811182,0.027066411079450268,0,0,6,0.9440447672551564,0.7158728496949083,1,1,0,1,256,256,,59607099690,0
lag,27,8968186,1727132,5GLT9wjWzyFqwsfgvNiy9xdAkaVsHPUwAHJ34hVgbW8hy7hT,5963399.448819,2559005.589528,2121964.571816,2124158.220938,114.576078,1282314.711396,0.2150308263603363,33111.972258,0.005552533004356222,0.022917062252133184,0.0,0.0,29259.979274,0.00490659388578657,0,0,15,0.00011852479261674534,0.21341766218105512,0,0,0,1,256,256,,3928094622715,0
lag,28,8968186,4878363,5CA6rwAytZvvyZhLYEzo79627QEV422Q8kD51DEnTaRQxm45,5965660.779841,1113870.39833,3268664.598649,3270775.239685,191648.155653,1391477.627209,0.23324786282028018,135712.2203,0.022748899964010177,0.3002457313570468,5000.0,0.03684266596592207,434344.502651,0.0728074422399083,1,0,13,0.6067866637860353,0.4125672050751285,1,0,0,1,256,256,,5033975083185,0
lag,29,8968186,3379782,5HHHHHzgLnYRvnKkHd45cRUDMHXTSwx7MjUzxBrKbY4JfZWn,5871581.098474,2986712.244081,2274039.501643,2276244.905179,0.0,610829.35275,0.10403149381834098,1053428.176483,0.17941133040931245,0.010075463081601694,0.0,0.0,3165.974907,0.0005392031301432499,0,0,12,0.0,0.6219783658538116,1,0,0,1,256,256,,929518169591,0
lag,30,8968186,3250216,5HTogQKFuDaLq5ifWNhL2owMpLPHM3TAmujUUaTVj7FWzf6p,5826979.403478,2352776.849381,2684227.445084,2685457.733661,22914.692387,767060.416625,0.13163945905955093,1166.378451,0.00020016862424553235,0.00043453440608884504,0.0,0.0,4962.596267,0.000851658453436793,0,0,13,0.0,0.48426837723580757,0,0,0,1,256,256,,1575997873723,0
lag,31,8968186,7173591,5H3mfhC8DS853nezGzh73rRnrFqPaPXtaCR8jDtgkSCHrfvb,2138178.126793,406847.669719,975561.144263,981583.063469,38096.765184,717672.547627,0.33564675395090865,474206.94513,0.2217808419175486,0.4966825795264491,404846.516877,0.8537338413851375,405686.092297,0.18973446936611388,1,1,16,0.4306631077894278,0.2857206119504644,1,0,0,1,256,256,,275434191356,0
lag,32,8968186,2515294,5DWgkCSvq4brWSNLDU9FBgTk1ZpAQ2y6t3ky97CvEVuS9Qad,5917573.744413,2360187.14122,3444986.865061,3447005.674337,94980.465259,17419.272873,0.0029436511694585325,845226.64666,0.14283331026642854,0.013655864688633923,600006.0006,0.7098758693550931,634410.21886,0.10720782642697844,1,0,54,0.0,0.7001530458179607,1,0,0,1,256,256,,3390496404202,0
lag,33,8968186,2943950,5HinUfk5SqBUAbkMtgdNoum3VJvwrLgdvwW5sbXA1UPYZ8uB,5253219.340801,3025824.075935,1553121.959541,1555614.486341,90046.722441,584226.582883,0.11121305717153572,321268.880887,0.06115657086538191,0.0358069466606753,100000.0,0.3112657526115741,138808.045342,0.02642342463487178,1,0,8,0.0,0.27747636994053976,0,0,0,1,256,256,,11726217113693,0
lag,34,8968186,3493948,5DthmKBR83sUdudSfgFnsxBkTYtYTFLJUgovNfb1TSKVLiTH,5550193.677534,2894283.440829,2107851.805036,2110132.400587,188589.157914,359469.273754,0.06476697835056129,73897.141267,0.013314335599868667,0.6390793972533769,62423.398446,0.8447336037062738,134105.319411,0.024162277427151484,0,0,8,0.9532643313434901,0.8957226016278846,1,0,0,1,256,256,,7091950435318,0
lag,35,8968186,3037158,5EqZVDbW5sKXE5qB5zVaH6SQT2sud3LkmFBo2dn79NdY9RTr,5874060.697961,2924420.058317,2587156.091665,2589270.847435,95598.20398,266886.343999,0.045434726966916986,4281.553704,0.000728891634563129,0.0036163080007803085,0.0,0.0,91163.489536,0.015519671011795824,0,0,12,0.0,0.33800081873588517,1,1,1,1,256,256,,1019714562502,0
lag,36,8968186,8884359,5DCjvVt6LbtM5YhMd3McczwSQpu4w85Gq5ENqSsyXjwgJxpZ,95268.915527,95268.915527,0.0,,0.0,0.0,0.0,0.0,0.0,,0.0,,0.0,0.0,0,0,3,,0.38598090574020305,1,1,0,1,256,3,,1994240421,1
lag,37,8968186,3212175,5GRBbS3aDep7cvR1NRm9Awp5HAF1o4HC7t59Y8HoheLZ6ZaP,5931250.725268,2230444.27859,2434698.684487,2436785.508159,0.0,1266107.762191,0.2134638747940819,505343.286707,0.08520012221952496,0.008023049756675919,0.0,0.0,45507.151093,0.007672437602322722,0,0,13,0.0,0.2989038705844926,1,0,0,1,256,256,,19099853845,0
lag,38,8968186,7284230,5GeWgtBAu2ezYo83sPM7VyEigAfEc3vnqqxRzbMXYVYwEV62,2107796.697919,609852.391299,888500.078352,891586.618736,124147.166029,485297.062239,0.2302390276623302,236560.645179,0.11223124384451555,0.26677359161164843,32830.264559,0.13878159883453192,33197.963267,0.015750078411006986,0,0,11,0.8057583693632296,0.6785885347569722,0,0,0,1,256,256,,329229588765,0
lag,39,8968186,3280104,5DkwfxC9mZTTCsRUt6nrnwQEWVrhsmY13SBRparj6cpAVxVY,5948005.744678,2308437.030971,2097191.947825,2099091.406711,31813.655323,1510563.110559,0.2539612729713106,22703.453364,0.0038169857828422708,0.17349796322823846,0.0,0.0,503522.284258,0.08465396737520416,0,0,11,0.1601348461327596,0.36713911549007744,0,0,0,1,256,256,,339758305815,0
lag,40,8968186,8409860,5HeKCDfdTyk5gttniUXWVGvf6xSpbJJG86thJcZnqNZjThoU,817505.788276,388854.134319,278267.713635,278447.093078,128034.305601,22349.63472,0.02733880914482141,140451.079138,0.1718043849384159,0.512623017177774,22427.89838,0.1596847707950005,22427.89838,0.027434543830466982,1,0,7,0.6061959547307559,0.42667753880066384,0,1,0,1,256,256,,29747256689,0
lag,41,8968186,3394182,5FCSevLkofmKZRixMawp6jyyjBty1AeSCLa7N5Fv892DYkXX,5616351.480632,2527192.531515,1861395.276302,1863542.031933,217222.135917,1010541.536898,0.17992847142533358,398140.206925,0.07088947483035517,0.01768976513049782,253262.190086,0.6361130719298982,258549.369289,0.046035111972655,1,0,9,0.0,0.5932184678107064,1,0,0,1,256,256,,2759538982940,0
lag,42,8968186,3613591,5EC5HHfLqgmr8cdt2MAW5nJMG9n3jKF1QhZb1gYTgiJGNMo5,5563827.31263,2948503.057602,2127855.380705,2130027.638311,0.0,487468.874324,0.0876139475460005,222979.642274,0.04007666481093929,0.04150230096967567,0.0,0.0,5444.016612,0.0009784661360845261,0,0,13,0.0,0.175614538471306,0,0,0,1,256,256,,2291249751665,0
lag,43,8968186,3408582,5HjMs5JDrLH3Hknmfm1gDq7nFYAv6M7t9v3EWMctSRXJS9HC,5898157.287346,2853834.685249,2139883.71486,2141334.872417,418.387878,904020.49936,0.15327168390363402,169127.883923,0.028674698839635485,0.7815001705882818,0.0,0.0,3451.069242,0.0005851097340801976,0,0,10,0.9812735657587212,0.8832379845215681,1,0,0,1,256,256,,1043696806687,0
lag,44,8968186,3550319,5CaCekuxb9pKQyLoxh3jbkEXig8fxjkeS4AQ6UmZa12xfQ9H,5840463.597283,1750456.386979,3381420.371632,3384168.74555,202129.03049,506457.808183,0.08671534369612917,278784.980251,0.04773336493029306,0.07608583529766876,94163.0,0.3377620986437388,245862.449528,0.04209639276628907,1,0,9,0.0,0.20742811493196037,0,0,0,2,256,256,,3591291673901,0
lag,45,8968186,3633154,5FbcZiAHA75i2bPVrF7wa9mFaxV1eM27HR63kJtbpb8spvmf,5623751.697349,2488928.63394,2086458.879732,2088734.063734,0.0,1048364.183677,0.18641722467433397,129298.232865,0.022991454783846316,0.0005948947937706246,0.0,0.0,111019.200205,0.019741127663508655,0,0,11,0.0,0.40203182776952867,0,0,0,1,256,256,,2030540061414,0
lag,46,8968186,3919107,5Ft9E2ovN52AVMczVA3713uXmmBPczvUboB4YQpupu3aEYg7,5664029.555579,2336019.68117,2257334.01636,2259459.294228,93394.806384,977281.051664,0.17254165820899933,188128.501332,0.03321460445888054,0.13205910437359886,120000.376373,0.6378638830572934,170274.345647,0.030062404155221184,1,0,9,0.17522169624961165,0.41674892072425296,1,1,0,1,256,256,,203594847275,0
lag,47,8968186,7340355,5GBmFsPkMDGcEcKwL69rCcbSko2xX2WTUzs6riW7d8XVqTpv,1882137.729332,415910.289509,797823.854931,801604.662791,22924.082607,645479.502286,0.3429501955284539,372256.964783,0.19778412545592106,0.006962714085408506,95950.159822,0.25775249061656696,1082.010561,0.000574883837764775,0,0,14,0.0,0.1887383941983407,1,0,0,1,256,127,,320987571218,0
lag,48,8968186,3856677,5GNH5YMkcX8jEF1PukvxKafifcqz13jp18BT73jRL3AZc4Rc,5727456.727681,2519709.741601,2410589.665229,2412534.615807,101664.859194,695492.461657,0.121431290488078,754648.382342,0.1317597702126883,0.0021128140365006577,0.0,0.0,101862.559282,0.017784954845613245,0,0,21,0.0,0.278996568052682,1,0,0,1,256,256,,1723374200686,0
lag,49,8968186,6783158,5FL781vfkLNnYBUi58JnhZ3r2waHDMiehxRhzcMaMWvKDfXf,2715464.007868,501891.377898,1290450.9017,1295488.802441,176011.435885,747110.292385,0.2751317234255393,499997.474489,0.1841296636743667,0.604455412984633,431435.611524,0.8628755814524266,462097.602287,0.17017261173325468,1,0,11,0.7608804518208235,0.6030690104368914,1,0,0,1,256,256,,289149138144,0
lag,50,8968186,4763204,5DxyiWpGqN5xXiczXcEGph51BcgTqcYKD5GKZqoACuc2sJkD,5620219.979488,2099976.438387,3010192.219828,3012397.75435,42429.749148,467621.572125,0.08320342866151327,428732.48351,0.07628393284869328,0.03477207315848663,0.0,0.0,212500.005198,0.037809908860152314,0,0,10,0.0,0.43865799879181155,0,0,0,1,256,256,,1337139218102,0
lag,51,8968186,3966206,5FqACMtcegZxxopgu1g7TgyrnyD8skurr9QDPLPhxNQzsThe,5776074.721337,1825143.317764,2551248.323017,2553453.055292,228536.135135,1171146.945422,0.20275827476665217,439854.109354,0.07615104211326136,0.36984710135382104,428949.842962,0.9752093565571405,480562.437756,0.08319879172982313,1,1,12,0.0,0.4429607618520421,1,0,0,1,256,256,,335150907759,0
lag,52,8968186,3989825,5Fv1ZvNPsEvUN6jfia6Mv3ZoefZ6KdoowGMjkPMX61QwRLXx,5848241.257261,2817316.814618,1896845.668679,1898841.160794,90.395967,1133988.377997,0.19390246197334537,314007.720034,0.05369267549359375,0.004687804070311054,0.0,0.0,167638.354573,0.02866474675008172,0,0,14,0.0,0.503977721205137,0,0,0,1,256,256,,2784051465325,0
lag,53,8968186,4203869,5H8SFVCxk52ag1YSC5bQw7B84NRNhAtYWAP81jEPfuJ3VL8Q,5867803.598462,1149817.952923,4036350.127738,4038477.023551,157995.565218,523639.952583,0.08923951591021005,85681.332802,0.014601942850375737,0.027544752766669352,84211.673296,0.9828473780890832,98344.652597,0.01676004504019098,1,1,14,0.4376055974360991,0.23947992119265943,1,0,0,1,256,256,,166085892499,0
lag,54,8968186,4742549,5FUfruyVDoDsCty1Sh7tCmHVdpoC3XV1nUZYjhcpfe31Defk,5763004.36306,1971412.908784,3167066.451578,3169271.54876,43761.132345,580763.870353,0.10077449777337749,341.522034,5.926110979675269e-05,0.3353155109915045,0.0,0.0,644081.42566,0.11176139823669758,0,0,9,0.8125338151165881,0.6842841582657819,1,0,0,1,256,256,,550479227322,0
lag,55,8968186,4703386,5GeWUxaFP6duJyNg8EUv6Jfcv6ZNkoERywAcbSw4FAuEMpDq,5393446.171858,2255916.510968,2722853.191305,2725163.577252,94545.881063,320130.588523,0.059355480396374546,41474.518747,0.007689799327749633,0.06270950009409036,0.0,0.0,14841.866941,0.002751833701084157,0,0,8,0.3803987765294213,0.4676970253826332,0,0,0,1,256,256,,1501013851357,0
lag,56,8968186,4312927,5EJ1zbdwhumTRYFx3VCGnR6SW7CJWP28tEJCo2gw1dFbVL5g,5886701.60152,3184324.179181,1873924.814273,1876137.526565,13997.922202,814454.685863,0.13835501457269192,318505.685711,0.054105967530134774,0.009391523993711624,0.0,0.0,264724.185507,0.04496986656130682,0,0,12,0.002566310610762851,0.30669724603358006,0,0,0,1,256,256,,247119165089,0
lag,57,8968186,8057320,5HdpnCSYczg52ZaiBKmgwJPFnVpyyu27o1GHgLcj8217xxr7,1316552.460634,353836.724866,517677.417521,522437.426218,70615.680939,374422.637309,0.28439629145380724,415176.931888,0.31535160527392203,0.802240504661429,0.0,0.0,1254.306999,0.0009527208648089395,0,0,9,0.6439926808453454,0.3795007893698759,1,1,0,1,256,256,,2899240445,0
lag,58,8968186,8511017,5CLUzEqecEfGFxMwHSU5vbgzpFQCGZuC56DDX354JKe69gtJ,551830.190701,118443.411098,354454.905836,354594.809262,0.0,78931.873767,0.14303652662993596,133324.258574,0.24160377743071076,0.6377130501106472,32808.027618,0.2460769553038206,32808.027618,0.059453121940051236,1,0,6,0.5789128895224042,0.45937825393768683,1,1,0,1,256,256,,6107365662,0
lag,59,8968186,8938771,5GzrQ2febBKynmJ4BrNFiEgnsMvVpz5bZtGcucGCKgfaRXep,103551.223769,103551.223769,0.0,,0.0,0.0,0.0,0.0,0.0,,0.0,,0.0,0.0,0,0,4,,0.48852777889518906,1,1,0,1,256,36,,1194829050,1
lag,60,8968186,4796992,5CXLwkK1Scd1uiMUrXYjJUTTPxqqyH2FTJQNLp9uXQhA9rhR,5561160.376487,1480058.100605,3383177.657142,3385116.224056,40528.882879,657395.735861,0.1182119722064951,792993.405777,0.14259495358730018,0.034047641007374806,640432.695284,0.80761414990156,1064277.28439,0.19137683726769922,1,0,11,0.0,0.4285073683405746,1,0,0,1,256,256,,546152046210,0
lag,61,8968186,4457976,5ECEsYL82fbXx9KfTZy7G2KXSurnScciJyAVMHZjekc8jUbn,5961754.212711,1172834.193379,3870257.152406,3872413.851725,110292.721963,808370.144963,0.1355926655344059,85292.109024,0.01430654568795211,0.20011938437714996,0.0,0.0,1021287.884225,0.17130660671104855,0,0,12,0.0,0.23828904900687203,1,0,0,1,256,256,,180910661692,0
lag,62,8968186,4474225,5DhsVYewpCdQQUenHU52k5Cys1WsTWTt5V5m84D3n4L8FWDS,5376481.292709,2755881.54464,2342408.687037,2344593.131605,92348.362489,185842.698544,0.034565859793024935,15497.074681,0.002882382331053012,0.004112178607566349,3260.68776,0.21040666234837888,148568.220253,0.0276329837609931,0,0,15,0.0,0.36769177626945515,0,0,0,1,256,256,,1192491393272,0
lag,63,8968186,4885578,5CqTmNfgDchxULD1bfoz8jvj9rDYSoq76kiq98oBUUEDpWqX,5839856.058492,1871655.395564,3062856.8438,3065029.448561,179904.422949,725439.39618,0.12422213645575132,692621.413039,0.11860248028396639,0.09626837118646527,0.0,0.0,72397.992374,0.012397222063120121,0,0,11,0.0,0.32035248491743795,0,0,0,1,256,256,,668940232565,0
lag,64,8968186,4531295,5FRYKhbmfXPDoHdUUDMx27E3HuMvAzwjzFMMq3rNurUhAyS9,6080152.841936,2769353.765108,2793083.054256,2795235.109533,243559.753754,274156.268818,0.04509035807904561,596063.348291,0.09803427048416417,0.21412151039698568,585244.878483,0.981850134151503,749804.788152,0.12332005586770502,1,1,17,0.12601820852094392,0.2552422132102682,0,0,0,1,256,256,,8720668656,0
lag,65,8968186,4950813,5GxEEHxLWpvcAGghL8LG7xNjrxZk4SEPW1VT43hGPZ2TP9mZ,5786698.830064,2260826.550306,2532823.228759,2535066.961402,71.722625,992977.328375,0.17159651081471813,110855.134518,0.019156886814654557,0.3466147733486159,0.0,0.0,171794.150223,0.029687764175745514,0,0,17,0.35944135119749243,0.3281134200044326,1,0,0,1,256,256,,666260665980,0
lag,66,8968186,4958013,5CJCRGep3iyMUoaRb1FVNqXSuU8bcijfDBwVvZiQHSmGPTjT,5674004.403084,2367211.462361,2347140.300404,2348854.990479,83262.91345,876389.726869,0.15445700507262763,468873.864375,0.08263544246103079,0.28010501695791923,380885.7,0.8123415036322688,392806.591766,0.06922916583441721,1,0,8,0.12162190870642402,0.3986211726664799,0,0,0,1,256,256,,1414053883098,0
lag,67,8968186,7236936,5HEAv3TU1yNei4GwiTsxfmDCDW9pMCKLeDVky9iaVJfYiVeY,1500075.468842,580833.584299,509430.621289,514909.465027,132264.88634,277546.376915,0.1850216090323337,297069.531267,0.1980363904601361,0.6126391386413091,0.0,0.0,522.283347,0.00034817138075327324,0,0,9,0.6969839190547024,0.5047571165498752,1,0,0,1,256,256,,590294923530,0
lag,68,8968186,4972413,5EcdJLAeYoxM3Tsf5VZ3NQPenPku218gqnjSoo3iJNy4V12V,5668477.314762,2007185.167444,2738329.62581,2740705.766973,241756.01641,681206.505097,0.12017451376637053,457705.033163,0.08074567608676292,0.041025762505374784,161416.526682,0.35266495884196886,575342.052797,0.10149851906407528,0,0,6,0.0,0.7147629071402728,1,0,0,2,64,64,,2263467494504,0
lag,69,8968186,8138182,5HBPFVcJxuhT6PFg93s5B5qa9GZjMQWRBWWEssZMDAMmRAvc,1739513.843488,514939.035807,826465.488767,829742.633156,59604.102841,338505.216073,0.1945975982543716,1166.414642,0.0006705405916495362,0.4674009287100222,0.0,0.0,485.813351,0.000279281106260594,0,0,9,0.06612716628675025,0.33303765954122283,1,1,0,1,256,256,,2400711904,0
lag,70,8968186,8825571,5EP42hSodDgwNnXx1BrNwkJZ4ScMf22SJSqNqAq3SyjZib5E,244109.071009,68328.827203,119544.329993,119420.29329,0.0,56235.913813,0.23037207745240793,14442.687397,0.059164894354559294,0.32581765479532554,0.0,0.0,0.0,0.0,0,0,3,0.49735383703866926,0.49445209551423747,1,1,0,1,256,5,,1146373995,0
lag,71,8968186,5048438,5DwHzMhBXPGPSSxnPzp3J8Y12UyYmU17nppQ8oHum6yrRjSk,5613424.849607,1185102.521854,3409352.286493,3411507.229092,85705.376382,933264.664877,0.16625584021893472,40489.940882,0.007213054768947275,0.17055357201284235,0.0,0.0,63565.086414,0.011323761895262246,0,0,7,0.532042575720322,0.39249515119425654,1,1,0,1,256,256,,204008811703,0
lag,72,8968186,5064327,5FjP8fFbMb6pEHfRZyRegsmwRUMDuLFNcaBu1TerWMPEKgNh,5276456.162819,2703603.38397,2132752.736628,2134975.6497,0.0,440100.042221,0.08340826278868058,586688.806,0.11118993276861047,0.015374179133662359,407551.405233,0.6946636804120351,432179.383133,0.08190713042931365,0,0,11,0.0,0.2558572346125427,1,0,0,1,256,256,,2020653269909,0
lag,73,8968186,5160047,5Fvs6HPWUKNkqQka8yZi1anaTu339fKVws64BnJBRTQhKzak,5566624.909506,2149631.730307,1891212.793044,1893520.148722,0.0,1525780.386155,0.2740943409981817,149095.725969,0.02678386426110417,0.4218847396569154,128279.663357,0.8603845785901831,917920.603509,0.16489715373877695,1,1,14,0.48516038832223124,0.2952591421880707,1,0,0,1,256,256,,201620715632,0
lag,74,8968186,5086205,5D1VXeeSdrfyrBdMe4SNwKnRsmzrjXES9dhx6kQkCHhJUPvS,5136277.005157,1737520.662225,2772672.576726,2775189.055912,94292.343237,531791.422968,0.10353635959164613,238364.096823,0.046407952021123106,0.09908860017002455,0.0,0.0,378229.609193,0.07363886504050596,0,0,13,0.0,0.7096498307124395,1,0,1,1,256,256,,268910034092,0
lag,75,8968186,5102795,5DAQpczEK4vzBn1waHkC4BZGqGPZ1dwPxKVsj36JDofHAw3a,5452792.767969,1884999.695044,2698140.677401,2700531.836103,85047.51588,784604.879644,0.1438904636634445,313449.373533,0.057484189638498426,0.20173295435592206,100000.0,0.319030785969517,552609.76712,0.10134435520207186,1,0,12,0.39389418926583697,0.35080550081579737,0,0,0,1,256,256,,3146931149411,0
lag,76,8968186,7574784,5FFNhWd881QTWuuiDgkqW4vgiWFDW1QYqPwRB9MZUkH7cMUP,1620705.638875,408865.197603,731946.54662,736433.479668,4053.056546,475840.838107,0.29360102580800107,36074.012924,0.022258213989234776,0.3410733246707409,77.320512,0.002143385377519494,56651.14849,0.034954619229689655,1,0,22,0.5190025638917234,0.3146568715308413,1,0,1,1,256,256,,476909228117,0
lag,77,8968186,5128460,5GxxsUeYRyJSJKCuPeG1jZZiCummHJttmTNsfgDRSfxVnhGi,5417600.966813,2124350.137185,2582688.671678,2585054.832128,569675.261399,140886.896551,0.02600540302145025,2008945.113342,0.37081821375338253,0.8164360759057289,200000.0,0.09955473580224873,369577.913918,0.06821800206059755,1,0,15,0.7593708003770753,0.5926638668727724,0,0,0,1,256,256,,226987915499,0
lag,78,8968186,7966145,5GvYz1tBVJdVGtdeJFAcDbiRQcmKDcXicT98pxnKzU3cxVQ3,1242839.244789,317070.239817,765103.396867,770914.924108,93439.420139,67226.187966,0.05409081524241476,272.980552,0.00021964268760280966,0.08736827328456713,0.0,0.0,73058.990066,0.05878394198797056,0,0,8,0.7068250729659075,0.46292763149351457,1,0,0,1,256,256,,535253520270,0
lag,79,8968186,5173967,5Fxp7QBG81X7PLdMkAe1RLCvqqfQSw9rJC5ppEQs9FP8qez9,5034461.570276,1538249.554927,2881562.160821,2884138.800941,170419.914868,444229.93966,0.08823782512962344,1507094.775647,0.29935570161970904,0.5957080744573611,1269236.786272,0.842174498101172,1355085.827208,0.2691620162935016,1,0,1,1.0,1.0,1,0,0,1,256,256,,1226785139074,0
lag,80,8968186,7151800,5CG1eFiaZkWTCUEjD23i7Uiu6AjTkLkgkCu3EyXKFFAkkT2T,2145106.325177,201559.200386,1658462.698074,1663298.604119,42374.70227,242709.724447,0.11314577818278694,117227.41716,0.05464876765521616,0.07332799576976716,99379.411722,0.8477488810193828,374836.165414,0.17474013339803926,1,0,11,0.1257312266269464,0.28423184876581875,1,0,0,1,256,256,,219668469064,0
lag,81,8968186,5203057,5GnpQR4Nt3f5AQqBXuhf7GkkaEHhAVQrVk4EsK4daZDmkAQT,5317038.501322,2767101.757768,1566967.428869,1569343.534182,131017.321234,851951.993451,0.1602305481217709,22785.803874,0.004285431423616254,0.014582828782613277,0.0,0.0,519989.959311,0.09779691442550904,0,0,6,0.01020417573628205,0.6692254552300327,1,0,0,1,256,256,,3176337358470,0
lag,82,8968186,8026517,5H6h1PUDfTFdTV5kRCgywGR7xjLo63LHMiP6wJ4qBU8A9zPs,1181790.624021,478676.204647,447991.75928,453658.948548,203656.438411,51466.221683,0.04354935691401483,50848.592713,0.043026735598814446,0.4890657067288802,0.0,0.0,744.314272,0.0006298190700901069,0,0,8,0.25285070197162,0.29630991706147264,0,0,0,1,64,64,,871028684980,0
lag,83,8968186,5231190,5DqEjRLyNN8k3WbEXhA36tyGG4YpWyPEcVSTa47XxspNHhc3,3634361.802152,875045.246198,2205811.020036,2209701.733843,208332.711814,345172.824104,0.0949748106806142,586106.180062,0.16126797825008504,0.2693286251935012,0.0,0.0,8057.340854,0.0022169891970692454,0,0,29,0.30485199119979584,0.3169856085103338,0,0,0,1,256,256,,733979823757,0
lag,84,8968186,8085297,5G1hDNpPA8pRZUMJRBcELthCaHVPQcHZb1X3jbeyQ9zUtbbd,1289087.779366,556359.514081,664223.601416,659051.485815,25365.155475,43139.508393,0.033465144176738106,35789.601073,0.027763509705027795,0.07239174717046604,0.0,0.0,660.436412,0.0005123285029961307,0,0,40,0.0,0.13696421082891994,1,1,0,1,64,64,,9946361918,0
lag,85,8968186,5258781,5GTPBjA4uXhuQ51SJB7Jd55JwY6dKEnbnjCrsSSEXy3MN63z,5096979.332754,2529136.960103,2005668.558266,2008306.427477,65812.814414,496360.99997,0.09738336523765888,60875.151786,0.011943378187782634,0.03971847925759977,30000.0,0.49281191290115534,143874.406842,0.028227386742016327,1,0,11,0.9975813565473836,0.9783412431460445,1,0,0,1,256,256,,1600651909850,0
lag,86,8968186,8693284,5F4XAWGzcwpHjGdLUDfWiCvKnqeNPQHn3SwooBQcYcP7mWXJ,118398.857,118398.857,0.0,,0.0,0.0,0.0,0.0,0.0,,0.0,,0.0,0.0,0,0,5,,0.37621252324711246,1,1,0,1,256,140,,2080993178,1
lag,87,8968186,7208725,5HartH15eyQoKJk98jTMwhY9nW4JRfWEznqLRD1oQJuwdBHV,2081686.762495,424560.36861,901843.130526,905025.015949,51054.043827,704229.219532,0.338297400079396,116836.326692,0.056125796059544764,0.028183831740687827,111949.73348,0.9581757373746349,162870.328579,0.0782395946947876,0,1,12,0.0,0.2092072902851689,1,0,0,2,256,256,,216051676577,0
lag,88,8968186,5299805,5FhMsGJS7WYdwBzcgsTWxEtY7UCYLZdmBVLcNPmCxr3ppiKS,5133450.091204,1790051.606932,3072350.396633,3074904.170835,95778.774658,175269.312981,0.034142596083956034,884434.545307,0.17228852518161267,0.552437326194734,876004.390346,0.9904683110740568,1134359.680143,0.22097413240394304,1,0,12,0.6993480737782495,0.5913863116479326,1,0,0,1,256,256,,463608565925,0
lag,89,8968186,5313364,5Dc5NmEUptDeMLrxDSvg8kfCToxJkiF47apAYSVTycAVvDN4,4749715.840265,1896901.566754,2064027.590691,2066617.455016,187748.849811,601037.833009,0.12654185075953983,718130.080651,0.1511943250505992,0.34590733632634246,0.0,0.0,6094.632143,0.0012831572135304648,0,0,10,0.04314575935285652,0.6333511288937861,1,0,0,2,256,256,,19962454790,0
lag,90,8968186,8618670,5C9y6fnLPSzBeh1Np7f4DnGen42xV29nL9qZTDuwpVC4iTEE,303737.608566,67598.775078,236138.833488,236065.885193,0.0,0.0,0.0,51863.252335,0.17075018329152727,0.2995015658762927,48783.107265,0.9406102600353897,48783.107265,0.16060937430693392,1,1,6,0.5246276809346264,0.3599939782061122,1,1,0,1,256,97,,1562986302,0
lag,91,8968186,7633645,5HEe7NjS4exuP9SptWZdwWqWrMrGTTEHf5ieQH8yZXA3zXtW,1563340.944242,460552.206796,647894.081661,652724.838364,55517.880305,399376.77548,0.2554636446715606,245401.312637,0.15697235688803451,0.3891140841412233,57583.076323,0.2346486076385135,64329.24814,0.04114857247064317,0,0,8,0.2524271509286235,0.389450202657992,1,0,0,1,256,256,,666266209069,0
lag,92,8968186,8352006,5E9LPDS2E5RFzoqRsF2D7NgJTFH3N2DVqeAodTksPJP7CT4x,793173.126233,215677.677716,328101.288773,328902.74483,41186.988026,208207.171716,0.262499024273959,55375.79529,0.06981552130132185,0.3334794462221018,50000.0,0.902921569577837,50000.0,0.06303794007428444,1,0,8,0.5877796032236989,0.49230212155050274,1,1,0,1,256,256,,8771185070,0
lag,93,8968186,5370681,5EbY1SebUuz189w1G96JN4mmHnShAECA6JefCRYhSLqyYg2c,4965741.073018,1300889.069943,2511585.372231,2514345.051471,67431.471537,1085835.159307,0.21866527942961586,706269.876967,0.1422284945150853,0.3528188466266456,270000.0,0.38229012563789233,427930.957621,0.08617665547367684,1,0,14,0.7028517765662957,0.5159949836858425,1,0,0,2,256,256,,7173783074,0
lag,94,8968186,6962737,5CnwnkkCxrrNDuhy8Vvptd6j6ebrv9Z6mrTzD479f7uAiYat,2311901.150366,511811.447781,1056089.505223,1061742.491275,6977.12015,737023.077212,0.31879523789134995,78395.89002,0.033909706739655654,0.284041447531767,0.0,0.0,273.723033,0.00011839737720304581,0,0,13,0.36481250994016823,0.24002931807768974,1,0,0,1,256,256,,241911315094,0
lag,95,8968186,5403674,5D5UhUuc6cC47CXUBHyBkpDBrdeyeL6bpWGAreZgNm5WTyrg,3509365.606356,621079.384583,1763057.057711,1767229.411985,92584.118278,1032645.045784,0.2942540509070827,450540.060973,0.12838219539081056,0.25554479873613023,0.0,0.0,9024.9977,0.002571689220332846,0,0,12,0.0,0.34225652368556775,1,0,0,1,256,256,,11904014976,0
lag,96,8968186,7692872,5CGq1JQhmZmR8w3pXFqycUgX9mcLt8bPwMZ8YDJbEmELpw7X,1219774.307912,441769.937077,463251.429653,469284.798453,67499.464577,247253.476606,0.20270428308092558,42446.600507,0.0347987330371904,0.2727901283112099,42414.947749,0.9992542922853267,173096.109133,0.1419083087834353,1,1,8,0.6990181620009717,0.2702500953679551,1,1,1,1,256,256,,514375044575,0
lag,97,8968186,7735450,5GnW8owmMGn83WqL9JNYytmw458UYrTT6Ra5fH8TTUkzEbTb,1579923.242358,519794.814869,699965.441769,705202.055686,289290.209282,70872.776438,0.04485836687343691,282313.860311,0.17868833924483032,0.4083767103674775,0.0,0.0,7940.331821,0.005025770625120663,0,0,4,0.9498814864548683,0.6576739546494726,0,0,0,1,256,256,,3391177010942,0
lag,98,8968186,5445992,5EWzZCNsJe72k44Jd9oPUXRRkxVgFAtjyohgSwmTu6F8MBHM,4729839.51615,1832080.262259,1642268.859965,1645046.333904,0.0,1255490.393926,0.26544037903177237,752038.686376,0.15899877444205893,0.4910940502956368,499516.321213,0.6642162567726217,508605.242007,0.1075311837263401,0,0,11,0.5556142646356463,0.45501429480998346,1,0,0,1,256,256,,35185271445,0
lag,99,8968186,8572056,5DebFXsw76JvoG5j6qQRoyNK79qBEvd6A2trULrA6DGgQLYX,545870.686498,207387.323319,266627.592202,266495.769971,0.0,71855.770977,0.13163515234320058,83506.004838,0.15297763170556292,0.31319443487091886,0.0,0.0,0.0,0.0,0,0,7,0.9878769530044011,0.7410479891711563,1,1,0,1,256,256,,2530639224,0
lag,100,8968186,6693448,5FX6kmhYwTYRFaZjxEo7k9DaG8qRmqrJtLTMGRgnfjRcXiWU,2439745.051128,523017.747903,1218848.080848,1224134.759243,8577.774655,689301.447723,0.2825301141216385,57056.324551,0.023386183128041978,0.4716256527040159,0.0,0.0,284664.830735,0.11667810560899189,0,0,5,0.0718313173309851,0.4391802851870832,1,0,0,1,256,256,,675311168955,0
lag,101,8968186,5481350,5H8dNvi1jZRe1dcYN2FdknWKxfGx6u1o9pYm5zRMCZyy2Ex3,3304620.8358,884436.048436,1415286.99022,1419941.375281,147162.212142,857735.585001,0.25955642950279406,750481.779913,0.22710072265552073,0.5302924468943258,0.0,0.0,13574.613355,0.004107767283829874,0,0,9,0.6053451454624573,0.36708657429872127,1,0,0,1,256,256,,205985404481,0
lag,102,8968186,7840965,5HBc11rCaAj2UtUTeC3oK8zHbU7jQCQZWpRQvsawqxH8qkTm,1406924.882705,469936.70543,644992.38922,650103.408271,158995.005399,133000.782656,0.09453296639399102,69244.667246,0.04921703219359473,0.10741982141349983,0.0,0.0,2002.340459,0.0014232035297561591,0,0,4,0.6055028062725533,0.4865408777908733,0,0,0,1,256,256,,804480758406,0
lag,103,8968186,8762380,5H3SQ4du9ThumJcUQb1VL2dixRBDKtt8hDRWLyPuANhHon7Y,321029.237467,65637.020809,196935.583673,196585.82993,0.0,58456.632986,0.18209130559830916,39755.561444,0.12383782162030263,0.3108525322057718,0.0,0.0,0.0,0.0,0,0,7,0.726962997885804,0.7803981139319933,1,1,0,1,256,92,,23373555840,0
lag,104,8968186,5528520,5HBb3F1bmDzdwQ5WTweXUvnKETTzu6aWNAH811vrLkvSdQAn,4536554.862508,1399921.575457,2787618.890303,2798843.004786,8693.224149,340321.172598,0.07501753707663136,63427.96746,0.01398152769730248,0.6704710498639354,0.0,0.0,1508.960534,0.00033262256927956243,0,0,15,0.10426750490839361,0.5728171364500592,1,0,0,1,64,64,,45970565001,0
lag,105,8968186,6841399,5G3ic2pAzVu1gZmeUQfKGox3P8TetJw87asvyAdkb2o8aCCX,2759142.396177,735003.498762,1370521.334427,1374990.780954,201967.15314,451650.409847,0.16369231630564166,43902.944431,0.015911808137250735,0.16099414802698694,0.0,0.0,189591.388964,0.0687138834252285,0,0,6,0.8901241671872798,0.7941309461880988,1,0,0,1,256,256,,516978053256,0
lag,106,8968186,5558480,5CTdHCps1vJ9LrZ3SPM8ZweXWtgg6vgEqEb5W8xzuZHQHXpA,4735861.556648,2265457.225965,1578492.949494,1581314.68911,53273.846845,838637.534344,0.17708235857667798,48882.182224,0.010321708445161419,0.14984766046405062,48862.328786,0.999593851236218,299887.176458,0.0633226231110773,1,1,16,0.4764781560966732,0.30463990977112193,1,1,1,1,256,256,,43342755990,0
lag,107,8968186,7457580,5DA2vLrSXZxnT9G4Yrywx1Fpi4RXwMH1Ah7r8DTTWS7UZZBM,1919799.72043,365871.322626,857381.797602,862382.902626,306830.816694,389715.783508,0.2029981457758524,282031.395232,0.14690667585320794,0.38854151325519815,40000.0,0.1418281818131025,41164.694002,0.021442181475644338,1,0,7,0.7780395165206042,0.650622207439956,1,0,0,1,100,100,,1246246080768,0
lag,108,8968186,7105263,5GpmtjiGfHojYdyM4bc85XCAGZo15xS7Y5gbNS17Wgjwv23e,2301434.630695,655339.604965,1127948.697269,1133651.242826,38862.313668,479284.014793,0.20825445502571643,252524.16934,0.10972467606593124,0.4673221851094229,229403.362876,0.9084412136695809,400840.799109,0.17416996935853604,1,0,16,0.7155793178186935,0.5837435452528578,0,0,1,1,256,176,,181193291751,0
lag,109,8968186,7257480,5FqZqKFxfm3VWmc47UdEjaFyVrSfkGd4HcXwFoxH8vBGXKmv,2016405.937204,487551.434721,775081.530957,778319.815698,70026.821602,683746.149924,0.3390915178875373,215566.592475,0.10690634683092401,0.5562151240598626,176113.253287,0.8169784161146014,184407.579143,0.09145359857385292,1,1,14,0.3025490432588038,0.2477429709461074,1,0,0,1,256,256,,282403378229,0
lag,110,8968186,5606062,5D53sX6AwAzXUB24G85Ch35hYr5rCpXjYFWpFTe4uzBb75sL,3408446.045101,535152.649402,2068510.207162,2072980.847775,151180.985632,653602.202904,0.19175958611499766,1335.300485,0.00039176224805084325,0.0005952288625281029,0.0,0.0,9205.921865,0.002700914652386259,0,0,15,0.0,0.3292339168751265,0,0,0,1,256,256,,3316926880,0
lag,111,8968186,5615562,5CGTryXjAmwmb3mAFD6B5ba2iBXZBcS5dN9pHLBxRoeonigv,4675331.070413,1019782.14736,2583340.38953,2586577.684381,337717.260844,734491.272679,0.15709930732545857,17466.605671,0.0037359077695019336,0.33364570120380055,0.0,0.0,1221.604957,0.0002612873695252492,0,0,5,0.1572953076810838,0.5181921654815815,1,0,1,1,256,256,,277911075182,0
lag,112,8968186,5633022,5GyUNPbbBYanVFpaaysgvwni5tFMpjFBDu6K1kRpnX4Mepeh,3439884.186675,1284459.842693,1097439.74833,1101613.741998,85660.902763,972323.69289,0.2826617525836135,322059.458887,0.09362508776727434,0.3177008343198434,100000.0,0.3105016705476639,109192.016768,0.03174293401825398,1,0,13,0.07626166024109393,0.38758337953226757,1,0,0,1,256,256,,9615134550,0
lag,113,8968186,7119664,5GndoVhMAr8mF5zv1gPVLQYbXzmXe3Xh3kF37nt8qy5CaXTP,2262444.298916,696841.695982,801858.626999,805409.484342,24443.416712,739300.559224,0.3267707229645143,42187.404657,0.01864682577049827,0.13151738805832472,0.0,0.0,70250.850506,0.031050864120448985,0,0,14,0.2545086956452954,0.24288808662503691,1,0,0,2,256,157,,248645503528,0
lag,114,8968186,7312241,5FHrQMjzzAhmL5zS9ys87ZrGCwG3vsVT9hXAUWZQ8SNdRqig,2033657.741109,471045.600219,956836.604512,961483.259259,231964.088905,373811.447473,0.18381236916965085,372234.472126,0.18303693124025977,0.5101812605068887,100000.0,0.2686478751658026,146039.760277,0.07181137579104384,1,0,11,0.5158694152166524,0.3647814121866873,0,0,0,1,256,256,,582668569169,0
lag,115,8968186,5683635,5EkNnrTjnMYaj4x1gNxAnJne9UvKgfU6NZNjhm6XFWMstbdG,2969735.853454,1357730.309778,697684.653628,702466.61642,0.0,914320.890048,0.30787953379220995,90048.24321,0.03032197059043928,0.13062805372540118,0.0,0.0,2942.008322,0.0009906633006008998,0,0,19,0.05657270238559241,0.35858455614865353,1,1,0,1,256,256,,6092995872,0
lag,116,8968186,8294730,5F48aA3Pw1vFRfnhhfu7EJKqzrj8y9VBWtS4PE9xJ1chHXqB,870884.012426,223576.078125,414245.991109,414659.12921,46438.331748,186623.611444,0.21429215461712803,37797.919878,0.04340178409416067,0.09124510723007646,0.0,0.0,30.450527,3.496507807642554e-05,0,0,10,0.0,0.41922598156580454,1,1,0,1,256,256,,1691411961,0
lag,117,8968186,5710859,5HdThE9WvusfeFpk7R3Lnc9wfP4zsDje3GeRew6mrQHNNFiY,2826292.397282,1071465.241513,1355359.949264,1360328.040648,110042.604483,289424.602022,0.10240433802967584,115005.330126,0.040691235711048435,0.45111970509412525,46822.865176,0.4071364790226948,154144.143623,0.05453934765254338,1,0,8,0.8332686918054983,0.7286708672816887,1,1,1,1,256,127,,68842001872,0
lag,118,8968186,5724794,5HGXqHbQjEmwnQsnnMa8pm13VUv9PP2jB4Vuv9nw7NwUYiAN,2894375.60256,703902.775314,1741644.833816,1746674.663517,127900.166504,320927.826926,0.11087981347074374,41345.383884,0.014284733414631687,0.08511854365414546,0.0,0.0,87990.281492,0.030400436423643835,0,0,12,0.06771107799249503,0.514392167413663,1,0,0,1,256,256,,7452630901,0
lag,119,8968186,5740660,5GbLENPLG8Takn1puaz5HorPmrFtDT7i2PojiJsqutbaGwWu,2793077.367086,1246129.204248,713583.95999,716843.514116,0.0,833364.202848,0.2983677475848611,87001.523223,0.031148984359696902,0.12677595874574493,0.0,0.0,20722.542632,0.007419251208867985,0,0,11,0.05639523083414845,0.3975211319113268,1,1,0,1,256,256,,4657173217,0
lag,120,8968186,5749344,5EfNFhH2s9hJoVuK8qkQRx8bkpNncRifhbCHBFKs6qKqknak,4117368.631303,1517352.332216,2187510.831741,2190835.247975,231950.058192,180555.409155,0.043852135993381565,329760.94166,0.08009021566672893,0.2096491610381437,52957.346429,0.1605931441189568,62286.293602,0.01512769420946824,0,0,4,0.8114608256682228,0.9687891825307382,1,0,0,1,256,256,,3111424104261,0
lag,121,8968186,5766528,5CXGaDJsffVeBK4CDhBNMVK6MH7fHbL7AbnjzZ8XP6QzFLWm,4253077.807803,1373642.887303,1600752.450235,1603801.469021,0.0,1278682.470265,0.3006487367617744,238041.683749,0.055969275547179675,0.4531970744601654,120999.818157,0.5083135703461404,202885.709557,0.04770326778041494,1,0,11,0.7103646535790624,0.5621200988290996,0,0,0,1,256,256,,6586857027,0
lag,122,8968186,8238082,5F3uH1G4QNyT8UR6D2Zf2zmXa6WAxYC3MfaiSGgg5pScWfY9,944005.350819,308924.492137,290787.584214,295865.56604,41001.922984,303291.351485,0.3212813902183461,45453.99509,0.048150145600648106,0.16270941803298622,41590.87043,0.9150102284282858,113938.695664,0.12069708669044614,1,1,5,0.321284654976342,0.32517353806444016,1,1,0,1,256,7,,5996156581,0
lag,123,8968186,5794330,5HVuEdEGMYisecwjkWC7dKDPEzgs9cECdsdCQagfPRVf6FxZ,4254720.047652,2294706.22958,1631562.38559,1634483.997363,40622.00382,287829.428662,0.06764944001914722,677783.747209,0.1593016084766649,0.41735141361510714,290000.0,0.42786508409831553,350656.879908,0.08241597002394935,1,0,12,0.659772133360747,0.5340185635868298,1,0,0,1,256,256,,516647790788,0
lag,124,8968186,5813454,5HKYqfJrUFKYPMRFZZ7kfhUNEyHUbY2ZyEjQqKJf2RKVpeXM,4628818.493221,1107729.537443,2378281.450845,2381210.197737,245802.872268,897004.632666,0.19378695318896125,191916.714477,0.041461274568897526,0.32454574453486545,0.0,0.0,1000000.110796,0.2160378749480662,0,0,12,0.6663369805247397,0.491623257569916,1,0,0,1,256,256,,446762169450,0
lag,125,8968186,5834408,5DTzv2rL6YGQjCDNiWQJz2nE23fK1mDccH9eQimgiieyL3C4,4279364.35449,1864525.307222,1138887.180891,1141977.898975,7964.547109,1267987.319268,0.2963027249450932,337347.988192,0.07883133106870892,0.05452077607205241,39000.0,0.11560762584941287,45923.662898,0.010731421560160537,1,0,15,0.0,0.17436078533820806,1,0,0,1,256,256,,3924901179,0
lag,126,8968186,7525773,5DqrUa2z6E9taJdY8FGiPCrtCswsEjHjPbVo5xcTw2GqvKZm,1777212.983545,560397.18222,608190.486056,612263.716743,215477.375954,393147.939315,0.2212159954689658,357009.058395,0.2008814147211107,0.3097709918663875,170342.540824,0.47713786756483373,1096.5537,0.000617007477263906,1,0,11,0.0,0.3275014517932327,1,0,0,1,256,256,,508933700739,0
lag,127,8968186,5848837,5FU4uxAdrZsaWaezWwXEK93MwPX5gw2566BQK2WwrGUudfSH,4086552.339993,1164945.342781,1713913.606904,1717027.159624,45.025795,1207648.364512,0.29551765499089017,5590.380443,0.001367994333199885,0.0032619152606551426,0.0,0.0,5535.674552,0.001354607525294247,0,0,12,0.5018578953025735,0.40576454242996607,0,0,0,1,256,256,,3908795700,0
lag,128,8968186,5856038,5GgMeLFN4YssT6f9i9pZpRmczt8GYDsCZ1nYPiGRcTPWn3AA,4223057.15082,1407563.002922,2594763.513233,2598072.484956,34715.840161,186014.794503,0.04404742532719145,707503.779016,0.16753355537198691,0.2726665568222055,0.0,0.0,3774.573942,0.0008938012929775723,0,0,31,0.24051626833859183,0.3650117864679742,0,0,0,1,256,256,,5312547317,0
