netuid,catalog_name,catalog_category
1,Apex,Scientific & Technical Problem Solving
2,DSperse,AI Inference & Model Serving
3,Teutonic,AI Training & Model Improvement
4,Targon,AI Inference & Model Serving
5,Hone,AI Training & Model Improvement
6,Numinous,Forecasting & Prediction
7,Allways,DeFi & Crypto Infrastructure
8,Vanta,Financial Markets & Investing
9,iota,AI Training & Model Improvement
10,Pareton,AI Optimization & Compression
11,TrajectoryRL,AI Agents & Automation
12,Compute Horde,"Compute, Storage & Network Infrastructure"
13,Data Universe,Data & Database Construction
14,Cacheon,AI Optimization & Compression
15,ORO,"Marketing, Sales & Commerce"
16,trav,"Marketing, Sales & Commerce"
17,404-GEN,Media & Voice AI
18,Zeus,Forecasting & Prediction
19,blockmachine,DeFi & Crypto Infrastructure
20,ChronoSeek,Search & Knowledge Retrieval
21,AdTAO,"Marketing, Sales & Commerce"
22,Desearch,Search & Knowledge Retrieval
23,Trishool,"Cybersecurity, Authenticity & Verification"
24,Quasar,AI Training & Model Improvement
25,UR,"Compute, Storage & Network Infrastructure"
26,Perturb,"Cybersecurity, Authenticity & Verification"
27,Orion,Data & Database Construction
28,gm,AI Inference & Model Serving
29,hotfloat,AI Optimization & Compression
30,Endure Network,DeFi & Crypto Infrastructure
31,rec4ll,Search & Knowledge Retrieval
32,ItsAI,"Cybersecurity, Authenticity & Verification"
33,ReadyAI,Data & Database Construction
34,BitMind,"Cybersecurity, Authenticity & Verification"
35,OxMarkets,DeFi & Crypto Infrastructure
36,Leoma,AI Agents & Automation
37,Aurelius,Data & Database Construction
38,ChronoLLM,AI Training & Model Improvement
39,Cathedral,"Compute, Storage & Network Infrastructure"
40,Ralph,AI Optimization & Compression
41,Almanac,Forecasting & Prediction
42,Gopher,Search & Knowledge Retrieval
43,Graphite,Scientific & Technical Problem Solving
44,Score,Data & Database Construction
45,AlphaRidge,Financial Markets & Investing
46,Instant,Forecasting & Prediction
47,wait,AI Training & Model Improvement
48,Quantum Compute,"Compute, Storage & Network Infrastructure"
49,Nepher Robotics,Robotics & Physical AI
50,Synth,Financial Markets & Investing
51,lium.io,"Compute, Storage & Network Infrastructure"
52,Dojo,AI Training & Model Improvement
53,engy,AI Inference & Model Serving
54,Yanez,"Cybersecurity, Authenticity & Verification"
55,NIOME,Data & Database Construction
56,Gradients,AI Training & Model Improvement
57,Hah,Forecasting & Prediction
58,greevils,Financial Markets & Investing
59,Babelbit,Media & Voice AI
60,Bitsec,"Cybersecurity, Authenticity & Verification"
61,RedTeam,"Cybersecurity, Authenticity & Verification"
62,Ridges,AI Agents & Automation
63,Enigma,Scientific & Technical Problem Solving
64,Chutes,"Compute, Storage & Network Infrastructure"
65,True Performance Network,AI Optimization & Compression
66,conjectures,Scientific & Technical Problem Solving
67,Harnyx,AI Agents & Automation
68,NOVA,Scientific & Technical Problem Solving
69,Herald,"Marketing, Sales & Commerce"
70,Nexisgen,Data & Database Construction
71,Leadpoet,"Marketing, Sales & Commerce"
72,StreetVision,Data & Database Construction
73,Parked,Financial Markets & Investing
74,Gittensor,Scientific & Technical Problem Solving
75,Hippius,"Compute, Storage & Network Infrastructure"
76,Phylax,"Cybersecurity, Authenticity & Verification"
77,Liquidity,DeFi & Crypto Infrastructure
78,Vocence,Media & Voice AI
79,MVTRX,Financial Markets & Investing
80,OpenRoboto,Robotics & Physical AI
81,Reliquary,AI Training & Model Improvement
82,Compelle,AI Training & Model Improvement
83,CliqueAI,Scientific & Technical Problem Solving
84,ChipForge,Scientific & Technical Problem Solving
85,Vidaio,Media & Voice AI
86,Vacant,Miscellaneous
87,Provenonce,"Cybersecurity, Authenticity & Verification"
88,Investing,Financial Markets & Investing
89,InfiniteQuant,Financial Markets & Investing
90,KubeTEE,"Compute, Storage & Network Infrastructure"
91,cascade,Data & Database Construction
92,MicroTensor,AI Optimization & Compression
93,Bitcast,"Marketing, Sales & Commerce"
94,BitSota,Scientific & Technical Problem Solving
95,Actual,AI Inference & Model Serving
96,Verathos,AI Inference & Model Serving
97,Albedo,AI Optimization & Compression
98,NeverPlayAlone,AI Agents & Automation
99,Thirty Spokes,Media & Voice AI
100,BASE,AI Agents & Automation
101,Tag101,Data & Database Construction
102,ConnitoAI,AI Training & Model Improvement
103,Capcomp,Forecasting & Prediction
104,Masx,Forecasting & Prediction
105,Beam,"Compute, Storage & Network Infrastructure"
106,Nodexo,"Compute, Storage & Network Infrastructure"
107,Minos,Scientific & Technical Problem Solving
108,Prometheon,Media & Voice AI
109,Finsight,Financial Markets & Investing
110,Green Compute,"Compute, Storage & Network Infrastructure"
111,Claims,Data & Database Construction
112,Minotaur,DeFi & Crypto Infrastructure
113,TensorUSD,DeFi & Crypto Infrastructure
114,SOMA,AI Optimization & Compression
115,HashiChain,DeFi & Crypto Infrastructure
116,Memo,DeFi & Crypto Infrastructure
117,Glyph,AI Optimization & Compression
118,Ditto,AI Agents & Automation
119,Satori,Miscellaneous
120,Affine,AI Training & Model Improvement
121,sundae_bar,AI Agents & Automation
122,CookingTAO,Miscellaneous
123,MANTIS,Financial Markets & Investing
124,Swarm,Robotics & Physical AI
125,8 Ball,DeFi & Crypto Infrastructure
126,Poker44,"Cybersecurity, Authenticity & Verification"
127,Astrid,Financial Markets & Investing
128,ByteLeap,"Compute, Storage & Network Infrastructure"
