netuid,item,value,reason
3,product_live,1,"Model weights are linked for download; a released artifact that anyone can download counts as software to download"
52,product_live,1,"The site announces the released model DOJO-INTERFACE-CODER-7B with links to it; released artifact"
74,product_live,1,"The site lists open-source projects built by the subnet that anyone can use; released artifact"
81,product_live,1,"A released model (Reliquary-4B) is published; released artifact"
108,product_live,1,"An open-sourced chip design is published; released artifact"
30,product_live,0,"Forge is described as a product but no way to use it today is shown"
41,product_live,0,"The trading terminal is the miners' track according to the README; the Alma agent is early access only"
54,product_live,0,"Sign up leads to a request-access form, which the protocol treats like a waitlist"
93,product_live,0,"The saved page is a statistics dashboard; no way for an outsider to order or sign up is shown"
126,product_live,0,"Sign-in needs an invited account (private beta)"
18,whitepaper_available,1,"The project itself offers the PDF as its whitepaper"
99,whitepaper_available,0,"A white paper is cited in the docs but none is linked or offered"
99,api_public,0,"The docs state that the user-facing gateway is not built"
105,api_public,0,"The documented routes serve orchestrators and workers, the subnet's own participants"
73,category,Miscellaneous,"The identity on chain is a placeholder (Parked); the catalog entry describes an earlier project"
