username,source,note
TaoOutsider,seed,named by Philipp Koellinger in the project brief
TAOTemplar,seed,named by Philipp Koellinger in the project brief (listed twice there)
tylerdurdeth,seed,named by Philipp Koellinger in the project brief
VenturaLabs,seed,named by Philipp Koellinger in the project brief; account of the Ventura Labs podcast
gordonfrayne,seed,named by Philipp Koellinger in the project brief
KeithSingery,seed,named by Philipp Koellinger in the project brief; host of Bittensor Guru
ShizzyUnchained,seed,named by Philipp Koellinger in the project brief
JesusMartinez,seed,named by Philipp Koellinger in the project brief
bittensorguru,seed,the brief names "Bittensor Guru" without a handle; this is the handle tried for it
markjeffrey,podcast_host,host of Hash Rate
SiamKidd,podcast_host,host of Revenue Search
MarkCreaser,podcast_host,host of Revenue Search; handle not verified before the lookup
jaltucher,podcast_host,host of The TAO Pod
JosephJacks_,podcast_host,host of The TAO Pod
opentensor,podcast_host,account of the Opentensor Foundation channel that runs Novelty Search
