post_id,username,created,netuid,strength,rules,label_a,label_b,current_a,current_b,counts,polarity
2073446311450325320,gordonfrayne,2026-07-04T16:38:18Z,51,strong,handle,neutral,neutral,,,1,neutral
2073446311450325320,gordonfrayne,2026-07-04T16:38:18Z,64,strong,handle,neutral,neutral,,,1,neutral
2073446311450325320,gordonfrayne,2026-07-04T16:38:18Z,96,strong,handle,neutral,neutral,,,1,neutral
2073446311450325320,gordonfrayne,2026-07-04T16:38:18Z,106,strong,handle|id|name,neutral,neutral,,,1,neutral
2073832781998694843,gordonfrayne,2026-07-05T18:13:59Z,32,strong,handle|id,positive,positive,,,1,positive
2073893360796901390,gordonfrayne,2026-07-05T22:14:42Z,38,strong,id,neutral,neutral,yes,yes,1,neutral
2074146681952866459,gordonfrayne,2026-07-06T15:01:19Z,38,strong,id|name,neutral,neutral,,,1,neutral
2075256694003622311,gordonfrayne,2026-07-09T16:32:06Z,38,strong,handle|id,neutral,neutral,,,1,neutral
2075256694003622311,gordonfrayne,2026-07-09T16:32:06Z,53,strong,id,neutral,neutral,no,no,0,
2075256694003622311,gordonfrayne,2026-07-09T16:32:06Z,69,strong,id|name,neutral,neutral,,,1,neutral
2075256694003622311,gordonfrayne,2026-07-09T16:32:06Z,91,strong,id,neutral,neutral,yes,yes,1,neutral
2075256694003622311,gordonfrayne,2026-07-09T16:32:06Z,118,strong,handle|id,positive,positive,,,1,positive
2076880937359442074,gordonfrayne,2026-07-14T04:06:16Z,9,strong,id|name,neutral,neutral,,,1,neutral
2077046507786907734,gordonfrayne,2026-07-14T15:04:11Z,9,strong,name,neutral,neutral,,,1,neutral
2077813217150062975,gordonfrayne,2026-07-16T17:50:49Z,1,strong,id|name,neutral,neutral,,,1,neutral
2077813217150062975,gordonfrayne,2026-07-16T17:50:49Z,9,strong,id|name,neutral,neutral,,,1,neutral
2077813217150062975,gordonfrayne,2026-07-16T17:50:49Z,13,strong,id|name,neutral,neutral,,,1,neutral
2077813217150062975,gordonfrayne,2026-07-16T17:50:49Z,27,weak,name,not_about,not_about,,,0,
2078278674856525994,gordonfrayne,2026-07-18T00:40:23Z,71,strong,handle,positive,positive,,,1,positive
2079227178621768012,gordonfrayne,2026-07-20T15:29:24Z,107,strong,handle|name,positive,positive,,,1,positive
2079265451368911003,gordonfrayne,2026-07-20T18:01:29Z,93,strong,handle,positive,positive,,,1,positive
2081885141945725123,gordonfrayne,2026-07-27T23:31:12Z,107,strong,handle,positive,positive,,,1,positive
2082484436713480203,gordonfrayne,2026-07-29T15:12:35Z,53,strong,handle|id,neutral,neutral,,,1,neutral
2082484436713480203,gordonfrayne,2026-07-29T15:12:35Z,91,strong,id,neutral,neutral,yes,yes,1,neutral
2082484436713480203,gordonfrayne,2026-07-29T15:12:35Z,99,strong,id|name,neutral,neutral,,,1,neutral
2082484436713480203,gordonfrayne,2026-07-29T15:12:35Z,114,strong,handle|id,neutral,neutral,,,1,neutral
2082484436713480203,gordonfrayne,2026-07-29T15:12:35Z,118,strong,handle|id,positive,positive,,,1,positive
2082500846252687685,gordonfrayne,2026-07-29T16:17:47Z,93,strong,handle|id,positive,positive,,,1,positive
2083623293324579240,gordonfrayne,2026-08-01T18:37:59Z,24,strong,handle|id,neutral,neutral,,,1,neutral
2084628670552084835,gordonfrayne,2026-08-04T13:13:00Z,77,weak,name,not_about,not_about,,,0,
2085018164287660529,gordonfrayne,2026-08-05T15:00:42Z,110,strong,id|name,neutral,neutral,,,1,neutral
2085048515089059997,gordonfrayne,2026-08-05T17:01:18Z,63,weak,name,positive,positive,,,1,positive
2085417871023514068,gordonfrayne,2026-08-06T17:29:00Z,110,strong,id|name,neutral,neutral,,,1,neutral
2085715582490685736,gordonfrayne,2026-08-07T13:12:00Z,93,strong,handle|name,positive,positive,,,1,positive
2087293226579304673,gordonfrayne,2026-08-11T21:40:59Z,121,strong,handle,neutral,neutral,,,1,neutral
2087300627927793729,gordonfrayne,2026-08-11T22:10:24Z,44,strong,handle,neutral,neutral,,,1,neutral
2087523495643132063,gordonfrayne,2026-08-12T12:56:00Z,63,strong,id|name,positive,positive,,,1,positive
2087556197717262336,gordonfrayne,2026-08-12T15:05:57Z,121,strong,id|name,neutral,neutral,,,1,neutral
2087645977976975475,gordonfrayne,2026-08-12T21:02:42Z,93,strong,handle,positive,positive,,,1,positive
2087882611524006185,gordonfrayne,2026-08-13T12:43:00Z,96,strong,handle,neutral,neutral,,,1,neutral
2087911278807577058,gordonfrayne,2026-08-13T14:36:55Z,93,strong,id|name,neutral,neutral,,,1,neutral
2089767202488467793,gordonfrayne,2026-08-18T17:31:41Z,93,strong,handle,positive,positive,,,1,positive
2090092167968780784,gordonfrayne,2026-08-19T15:02:59Z,114,strong,id|name,neutral,neutral,,,1,neutral
2090856506430247088,gordonfrayne,2026-08-21T17:40:12Z,107,strong,handle|id|name,positive,positive,,,1,positive
2091138314472697962,gordonfrayne,2026-08-22T12:20:00Z,106,strong,handle|id,positive,positive,,,1,positive
2093188570789839022,gordonfrayne,2026-08-28T04:06:59Z,110,strong,id|name,positive,positive,,,1,positive
2093383400300196182,gordonfrayne,2026-08-28T17:01:10Z,121,strong,handle|name,positive,positive,,,1,positive
2094808804340691163,gordonfrayne,2026-09-01T15:25:13Z,93,strong,handle,positive,positive,,,1,positive
2096371766897582143,gordonfrayne,2026-09-05T22:55:52Z,114,strong,handle|name,positive,positive,,,1,positive
2097410099832553842,gordonfrayne,2026-09-08T19:41:50Z,15,strong,handle,neutral,neutral,,,1,neutral
2097651229572624630,gordonfrayne,2026-09-09T11:40:00Z,93,strong,handle,positive,positive,,,1,positive
2099896021170208986,gordonfrayne,2026-09-15T16:20:00Z,114,strong,handle|name,neutral,neutral,,,1,neutral
2100334870689984802,gordonfrayne,2026-09-16T21:23:50Z,10,strong,handle,positive,positive,,,1,positive
2100689827066745230,gordonfrayne,2026-09-17T20:54:18Z,10,strong,handle,neutral,neutral,,,1,neutral
2100943387427844211,gordonfrayne,2026-09-18T13:41:51Z,10,strong,handle,neutral,neutral,,,1,neutral
2101071675357880731,gordonfrayne,2026-09-18T22:11:38Z,66,strong,handle|id|name,positive,positive,,,1,positive
2101650582427832421,gordonfrayne,2026-09-20T12:32:00Z,7,strong,handle|name,neutral,neutral,,,1,neutral
2102114891565875571,gordonfrayne,2026-09-21T19:17:00Z,66,strong,handle,positive,positive,,,1,positive
2102380391424495848,gordonfrayne,2026-09-22T12:52:00Z,10,strong,handle|id|name,neutral,neutral,,,1,neutral
2102840170655723771,gordonfrayne,2026-09-23T19:19:00Z,7,strong,handle|name,positive,positive,,,1,positive
2104596459408556155,gordonfrayne,2026-09-28T15:37:52Z,68,strong,handle,neutral,neutral,,,1,neutral
2104596563565945105,gordonfrayne,2026-09-28T15:38:16Z,68,strong,handle,neutral,neutral,,,1,neutral
2104629576508887083,gordonfrayne,2026-09-28T17:49:27Z,93,strong,handle,positive,neutral,,,1,neutral
2104643089973551515,gordonfrayne,2026-09-28T18:43:09Z,114,strong,handle,positive,positive,,,1,positive
2104657989374300290,gordonfrayne,2026-09-28T19:42:21Z,71,strong,handle,positive,positive,,,1,positive
2104945123796672994,gordonfrayne,2026-09-29T14:43:20Z,44,strong,handle,neutral,neutral,,,1,neutral
2076739315707592717,JesusMartinez,2026-07-13T18:43:31Z,4,strong,name,positive,positive,,,1,positive
2076739315707592717,JesusMartinez,2026-07-13T18:43:31Z,8,strong,name,positive,positive,,,1,positive
2076739315707592717,JesusMartinez,2026-07-13T18:43:31Z,9,strong,name,positive,positive,,,1,positive
2076739315707592717,JesusMartinez,2026-07-13T18:43:31Z,64,strong,name,positive,positive,,,1,positive
2076739315707592717,JesusMartinez,2026-07-13T18:43:31Z,107,strong,name,positive,positive,,,1,positive
2076756083062821188,JesusMartinez,2026-07-13T19:50:09Z,15,strong,handle|id,neutral,neutral,,,1,neutral
2076756083062821188,JesusMartinez,2026-07-13T19:50:09Z,102,strong,handle,neutral,neutral,,,1,neutral
2080055273448689740,JesusMartinez,2026-07-22T22:19:57Z,53,strong,handle|id,neutral,neutral,,,1,neutral
2082119239935168812,JesusMartinez,2026-07-28T15:01:25Z,53,strong,id|name,positive,neutral,,,1,neutral
2082512420090646709,JesusMartinez,2026-07-29T17:03:46Z,107,strong,name,neutral,neutral,,,1,neutral
2083573136977506595,JesusMartinez,2026-08-01T15:18:41Z,24,strong,handle|id,neutral,neutral,,,1,neutral
2083573777552556371,JesusMartinez,2026-08-01T15:21:14Z,24,strong,handle|id,negative,negative,,,1,negative
2084651302819144045,JesusMartinez,2026-08-04T14:42:56Z,88,strong,id,positive,positive,yes,yes,1,positive
2085081515487117406,JesusMartinez,2026-08-05T19:12:26Z,71,strong,handle,neutral,neutral,,,1,neutral
2085125055390831023,JesusMartinez,2026-08-05T22:05:27Z,24,strong,id|name,negative,negative,,,1,negative
2088555246435901942,JesusMartinez,2026-08-15T09:15:48Z,3,strong,id,positive,positive,yes,yes,1,positive
2088645647012397309,JesusMartinez,2026-08-15T15:15:02Z,3,strong,id|name,positive,positive,,,1,positive
2091194502912385264,JesusMartinez,2026-08-22T16:03:16Z,93,strong,handle,positive,positive,,,1,positive
2092784657884389825,JesusMartinez,2026-08-27T01:21:59Z,4,strong,id,neutral,positive,yes,yes,1,neutral
2093152673465880822,JesusMartinez,2026-08-28T01:44:20Z,51,strong,name,positive,positive,,,1,positive
2093761800898568211,JesusMartinez,2026-08-29T18:04:48Z,53,strong,handle,positive,positive,,,1,positive
2094593943354933676,JesusMartinez,2026-09-01T01:11:26Z,51,strong,handle,positive,positive,,,1,positive
2094593943354933676,JesusMartinez,2026-09-01T01:11:26Z,53,strong,handle,positive,positive,,,1,positive
2095287010181206388,JesusMartinez,2026-09-02T23:05:26Z,93,strong,handle,positive,positive,,,1,positive
2095681683798253720,JesusMartinez,2026-09-04T01:13:43Z,28,strong,id|name,positive,positive,,,1,positive
2095681683798253720,JesusMartinez,2026-09-04T01:13:43Z,51,strong,handle,positive,positive,,,1,positive
2095681683798253720,JesusMartinez,2026-09-04T01:13:43Z,53,strong,handle,positive,positive,,,1,positive
2095681683798253720,JesusMartinez,2026-09-04T01:13:43Z,64,strong,handle,positive,positive,,,1,positive
2096290883846988285,JesusMartinez,2026-09-05T17:34:28Z,93,strong,name,positive,positive,,,1,positive
2096599188565897536,JesusMartinez,2026-09-06T13:59:34Z,51,strong,name,positive,positive,,,1,positive
2097826597755600985,JesusMartinez,2026-09-09T23:16:51Z,51,strong,handle,neutral,neutral,,,1,neutral
2098073763707306186,JesusMartinez,2026-09-10T15:39:00Z,51,strong,name,positive,positive,,,1,positive
2100243786307686645,JesusMartinez,2026-09-16T15:21:53Z,51,strong,name,neutral,neutral,,,1,neutral
2100243786307686645,JesusMartinez,2026-09-16T15:21:53Z,80,strong,handle,neutral,neutral,,,1,neutral
2102117849846120562,JesusMartinez,2026-09-21T19:28:45Z,81,strong,id,positive,positive,yes,yes,1,positive
2102117881702154715,JesusMartinez,2026-09-21T19:28:53Z,81,strong,id,positive,positive,yes,yes,1,positive
2103970211850490095,JesusMartinez,2026-09-26T22:09:23Z,4,strong,name,neutral,neutral,,,1,neutral
2103970211850490095,JesusMartinez,2026-09-26T22:09:23Z,44,weak,name,neutral,neutral,,,1,neutral
2103970211850490095,JesusMartinez,2026-09-26T22:09:23Z,51,strong,name,neutral,neutral,,,1,neutral
2104629527741911262,JesusMartinez,2026-09-28T17:49:16Z,3,strong,name,positive,neutral,,,1,neutral
2104629527741911262,JesusMartinez,2026-09-28T17:49:16Z,120,strong,name,positive,neutral,,,1,neutral
2104916707349594429,JesusMartinez,2026-09-29T12:50:25Z,120,strong,name,positive,positive,,,1,positive
2105051595733938515,JesusMartinez,2026-09-29T21:46:25Z,4,strong,name,neutral,neutral,,,1,neutral
2074858205726048509,KeithSingery,2026-07-08T14:08:39Z,9,strong,id,neutral,neutral,yes,yes,1,neutral
2074858205726048509,KeithSingery,2026-07-08T14:08:39Z,64,strong,handle,neutral,neutral,,,1,neutral
2077056585571205229,KeithSingery,2026-07-14T15:44:14Z,9,strong,id,neutral,neutral,yes,yes,1,neutral
2077840815280496803,KeithSingery,2026-07-16T19:40:29Z,4,strong,handle,neutral,neutral,,,1,neutral
2082107568693145748,KeithSingery,2026-07-28T14:15:02Z,9,strong,id,positive,positive,yes,yes,1,positive
2082893543392285053,KeithSingery,2026-07-30T18:18:13Z,9,strong,id,positive,positive,yes,yes,1,positive
2088324102369235446,KeithSingery,2026-08-14T17:57:19Z,9,strong,id,positive,positive,yes,yes,1,positive
2088324932581437689,KeithSingery,2026-08-14T18:00:37Z,75,strong,handle,positive,positive,,,1,positive
2088332073828601888,KeithSingery,2026-08-14T18:29:00Z,1,strong,id,neutral,positive,yes,yes,1,neutral
2089787239291330685,KeithSingery,2026-08-18T18:51:18Z,25,strong,id,neutral,neutral,yes,yes,1,neutral
2089811160594071863,KeithSingery,2026-08-18T20:26:22Z,25,strong,handle|id,positive,positive,,,1,positive
2089856093761786014,KeithSingery,2026-08-18T23:24:55Z,25,strong,id,neutral,neutral,yes,yes,1,neutral
2090062926191399157,KeithSingery,2026-08-19T13:06:47Z,25,strong,handle|id,neutral,neutral,,,1,neutral
2090445786685624579,KeithSingery,2026-08-20T14:28:08Z,25,strong,handle,positive,positive,,,1,positive
2090845570705604768,KeithSingery,2026-08-21T16:56:44Z,1,strong,id,neutral,neutral,yes,yes,1,neutral
2090901092985123050,KeithSingery,2026-08-21T20:37:22Z,25,strong,handle|id,neutral,neutral,,,1,neutral
2091363162973217198,KeithSingery,2026-08-23T03:13:28Z,25,strong,handle,positive,positive,,,1,positive
2091565499184492905,KeithSingery,2026-08-23T16:37:29Z,93,strong,handle,positive,positive,,,1,positive
2091870920805875917,KeithSingery,2026-08-24T12:51:07Z,25,strong,handle|id,positive,positive,,,1,positive
2092978106151928209,KeithSingery,2026-08-27T14:10:40Z,25,strong,handle|id,positive,positive,,,1,positive
2092990275216158945,KeithSingery,2026-08-27T14:59:02Z,25,strong,handle,positive,positive,,,1,positive
2093714573669068910,KeithSingery,2026-08-29T14:57:08Z,25,strong,handle|id,neutral,neutral,,,1,neutral
2097317357584785741,KeithSingery,2026-09-08T13:33:18Z,75,strong,handle,positive,positive,,,1,positive
2097318226833359349,KeithSingery,2026-09-08T13:36:46Z,75,strong,handle,neutral,neutral,,,1,neutral
2097322654390960194,KeithSingery,2026-09-08T13:54:21Z,93,strong,handle,neutral,neutral,,,1,neutral
2097687811961033088,KeithSingery,2026-09-09T14:05:22Z,25,strong,handle|id,positive,positive,,,1,positive
2099148476420346137,KeithSingery,2026-09-13T14:49:31Z,25,strong,handle|id,positive,positive,,,1,positive
2099154264396349594,KeithSingery,2026-09-13T15:12:31Z,25,strong,handle|id,positive,positive,,,1,positive
2099380280196780370,KeithSingery,2026-09-14T06:10:38Z,9,strong,id,neutral,neutral,yes,yes,1,neutral
2099937993364480423,KeithSingery,2026-09-15T19:06:47Z,9,strong,id,positive,positive,yes,yes,1,positive
2100382678054785069,KeithSingery,2026-09-17T00:33:48Z,1,strong,id,neutral,neutral,yes,yes,1,neutral
2100382678054785069,KeithSingery,2026-09-17T00:33:48Z,25,strong,handle|id,positive,positive,,,1,positive
2100384949069053976,KeithSingery,2026-09-17T00:42:49Z,25,strong,handle,positive,positive,,,1,positive
2100701145610027379,KeithSingery,2026-09-17T21:39:16Z,75,strong,handle,positive,positive,,,1,positive
2101635011275628915,KeithSingery,2026-09-20T11:30:07Z,44,strong,handle,positive,positive,,,1,positive
2101995135768870949,KeithSingery,2026-09-21T11:21:08Z,25,strong,handle|id,positive,positive,,,1,positive
2104223791106892281,KeithSingery,2026-09-27T14:57:01Z,9,strong,id,neutral,neutral,yes,yes,1,neutral
2104248550716789084,KeithSingery,2026-09-27T16:35:24Z,25,strong,handle|id,positive,positive,,,1,positive
2104328652611822065,KeithSingery,2026-09-27T21:53:41Z,75,strong,handle,positive,positive,,,1,positive
2105046869965672785,KeithSingery,2026-09-29T21:27:38Z,75,strong,handle,neutral,neutral,,,1,neutral
2073994430261170591,markjeffrey,2026-07-06T04:56:19Z,4,strong,name,neutral,neutral,,,1,neutral
2073994430261170591,markjeffrey,2026-07-06T04:56:19Z,64,strong,name,neutral,neutral,,,1,neutral
2074542864194048066,markjeffrey,2026-07-07T17:15:36Z,64,strong,id|name,positive,positive,,,1,positive
2074902843178504253,markjeffrey,2026-07-08T17:06:02Z,68,strong,id,neutral,neutral,yes,yes,1,neutral
2074973438381637822,markjeffrey,2026-07-08T21:46:33Z,38,strong,id,neutral,neutral,yes,yes,1,neutral
2075322974836760611,markjeffrey,2026-07-09T20:55:29Z,44,strong,id,neutral,neutral,yes,yes,1,neutral
2075693777868693790,markjeffrey,2026-07-10T21:28:55Z,64,strong,handle|id|name,neutral,neutral,,,1,neutral
2076014499774218525,markjeffrey,2026-07-11T18:43:21Z,118,strong,handle|id|name,positive,positive,,,1,positive
2076042097770344670,markjeffrey,2026-07-11T20:33:01Z,51,strong,id|name,positive,positive,,,1,positive
2076477873247203601,markjeffrey,2026-07-13T01:24:38Z,4,strong,name,neutral,neutral,,,1,neutral
2076477873247203601,markjeffrey,2026-07-13T01:24:38Z,51,strong,name,neutral,neutral,,,1,neutral
2076477873247203601,markjeffrey,2026-07-13T01:24:38Z,53,strong,name,neutral,neutral,,,1,neutral
2076477873247203601,markjeffrey,2026-07-13T01:24:38Z,64,strong,name,neutral,neutral,,,1,neutral
2076477873247203601,markjeffrey,2026-07-13T01:24:38Z,95,weak,name,neutral,neutral,,,1,neutral
2076487102922109107,markjeffrey,2026-07-13T02:01:19Z,34,strong,handle|id,neutral,neutral,,,1,neutral
2076490056089657490,markjeffrey,2026-07-13T02:13:03Z,34,strong,handle|id,neutral,neutral,,,1,neutral
2076518328357822532,markjeffrey,2026-07-13T04:05:23Z,4,strong,handle|id,neutral,neutral,,,1,neutral
2076518328357822532,markjeffrey,2026-07-13T04:05:23Z,51,strong,handle|id,neutral,neutral,,,1,neutral
2076518328357822532,markjeffrey,2026-07-13T04:05:23Z,53,strong,id|name,neutral,neutral,,,1,neutral
2076518328357822532,markjeffrey,2026-07-13T04:05:23Z,64,strong,handle|id,neutral,neutral,,,1,neutral
2076518328357822532,markjeffrey,2026-07-13T04:05:23Z,110,strong,id,neutral,neutral,yes,yes,1,neutral
2077086171235275144,markjeffrey,2026-07-14T17:41:48Z,122,strong,name,positive,positive,,,1,positive
2077141155570131337,markjeffrey,2026-07-14T21:20:17Z,4,strong,id|name,neutral,neutral,,,1,neutral
2077454218198392860,markjeffrey,2026-07-15T18:04:17Z,17,strong,id,neutral,neutral,yes,yes,1,neutral
2078158777950552467,markjeffrey,2026-07-17T16:43:57Z,28,strong,id,positive,positive,yes,yes,1,positive
2078330724474888597,markjeffrey,2026-07-18T04:07:12Z,105,strong,id|name,positive,positive,,,1,positive
2078583557178683692,markjeffrey,2026-07-18T20:51:52Z,44,strong,id,positive,positive,yes,yes,1,positive
2078701205455581465,markjeffrey,2026-07-19T04:39:22Z,4,strong,id|name,positive,positive,,,1,positive
2078904090487316769,markjeffrey,2026-07-19T18:05:33Z,53,strong,id|name,positive,positive,,,1,positive
2079018192257876469,markjeffrey,2026-07-20T01:38:57Z,53,strong,id|name,neutral,neutral,,,1,neutral
2079018192257876469,markjeffrey,2026-07-20T01:38:57Z,75,strong,id|name,positive,positive,,,1,positive
2079062937805939125,markjeffrey,2026-07-20T04:36:46Z,75,strong,name,positive,positive,,,1,positive
2079062937805939125,markjeffrey,2026-07-20T04:36:46Z,105,weak,name,positive,positive,,,1,positive
2079236580963995849,markjeffrey,2026-07-20T16:06:45Z,53,strong,handle,positive,positive,,,1,positive
2079369264910475689,markjeffrey,2026-07-21T00:54:00Z,17,strong,id,neutral,neutral,yes,yes,1,neutral
2079378036127072597,markjeffrey,2026-07-21T01:28:51Z,3,strong,id|name,positive,positive,,,1,positive
2079378036127072597,markjeffrey,2026-07-21T01:28:51Z,9,strong,id|name,positive,positive,,,1,positive
2079378036127072597,markjeffrey,2026-07-21T01:28:51Z,64,strong,id|name,positive,positive,,,1,positive
2079619705598541993,markjeffrey,2026-07-21T17:29:09Z,95,strong,id,neutral,neutral,yes,yes,1,neutral
2079697739953402245,markjeffrey,2026-07-21T22:39:14Z,53,strong,handle|id,positive,positive,,,1,positive
2079753120624906730,markjeffrey,2026-07-22T02:19:18Z,53,strong,handle|id,positive,positive,,,1,positive
2079988395431100920,markjeffrey,2026-07-22T17:54:12Z,4,strong,id,neutral,neutral,yes,yes,1,neutral
2080425480801644984,markjeffrey,2026-07-23T22:51:01Z,28,strong,handle,positive,positive,,,1,positive
2080554481620799550,markjeffrey,2026-07-24T07:23:37Z,95,strong,id,neutral,neutral,yes,yes,1,neutral
2080926116861395078,markjeffrey,2026-07-25T08:00:22Z,53,strong,id|name,positive,positive,,,1,positive
2081129512818143248,markjeffrey,2026-07-25T21:28:36Z,4,strong,id|name,neutral,neutral,,,1,neutral
2081129512818143248,markjeffrey,2026-07-25T21:28:36Z,23,strong,id|name,neutral,neutral,,,1,neutral
2081129512818143248,markjeffrey,2026-07-25T21:28:36Z,44,strong,id|name,neutral,neutral,,,1,neutral
2081129512818143248,markjeffrey,2026-07-25T21:28:36Z,49,strong,id,neutral,neutral,yes,yes,1,neutral
2081129512818143248,markjeffrey,2026-07-25T21:28:36Z,71,strong,id|name,neutral,neutral,,,1,neutral
2081129512818143248,markjeffrey,2026-07-25T21:28:36Z,95,strong,id|name,neutral,neutral,,,1,neutral
2081839193983197442,markjeffrey,2026-07-27T20:28:37Z,9,strong,id|name,positive,positive,,,1,positive
2081840736329511152,markjeffrey,2026-07-27T20:34:44Z,95,strong,id|name,neutral,neutral,,,1,neutral
2081863500767576203,markjeffrey,2026-07-27T22:05:12Z,53,strong,id,positive,positive,yes,yes,1,positive
2082157290459889857,markjeffrey,2026-07-28T17:32:37Z,107,strong,id|name,neutral,neutral,,,1,neutral
2082505824610730052,markjeffrey,2026-07-29T16:37:34Z,71,strong,id|name,neutral,neutral,,,1,neutral
2082547349742850065,markjeffrey,2026-07-29T19:22:34Z,71,strong,name,neutral,neutral,,,1,neutral
2082547349742850065,markjeffrey,2026-07-29T19:22:34Z,80,strong,id|name,neutral,neutral,,,1,neutral
2082547349742850065,markjeffrey,2026-07-29T19:22:34Z,107,strong,name,neutral,neutral,,,1,neutral
2082552785481118068,markjeffrey,2026-07-29T19:44:10Z,33,strong,id,positive,positive,yes,yes,1,positive
2082632271971102798,markjeffrey,2026-07-30T01:00:01Z,53,strong,handle|id,positive,positive,,,1,positive
2082632582475534686,markjeffrey,2026-07-30T01:01:15Z,95,strong,id,positive,positive,yes,yes,1,positive
2082878542657008075,markjeffrey,2026-07-30T17:18:37Z,44,strong,id|name,neutral,neutral,,,1,neutral
2082894668099186995,markjeffrey,2026-07-30T18:22:41Z,38,strong,name,neutral,positive,,,1,neutral
2082901668077924444,markjeffrey,2026-07-30T18:50:30Z,53,strong,handle,positive,positive,,,1,positive
2083019172683087893,markjeffrey,2026-07-31T02:37:26Z,24,strong,handle|id|name,positive,neutral,,,1,neutral
2083277884509364448,markjeffrey,2026-07-31T19:45:27Z,107,strong,id|name,positive,positive,,,1,positive
2083417281334542715,markjeffrey,2026-08-01T04:59:22Z,107,strong,id|name,neutral,neutral,,,1,neutral
2083962075806925041,markjeffrey,2026-08-02T17:04:11Z,53,strong,id|name,neutral,neutral,,,1,neutral
2084354834988507215,markjeffrey,2026-08-03T19:04:52Z,95,strong,id|name,positive,positive,,,1,positive
2084688967879000101,markjeffrey,2026-08-04T17:12:36Z,53,strong,name,positive,positive,,,1,positive
2084692105990140125,markjeffrey,2026-08-04T17:25:04Z,53,strong,name,positive,positive,,,1,positive
2085127243974766742,markjeffrey,2026-08-05T22:14:09Z,71,strong,name,neutral,neutral,,,1,neutral
2085132004010668257,markjeffrey,2026-08-05T22:33:04Z,75,strong,id|name,positive,positive,,,1,positive
2085132949952081948,markjeffrey,2026-08-05T22:36:49Z,53,strong,id|name,positive,positive,,,1,positive
2085134024713105462,markjeffrey,2026-08-05T22:41:06Z,95,strong,id,positive,positive,yes,yes,1,positive
2085183678276403442,markjeffrey,2026-08-06T01:58:24Z,93,strong,id,neutral,neutral,yes,yes,1,neutral
2085189795861705080,markjeffrey,2026-08-06T02:22:42Z,95,strong,id|name,positive,positive,,,1,positive
2085418614719656260,markjeffrey,2026-08-06T17:31:57Z,44,strong,id|name,neutral,neutral,,,1,neutral
2085448855836033459,markjeffrey,2026-08-06T19:32:07Z,44,strong,id,neutral,neutral,yes,yes,1,neutral
2085818984000287086,markjeffrey,2026-08-07T20:02:53Z,53,strong,name,neutral,neutral,,,1,neutral
2085999661798793639,markjeffrey,2026-08-08T08:00:50Z,54,strong,id|name,neutral,neutral,,,1,neutral
2086316395487514688,markjeffrey,2026-08-09T04:59:25Z,61,strong,id,positive,positive,yes,yes,1,positive
2087338149978726804,markjeffrey,2026-08-12T00:39:30Z,46,strong,id|name,neutral,neutral,,,1,neutral
2088169586550272136,markjeffrey,2026-08-14T07:43:20Z,93,strong,name,neutral,neutral,,,1,neutral
2088353428393308414,markjeffrey,2026-08-14T19:53:51Z,77,weak,name,not_about,not_about,,,0,
2088364538882380078,markjeffrey,2026-08-14T20:38:00Z,95,strong,id|name,neutral,neutral,,,1,neutral
2088437559236174038,markjeffrey,2026-08-15T01:28:10Z,1,strong,id,neutral,neutral,yes,yes,1,neutral
2089092689694458236,markjeffrey,2026-08-16T20:51:25Z,53,strong,id|name,positive,positive,,,1,positive
2089092689694458236,markjeffrey,2026-08-16T20:51:25Z,64,strong,name,neutral,neutral,,,1,neutral
2089092689694458236,markjeffrey,2026-08-16T20:51:25Z,118,strong,id|name,neutral,neutral,,,1,neutral
2089534964014673931,markjeffrey,2026-08-18T02:08:51Z,75,strong,id|name,positive,positive,,,1,positive
2089928230874775911,markjeffrey,2026-08-19T04:11:33Z,80,strong,handle|id|name,neutral,neutral,,,1,neutral
2090115572407349406,markjeffrey,2026-08-19T16:35:59Z,80,strong,name,positive,positive,,,1,positive
2090538366911815791,markjeffrey,2026-08-20T20:36:01Z,75,strong,handle,neutral,neutral,,,1,neutral
2090999918853009537,markjeffrey,2026-08-22T03:10:04Z,8,strong,id,neutral,neutral,yes,yes,1,neutral
2091358885206749444,markjeffrey,2026-08-23T02:56:28Z,71,strong,name,positive,positive,,,1,positive
2091627232687276186,markjeffrey,2026-08-23T20:42:47Z,75,strong,name,positive,positive,,,1,positive
2091660526682325188,markjeffrey,2026-08-23T22:55:05Z,51,strong,id|name,positive,positive,,,1,positive
2091806358979187098,markjeffrey,2026-08-24T08:34:34Z,124,strong,id|name,positive,neutral,,,1,neutral
2091911555315339711,markjeffrey,2026-08-24T15:32:35Z,3,strong,id|name,neutral,neutral,,,1,neutral
2091970781316362584,markjeffrey,2026-08-24T19:27:55Z,4,strong,handle,neutral,positive,,,1,neutral
2091970781316362584,markjeffrey,2026-08-24T19:27:55Z,28,strong,handle,neutral,positive,,,1,neutral
2091970781316362584,markjeffrey,2026-08-24T19:27:55Z,51,strong,handle,neutral,positive,,,1,neutral
2091970781316362584,markjeffrey,2026-08-24T19:27:55Z,53,strong,handle,neutral,positive,,,1,neutral
2091970781316362584,markjeffrey,2026-08-24T19:27:55Z,64,strong,handle,neutral,positive,,,1,neutral
2092043709881921817,markjeffrey,2026-08-25T00:17:43Z,51,strong,handle|name,positive,positive,,,1,positive
2093075852875665460,markjeffrey,2026-08-27T20:39:05Z,114,weak,name,neutral,neutral,,,1,neutral
2093080682436391090,markjeffrey,2026-08-27T20:58:16Z,51,strong,name,positive,positive,,,1,positive
2095261705765031975,markjeffrey,2026-09-02T21:24:53Z,93,strong,handle|id|name,neutral,neutral,,,1,neutral
2095549837752328321,markjeffrey,2026-09-03T16:29:49Z,4,strong,handle,neutral,positive,,,1,neutral
2095549837752328321,markjeffrey,2026-09-03T16:29:49Z,28,strong,handle,neutral,positive,,,1,neutral
2095549837752328321,markjeffrey,2026-09-03T16:29:49Z,53,strong,handle,neutral,positive,,,1,neutral
2095549837752328321,markjeffrey,2026-09-03T16:29:49Z,64,strong,handle,neutral,positive,,,1,neutral
2095550368461750655,markjeffrey,2026-09-03T16:31:55Z,4,strong,handle,neutral,positive,,,1,neutral
2095550368461750655,markjeffrey,2026-09-03T16:31:55Z,28,strong,handle,neutral,positive,,,1,neutral
2095550368461750655,markjeffrey,2026-09-03T16:31:55Z,51,strong,handle,neutral,positive,,,1,neutral
2095550368461750655,markjeffrey,2026-09-03T16:31:55Z,53,strong,handle,neutral,positive,,,1,neutral
2095550368461750655,markjeffrey,2026-09-03T16:31:55Z,64,strong,handle,neutral,positive,,,1,neutral
2095955211236126886,markjeffrey,2026-09-04T19:20:37Z,28,strong,handle,positive,positive,,,1,positive
2096002506065387743,markjeffrey,2026-09-04T22:28:33Z,54,strong,id|name,positive,neutral,,,1,neutral
2097408555955658991,markjeffrey,2026-09-08T19:35:42Z,15,strong,id,neutral,neutral,yes,yes,1,neutral
2098102287608791482,markjeffrey,2026-09-10T17:32:20Z,51,strong,handle,positive,positive,,,1,positive
2098102287608791482,markjeffrey,2026-09-10T17:32:20Z,64,strong,name,neutral,neutral,,,1,neutral
2098169695543402532,markjeffrey,2026-09-10T22:00:12Z,28,strong,name,neutral,neutral,,,1,neutral
2098169695543402532,markjeffrey,2026-09-10T22:00:12Z,91,strong,id,neutral,neutral,yes,yes,1,neutral
2098171354239693098,markjeffrey,2026-09-10T22:06:47Z,61,strong,id,positive,positive,yes,yes,1,positive
2098171401152971021,markjeffrey,2026-09-10T22:06:58Z,61,strong,id,positive,positive,yes,yes,1,positive
2098240879677104292,markjeffrey,2026-09-11T02:43:03Z,54,strong,handle,positive,positive,,,1,positive
2098240879677104292,markjeffrey,2026-09-11T02:43:03Z,60,strong,handle,positive,positive,,,1,positive
2098516015936315555,markjeffrey,2026-09-11T20:56:21Z,66,strong,id,neutral,neutral,yes,yes,1,neutral
2100264702328951124,markjeffrey,2026-09-16T16:45:00Z,80,strong,id|name,neutral,neutral,,,1,neutral
2100364031303524678,markjeffrey,2026-09-16T23:19:42Z,53,strong,handle,positive,positive,,,1,positive
2100723473492693227,markjeffrey,2026-09-17T23:08:00Z,105,strong,id|name,positive,positive,,,1,positive
2101046525619249354,markjeffrey,2026-09-18T20:31:41Z,28,strong,handle,positive,positive,,,1,positive
2101385759861387469,markjeffrey,2026-09-19T18:59:41Z,28,strong,handle,positive,positive,,,1,positive
2101395594816454744,markjeffrey,2026-09-19T19:38:46Z,44,strong,id|name,neutral,neutral,,,1,neutral
2101395594816454744,markjeffrey,2026-09-19T19:38:46Z,75,strong,id|name,positive,positive,,,1,positive
2102442933794545876,markjeffrey,2026-09-22T17:00:31Z,80,strong,id|name,neutral,neutral,,,1,neutral
2102478734079262859,markjeffrey,2026-09-22T19:22:47Z,15,strong,id|name,neutral,neutral,,,1,neutral
2102540989718245408,markjeffrey,2026-09-22T23:30:09Z,80,strong,id|name,positive,neutral,,,1,neutral
2102546710417625576,markjeffrey,2026-09-22T23:52:53Z,107,strong,id|name,neutral,neutral,,,1,neutral
2102588676765270224,markjeffrey,2026-09-23T02:39:39Z,80,strong,name,neutral,neutral,,,1,neutral
2102592360714801630,markjeffrey,2026-09-23T02:54:17Z,53,strong,handle,positive,positive,,,1,positive
2102639698032402653,markjeffrey,2026-09-23T06:02:23Z,78,strong,id|name,neutral,neutral,,,1,neutral
2102831454279659949,markjeffrey,2026-09-23T18:44:22Z,61,strong,id,neutral,neutral,yes,yes,1,neutral
2102832850429182378,markjeffrey,2026-09-23T18:49:54Z,17,strong,id,neutral,neutral,yes,yes,1,neutral
2102919829783265303,markjeffrey,2026-09-24T00:35:32Z,51,strong,name,positive,positive,,,1,positive
2102940522751148508,markjeffrey,2026-09-24T01:57:46Z,4,strong,handle,positive,positive,,,1,positive
2102940522751148508,markjeffrey,2026-09-24T01:57:46Z,28,strong,handle,positive,positive,,,1,positive
2102940522751148508,markjeffrey,2026-09-24T01:57:46Z,51,strong,handle,positive,positive,,,1,positive
2102940522751148508,markjeffrey,2026-09-24T01:57:46Z,53,strong,handle,positive,positive,,,1,positive
2102940522751148508,markjeffrey,2026-09-24T01:57:46Z,64,strong,handle,positive,positive,,,1,positive
2102942883720613907,markjeffrey,2026-09-24T02:07:08Z,4,strong,handle,positive,positive,,,1,positive
2102942883720613907,markjeffrey,2026-09-24T02:07:08Z,28,strong,handle,positive,positive,,,1,positive
2102942883720613907,markjeffrey,2026-09-24T02:07:08Z,51,strong,handle,positive,positive,,,1,positive
2102942883720613907,markjeffrey,2026-09-24T02:07:08Z,53,strong,handle,positive,positive,,,1,positive
2102942883720613907,markjeffrey,2026-09-24T02:07:08Z,64,strong,handle,positive,positive,,,1,positive
2102982787540353401,markjeffrey,2026-09-24T04:45:42Z,80,strong,name,neutral,neutral,,,1,neutral
2103229454541819932,markjeffrey,2026-09-24T21:05:52Z,114,strong,id|name,neutral,neutral,,,1,neutral
2103604797534556597,markjeffrey,2026-09-25T21:57:21Z,8,strong,id|name,neutral,neutral,,,1,neutral
2104069615202783383,markjeffrey,2026-09-27T04:44:22Z,4,strong,name,positive,positive,,,1,positive
2104069615202783383,markjeffrey,2026-09-27T04:44:22Z,51,strong,name,positive,positive,,,1,positive
2104069615202783383,markjeffrey,2026-09-27T04:44:22Z,64,strong,name,positive,positive,,,1,positive
2104070150895083944,markjeffrey,2026-09-27T04:46:30Z,4,strong,name,positive,positive,,,1,positive
2104070150895083944,markjeffrey,2026-09-27T04:46:30Z,44,weak,name,positive,positive,,,1,positive
2104070150895083944,markjeffrey,2026-09-27T04:46:30Z,51,strong,name,positive,positive,,,1,positive
2104278184082780615,markjeffrey,2026-09-27T18:33:09Z,80,strong,handle,positive,positive,,,1,positive
2104706718697668649,markjeffrey,2026-09-28T22:55:59Z,51,strong,handle|id,positive,positive,,,1,positive
2104706771092898129,markjeffrey,2026-09-28T22:56:12Z,51,strong,handle|id,positive,positive,,,1,positive
2104706832778592365,markjeffrey,2026-09-28T22:56:27Z,51,strong,handle|id,positive,positive,,,1,positive
2104950981247287669,markjeffrey,2026-09-29T15:06:36Z,44,strong,id|name,neutral,neutral,,,1,neutral
2105011593474142480,markjeffrey,2026-09-29T19:07:27Z,85,strong,name,neutral,neutral,,,1,neutral
2105022194069975486,markjeffrey,2026-09-29T19:49:35Z,4,strong,name,positive,positive,,,1,positive
2105023723460063577,markjeffrey,2026-09-29T19:55:39Z,105,strong,name,neutral,neutral,,,1,neutral
2105026945977319723,markjeffrey,2026-09-29T20:08:28Z,85,strong,handle,neutral,neutral,,,1,neutral
2105041161098502336,markjeffrey,2026-09-29T21:04:57Z,107,strong,handle|id|name,neutral,neutral,,,1,neutral
2105047247364972710,markjeffrey,2026-09-29T21:29:08Z,107,strong,id|name,positive,positive,,,1,positive
2105329650633437218,markjeffrey,2026-09-30T16:11:18Z,80,strong,name,neutral,neutral,,,1,neutral
2105346729021473175,markjeffrey,2026-09-30T17:19:10Z,75,strong,name,positive,positive,,,1,positive
2105438309673738667,markjeffrey,2026-09-30T23:23:04Z,105,weak,name,neutral,positive,,,1,neutral
2073707961231479027,ShizzyUnchained,2026-07-05T09:58:00Z,32,strong,handle,positive,positive,,,1,positive
2073968200404885643,ShizzyUnchained,2026-07-06T03:12:06Z,107,strong,handle|id|name,positive,positive,,,1,positive
2074165866552348819,ShizzyUnchained,2026-07-06T16:17:33Z,55,strong,id,positive,positive,yes,yes,1,positive
2074524062521729236,ShizzyUnchained,2026-07-07T16:00:53Z,107,strong,handle|id,neutral,neutral,,,1,neutral
2074685616487317766,ShizzyUnchained,2026-07-08T02:42:51Z,64,strong,id|name,positive,positive,,,1,positive
2074869035838148834,ShizzyUnchained,2026-07-08T14:51:42Z,107,strong,handle,positive,positive,,,1,positive
2075275531495391421,ShizzyUnchained,2026-07-09T17:46:58Z,53,strong,id|name,neutral,neutral,,,1,neutral
2075275531495391421,ShizzyUnchained,2026-07-09T17:46:58Z,64,strong,id|name,positive,neutral,,,1,neutral
2075635080257569059,ShizzyUnchained,2026-07-10T17:35:41Z,93,strong,name,positive,positive,,,1,positive
2076049051028422890,ShizzyUnchained,2026-07-11T21:00:39Z,118,strong,id|name,positive,positive,,,1,positive
2076709027392729238,ShizzyUnchained,2026-07-13T16:43:10Z,38,strong,id|name,neutral,neutral,,,1,neutral
2076738792828850395,ShizzyUnchained,2026-07-13T18:41:26Z,15,strong,handle,neutral,neutral,,,1,neutral
2076738792828850395,ShizzyUnchained,2026-07-13T18:41:26Z,102,strong,handle,neutral,neutral,,,1,neutral
2076945544396603827,ShizzyUnchained,2026-07-14T08:23:00Z,55,strong,id,positive,positive,yes,yes,1,positive
2077408437936468022,ShizzyUnchained,2026-07-15T15:02:22Z,38,strong,id|name,neutral,neutral,,,1,neutral
2077596112936964295,ShizzyUnchained,2026-07-16T03:28:07Z,15,strong,id|name,positive,positive,,,1,positive
2077596112936964295,ShizzyUnchained,2026-07-16T03:28:07Z,102,strong,name,neutral,neutral,,,1,neutral
2077648739565555841,ShizzyUnchained,2026-07-16T06:57:15Z,38,strong,id|name,positive,positive,,,1,positive
2077959786679742616,ShizzyUnchained,2026-07-17T03:33:14Z,4,strong,id|name,positive,positive,,,1,positive
2077959786679742616,ShizzyUnchained,2026-07-17T03:33:14Z,28,strong,id,positive,positive,yes,yes,1,positive
2077959786679742616,ShizzyUnchained,2026-07-17T03:33:14Z,29,strong,id|name,positive,positive,,,1,positive
2077959786679742616,ShizzyUnchained,2026-07-17T03:33:14Z,31,strong,id|name,positive,positive,,,1,positive
2077959786679742616,ShizzyUnchained,2026-07-17T03:33:14Z,51,strong,id|name,positive,positive,,,1,positive
2077959786679742616,ShizzyUnchained,2026-07-17T03:33:14Z,53,strong,id|name,positive,positive,,,1,positive
2077959786679742616,ShizzyUnchained,2026-07-17T03:33:14Z,64,strong,id|name,positive,positive,,,1,positive
2077959786679742616,ShizzyUnchained,2026-07-17T03:33:14Z,95,strong,id|name,positive,positive,,,1,positive
2077959786679742616,ShizzyUnchained,2026-07-17T03:33:14Z,96,strong,id|name,positive,positive,,,1,positive
2078291029325733907,ShizzyUnchained,2026-07-18T01:29:28Z,71,strong,handle,positive,positive,,,1,positive
2079001165749235844,ShizzyUnchained,2026-07-20T00:31:18Z,4,strong,id|name,neutral,neutral,,,1,neutral
2079001165749235844,ShizzyUnchained,2026-07-20T00:31:18Z,28,strong,id,neutral,neutral,yes,yes,1,neutral
2079001165749235844,ShizzyUnchained,2026-07-20T00:31:18Z,29,strong,id|name,neutral,neutral,,,1,neutral
2079001165749235844,ShizzyUnchained,2026-07-20T00:31:18Z,31,strong,id|name,neutral,neutral,,,1,neutral
2079001165749235844,ShizzyUnchained,2026-07-20T00:31:18Z,51,strong,id|name,neutral,neutral,,,1,neutral
2079001165749235844,ShizzyUnchained,2026-07-20T00:31:18Z,53,strong,id|name,neutral,neutral,,,1,neutral
2079001165749235844,ShizzyUnchained,2026-07-20T00:31:18Z,64,strong,id|name,neutral,neutral,,,1,neutral
2079001165749235844,ShizzyUnchained,2026-07-20T00:31:18Z,95,strong,id|name,neutral,neutral,,,1,neutral
2079001165749235844,ShizzyUnchained,2026-07-20T00:31:18Z,96,strong,id|name,neutral,neutral,,,1,neutral
2079337233841344584,ShizzyUnchained,2026-07-20T22:46:43Z,4,strong,id|name,neutral,neutral,,,1,neutral
2079337233841344584,ShizzyUnchained,2026-07-20T22:46:43Z,28,strong,id,neutral,neutral,yes,yes,1,neutral
2079337233841344584,ShizzyUnchained,2026-07-20T22:46:43Z,29,strong,id|name,neutral,neutral,,,1,neutral
2079337233841344584,ShizzyUnchained,2026-07-20T22:46:43Z,31,strong,id|name,neutral,neutral,,,1,neutral
2079337233841344584,ShizzyUnchained,2026-07-20T22:46:43Z,51,strong,id|name,neutral,neutral,,,1,neutral
2079337233841344584,ShizzyUnchained,2026-07-20T22:46:43Z,53,strong,id|name,neutral,neutral,,,1,neutral
2079337233841344584,ShizzyUnchained,2026-07-20T22:46:43Z,64,strong,id|name,neutral,neutral,,,1,neutral
2079337233841344584,ShizzyUnchained,2026-07-20T22:46:43Z,95,strong,id|name,neutral,neutral,,,1,neutral
2079337233841344584,ShizzyUnchained,2026-07-20T22:46:43Z,96,strong,id|name,neutral,neutral,,,1,neutral
2079337233841344584,ShizzyUnchained,2026-07-20T22:46:43Z,110,strong,id|name,neutral,neutral,,,1,neutral
2079596757667725365,ShizzyUnchained,2026-07-21T15:57:58Z,4,strong,id|name,positive,positive,,,1,positive
2079596757667725365,ShizzyUnchained,2026-07-21T15:57:58Z,28,strong,id,positive,positive,yes,yes,1,positive
2079596757667725365,ShizzyUnchained,2026-07-21T15:57:58Z,29,strong,id|name,positive,positive,,,1,positive
2079596757667725365,ShizzyUnchained,2026-07-21T15:57:58Z,31,strong,id|name,positive,positive,,,1,positive
2079596757667725365,ShizzyUnchained,2026-07-21T15:57:58Z,51,strong,id|name,positive,positive,,,1,positive
2079596757667725365,ShizzyUnchained,2026-07-21T15:57:58Z,53,strong,id|name,positive,positive,,,1,positive
2079596757667725365,ShizzyUnchained,2026-07-21T15:57:58Z,64,strong,id|name,positive,positive,,,1,positive
2079596757667725365,ShizzyUnchained,2026-07-21T15:57:58Z,95,strong,id|name,positive,positive,,,1,positive
2079596757667725365,ShizzyUnchained,2026-07-21T15:57:58Z,96,strong,id|name,positive,positive,,,1,positive
2079975139911795017,ShizzyUnchained,2026-07-22T17:01:32Z,38,strong,id,neutral,neutral,yes,yes,1,neutral
2080420786846814574,ShizzyUnchained,2026-07-23T22:32:22Z,4,strong,id|name,neutral,neutral,,,1,neutral
2080420786846814574,ShizzyUnchained,2026-07-23T22:32:22Z,15,weak,name,neutral,neutral,,,1,neutral
2080420786846814574,ShizzyUnchained,2026-07-23T22:32:22Z,17,strong,id|name,neutral,neutral,,,1,neutral
2080420786846814574,ShizzyUnchained,2026-07-23T22:32:22Z,44,strong,id|name,neutral,neutral,,,1,neutral
2080420786846814574,ShizzyUnchained,2026-07-23T22:32:22Z,53,strong,id|name,neutral,neutral,,,1,neutral
2080420786846814574,ShizzyUnchained,2026-07-23T22:32:22Z,62,strong,id|name,neutral,neutral,,,1,neutral
2080420786846814574,ShizzyUnchained,2026-07-23T22:32:22Z,64,strong,name,neutral,neutral,,,1,neutral
2080420786846814574,ShizzyUnchained,2026-07-23T22:32:22Z,95,strong,id|name,neutral,neutral,,,1,neutral
2080682640101777792,ShizzyUnchained,2026-07-24T15:52:53Z,4,strong,name,positive,positive,,,1,positive
2080682640101777792,ShizzyUnchained,2026-07-24T15:52:53Z,51,strong,name,positive,positive,,,1,positive
2080682640101777792,ShizzyUnchained,2026-07-24T15:52:53Z,53,strong,name,positive,positive,,,1,positive
2080682640101777792,ShizzyUnchained,2026-07-24T15:52:53Z,64,strong,name,positive,positive,,,1,positive
2080682640101777792,ShizzyUnchained,2026-07-24T15:52:53Z,95,weak,name,positive,positive,,,1,positive
2080682640101777792,ShizzyUnchained,2026-07-24T15:52:53Z,96,strong,name,positive,positive,,,1,positive
2082161155636641792,ShizzyUnchained,2026-07-28T17:47:58Z,62,weak,name,neutral,neutral,,,1,neutral
2082689240501006682,ShizzyUnchained,2026-07-30T04:46:24Z,62,weak,name,neutral,neutral,,,1,neutral
2082778982391382464,ShizzyUnchained,2026-07-30T10:43:00Z,93,strong,handle|id|name,positive,positive,,,1,positive
2083418621062090808,ShizzyUnchained,2026-08-01T05:04:41Z,80,strong,id|name,positive,positive,,,1,positive
2083418621062090808,ShizzyUnchained,2026-08-01T05:04:41Z,96,strong,name,negative,negative,,,1,negative
2083551100674695552,ShizzyUnchained,2026-08-01T13:51:07Z,24,strong,handle|id,neutral,neutral,,,1,neutral
2083624162682171828,ShizzyUnchained,2026-08-01T18:41:26Z,24,strong,id|name,neutral,negative,,,1,neutral
2083981911949561935,ShizzyUnchained,2026-08-02T18:23:00Z,5,strong,id,not_about,not_about,no,no,0,
2084107130940846095,ShizzyUnchained,2026-08-03T02:40:35Z,63,weak,name,positive,positive,,,1,positive
2084338933186306347,ShizzyUnchained,2026-08-03T18:01:41Z,24,strong,id|name,neutral,neutral,,,1,neutral
2084338933186306347,ShizzyUnchained,2026-08-03T18:01:41Z,63,strong,id|name,neutral,neutral,,,1,neutral
2084338933186306347,ShizzyUnchained,2026-08-03T18:01:41Z,71,strong,name,neutral,neutral,,,1,neutral
2084338933186306347,ShizzyUnchained,2026-08-03T18:01:41Z,80,strong,name,neutral,neutral,,,1,neutral
2084338933186306347,ShizzyUnchained,2026-08-03T18:01:41Z,103,strong,id,neutral,neutral,no,no,0,
2084338933186306347,ShizzyUnchained,2026-08-03T18:01:41Z,118,weak,name,neutral,neutral,,,1,neutral
2084543000722456697,ShizzyUnchained,2026-08-04T07:32:34Z,4,strong,name,positive,positive,,,1,positive
2084543000722456697,ShizzyUnchained,2026-08-04T07:32:34Z,15,weak,name,positive,positive,,,1,positive
2084543000722456697,ShizzyUnchained,2026-08-04T07:32:34Z,44,weak,name,positive,positive,,,1,positive
2084543000722456697,ShizzyUnchained,2026-08-04T07:32:34Z,51,strong,name,positive,positive,,,1,positive
2084543000722456697,ShizzyUnchained,2026-08-04T07:32:34Z,53,strong,name,positive,positive,,,1,positive
2084543000722456697,ShizzyUnchained,2026-08-04T07:32:34Z,64,strong,name,positive,positive,,,1,positive
2084543000722456697,ShizzyUnchained,2026-08-04T07:32:34Z,80,strong,name,positive,positive,,,1,positive
2084543000722456697,ShizzyUnchained,2026-08-04T07:32:34Z,90,strong,name,positive,positive,,,1,positive
2085420638294970705,ShizzyUnchained,2026-08-06T17:40:00Z,24,weak,name,negative,negative,,,1,negative
2085420638294970705,ShizzyUnchained,2026-08-06T17:40:00Z,53,strong,name,neutral,neutral,,,1,neutral
2085420638294970705,ShizzyUnchained,2026-08-06T17:40:00Z,80,strong,handle|id|name,neutral,neutral,,,1,neutral
2085420638294970705,ShizzyUnchained,2026-08-06T17:40:00Z,96,strong,name,neutral,neutral,,,1,neutral
2085582634168529373,ShizzyUnchained,2026-08-07T04:23:42Z,93,strong,handle|id,positive,positive,,,1,positive
2085877367763857787,ShizzyUnchained,2026-08-07T23:54:52Z,51,strong,handle,positive,positive,,,1,positive
2085935832838345211,ShizzyUnchained,2026-08-08T03:47:12Z,80,strong,handle|id,positive,positive,,,1,positive
2086142952477282355,ShizzyUnchained,2026-08-08T17:30:13Z,96,strong,handle|name,positive,positive,,,1,positive
2086252866130391155,ShizzyUnchained,2026-08-09T00:46:58Z,53,strong,id|name,positive,neutral,,,1,neutral
2086252866130391155,ShizzyUnchained,2026-08-09T00:46:58Z,80,strong,id|name,positive,positive,,,1,positive
2086446111930061027,ShizzyUnchained,2026-08-09T13:34:52Z,80,strong,id|name,positive,positive,,,1,positive
2086523869767094432,ShizzyUnchained,2026-08-09T18:43:50Z,4,strong,name,neutral,neutral,,,1,neutral
2086523869767094432,ShizzyUnchained,2026-08-09T18:43:50Z,51,strong,name,neutral,neutral,,,1,neutral
2086523869767094432,ShizzyUnchained,2026-08-09T18:43:50Z,53,strong,handle|id|name,negative,negative,,,1,negative
2086523869767094432,ShizzyUnchained,2026-08-09T18:43:50Z,64,strong,name,neutral,neutral,,,1,neutral
2086523869767094432,ShizzyUnchained,2026-08-09T18:43:50Z,96,strong,name,neutral,neutral,,,1,neutral
2086866654336544983,ShizzyUnchained,2026-08-10T17:25:57Z,24,strong,name,neutral,neutral,,,1,neutral
2086866654336544983,ShizzyUnchained,2026-08-10T17:25:57Z,53,strong,id|name,neutral,neutral,,,1,neutral
2086866654336544983,ShizzyUnchained,2026-08-10T17:25:57Z,75,strong,name,neutral,neutral,,,1,neutral
2086866654336544983,ShizzyUnchained,2026-08-10T17:25:57Z,80,strong,handle|id|name,neutral,neutral,,,1,neutral
2087002070830235837,ShizzyUnchained,2026-08-11T02:24:02Z,80,strong,handle|id,positive,positive,,,1,positive
2087371282710987143,ShizzyUnchained,2026-08-12T02:51:09Z,75,strong,name,neutral,neutral,,,1,neutral
2087371282710987143,ShizzyUnchained,2026-08-12T02:51:09Z,80,strong,name,neutral,neutral,,,1,neutral
2087943241702199758,ShizzyUnchained,2026-08-13T16:43:55Z,96,strong,handle,positive,positive,,,1,positive
2088196681133367690,ShizzyUnchained,2026-08-14T09:31:00Z,96,strong,handle,positive,positive,,,1,positive
2088302304675942806,ShizzyUnchained,2026-08-14T16:30:42Z,93,strong,handle|id|name,positive,positive,,,1,positive
2088352308715286702,ShizzyUnchained,2026-08-14T19:49:24Z,44,strong,id,neutral,positive,yes,yes,1,neutral
2088541082451673324,ShizzyUnchained,2026-08-15T08:19:31Z,44,strong,handle|id,neutral,positive,,,1,neutral
2088626406812987401,ShizzyUnchained,2026-08-15T13:58:34Z,95,strong,id,neutral,neutral,yes,yes,1,neutral
2088836875964317853,ShizzyUnchained,2026-08-16T03:54:54Z,3,strong,id|name,neutral,neutral,,,1,neutral
2088836875964317853,ShizzyUnchained,2026-08-16T03:54:54Z,71,strong,handle,neutral,neutral,,,1,neutral
2088836875964317853,ShizzyUnchained,2026-08-16T03:54:54Z,110,strong,id|name,neutral,neutral,,,1,neutral
2089122462080385174,ShizzyUnchained,2026-08-16T22:49:43Z,44,strong,id,neutral,positive,yes,yes,1,neutral
2089189817842040948,ShizzyUnchained,2026-08-17T03:17:22Z,3,strong,id|name,neutral,neutral,,,1,neutral
2089189817842040948,ShizzyUnchained,2026-08-17T03:17:22Z,53,strong,name,neutral,negative,,,1,neutral
2089189817842040948,ShizzyUnchained,2026-08-17T03:17:22Z,80,strong,name,neutral,negative,,,1,neutral
2089189817842040948,ShizzyUnchained,2026-08-17T03:17:22Z,107,strong,name,positive,positive,,,1,positive
2089189817842040948,ShizzyUnchained,2026-08-17T03:17:22Z,110,strong,id|name,neutral,neutral,,,1,neutral
2089383403183341733,ShizzyUnchained,2026-08-17T16:06:36Z,106,strong,handle|id|name,neutral,neutral,,,1,neutral
2089477573755711623,ShizzyUnchained,2026-08-17T22:20:48Z,64,strong,handle|name,neutral,neutral,,,1,neutral
2089477573755711623,ShizzyUnchained,2026-08-17T22:20:48Z,93,strong,handle|name,neutral,neutral,,,1,neutral
2089477573755711623,ShizzyUnchained,2026-08-17T22:20:48Z,94,weak,name,neutral,neutral,,,1,neutral
2089736936810537316,ShizzyUnchained,2026-08-18T15:31:25Z,106,strong,handle|id,neutral,neutral,,,1,neutral
2089881166249701599,ShizzyUnchained,2026-08-19T01:04:32Z,64,strong,name,positive,positive,,,1,positive
2089881166249701599,ShizzyUnchained,2026-08-19T01:04:32Z,93,strong,name,positive,positive,,,1,positive
2089881166249701599,ShizzyUnchained,2026-08-19T01:04:32Z,107,strong,name,positive,positive,,,1,positive
2090073700947128741,ShizzyUnchained,2026-08-19T13:49:36Z,106,strong,handle|id,positive,positive,,,1,positive
2090294332817375547,ShizzyUnchained,2026-08-20T04:26:19Z,118,strong,handle|name,neutral,neutral,,,1,neutral
2090462659019767984,ShizzyUnchained,2026-08-20T15:35:11Z,1,strong,id|name,neutral,neutral,,,1,neutral
2090462659019767984,ShizzyUnchained,2026-08-20T15:35:11Z,3,strong,id,neutral,neutral,yes,yes,1,neutral
2090462659019767984,ShizzyUnchained,2026-08-20T15:35:11Z,28,strong,handle,neutral,neutral,,,1,neutral
2090462659019767984,ShizzyUnchained,2026-08-20T15:35:11Z,41,weak,name,neutral,neutral,,,1,neutral
2090462659019767984,ShizzyUnchained,2026-08-20T15:35:11Z,49,strong,name,neutral,neutral,,,1,neutral
2090462659019767984,ShizzyUnchained,2026-08-20T15:35:11Z,80,strong,name,neutral,neutral,,,1,neutral
2090462659019767984,ShizzyUnchained,2026-08-20T15:35:11Z,118,strong,handle|name,neutral,neutral,,,1,neutral
2092517424364978234,ShizzyUnchained,2026-08-26T07:40:05Z,80,strong,handle|id|name,positive,positive,,,1,positive
2092629916273815871,ShizzyUnchained,2026-08-26T15:07:05Z,80,strong,handle,neutral,neutral,,,1,neutral
2092868878867054599,ShizzyUnchained,2026-08-27T06:56:39Z,121,strong,handle|id,positive,neutral,,,1,neutral
2092998481619173815,ShizzyUnchained,2026-08-27T15:31:38Z,4,strong,handle|name,neutral,neutral,,,1,neutral
2092998481619173815,ShizzyUnchained,2026-08-27T15:31:38Z,53,strong,name,neutral,neutral,,,1,neutral
2092998481619173815,ShizzyUnchained,2026-08-27T15:31:38Z,64,strong,name,neutral,neutral,,,1,neutral
2092998481619173815,ShizzyUnchained,2026-08-27T15:31:38Z,107,strong,handle|name,neutral,neutral,,,1,neutral
2093138204501098626,ShizzyUnchained,2026-08-28T00:46:51Z,80,strong,handle|id|name,positive,positive,,,1,positive
2093157841058083313,ShizzyUnchained,2026-08-28T02:04:52Z,80,strong,handle|id|name,neutral,neutral,,,1,neutral
2093219284994412806,ShizzyUnchained,2026-08-28T06:09:02Z,121,strong,handle|id,neutral,neutral,,,1,neutral
2093230171939610728,ShizzyUnchained,2026-08-28T06:52:17Z,50,strong,id|name,positive,positive,,,1,positive
2093548919561101575,ShizzyUnchained,2026-08-29T03:58:53Z,64,strong,handle,neutral,neutral,,,1,neutral
2093551607631806587,ShizzyUnchained,2026-08-29T04:09:34Z,110,strong,id,positive,positive,yes,yes,1,positive
2093915286193770886,ShizzyUnchained,2026-08-30T04:14:41Z,44,weak,name,neutral,neutral,,,1,neutral
2093915286193770886,ShizzyUnchained,2026-08-30T04:14:41Z,46,weak,name,neutral,neutral,,,1,neutral
2093915286193770886,ShizzyUnchained,2026-08-30T04:14:41Z,75,strong,name,neutral,neutral,,,1,neutral
2093915286193770886,ShizzyUnchained,2026-08-30T04:14:41Z,93,strong,name,neutral,neutral,,,1,neutral
2093915286193770886,ShizzyUnchained,2026-08-30T04:14:41Z,118,weak,name,neutral,neutral,,,1,neutral
2094267875301167573,ShizzyUnchained,2026-08-31T03:35:45Z,103,strong,handle|id|name,positive,positive,,,1,positive
2094277913826742298,ShizzyUnchained,2026-08-31T04:15:39Z,44,weak,name,neutral,neutral,,,1,neutral
2094277913826742298,ShizzyUnchained,2026-08-31T04:15:39Z,64,strong,name,neutral,neutral,,,1,neutral
2094277913826742298,ShizzyUnchained,2026-08-31T04:15:39Z,103,strong,id|name,positive,positive,,,1,positive
2094665239002247194,ShizzyUnchained,2026-09-01T05:54:44Z,103,strong,handle|id|name,positive,positive,,,1,positive
2094900675935092792,ShizzyUnchained,2026-09-01T21:30:17Z,51,strong,handle,neutral,neutral,,,1,neutral
2094944295908261901,ShizzyUnchained,2026-09-02T00:23:36Z,103,strong,handle,neutral,neutral,,,1,neutral
2094944915948003355,ShizzyUnchained,2026-09-02T00:26:04Z,103,strong,handle,neutral,neutral,,,1,neutral
2094946968271196465,ShizzyUnchained,2026-09-02T00:34:14Z,103,strong,handle,negative,negative,,,1,negative
2094957659858276494,ShizzyUnchained,2026-09-02T01:16:43Z,4,strong,id,positive,positive,yes,yes,1,positive
2094957659858276494,ShizzyUnchained,2026-09-02T01:16:43Z,51,strong,id,positive,positive,yes,yes,1,positive
2094957659858276494,ShizzyUnchained,2026-09-02T01:16:43Z,64,strong,id,positive,positive,yes,yes,1,positive
2094957659858276494,ShizzyUnchained,2026-09-02T01:16:43Z,120,strong,id,positive,positive,yes,yes,1,positive
2095040883582234905,ShizzyUnchained,2026-09-02T06:47:25Z,80,strong,handle|id,positive,positive,,,1,positive
2095299097695564254,ShizzyUnchained,2026-09-02T23:53:28Z,80,strong,handle|id|name,positive,positive,,,1,positive
2095392630800544059,ShizzyUnchained,2026-09-03T06:05:08Z,107,strong,name,positive,positive,,,1,positive
2095408975097327879,ShizzyUnchained,2026-09-03T07:10:05Z,114,strong,handle|name,neutral,neutral,,,1,neutral
2095572884148101398,ShizzyUnchained,2026-09-03T18:01:24Z,44,weak,name,neutral,neutral,,,1,neutral
2095572884148101398,ShizzyUnchained,2026-09-03T18:01:24Z,107,strong,name,neutral,neutral,,,1,neutral
2096682437749211386,ShizzyUnchained,2026-09-06T19:30:22Z,64,strong,id,positive,neutral,yes,yes,1,neutral
2096734362699997278,ShizzyUnchained,2026-09-06T22:56:42Z,44,weak,name,positive,positive,,,1,positive
2096734362699997278,ShizzyUnchained,2026-09-06T22:56:42Z,53,strong,name,positive,positive,,,1,positive
2096734362699997278,ShizzyUnchained,2026-09-06T22:56:42Z,64,strong,name,positive,positive,,,1,positive
2096734362699997278,ShizzyUnchained,2026-09-06T22:56:42Z,107,strong,name,positive,positive,,,1,positive
2096765279191609440,ShizzyUnchained,2026-09-07T00:59:33Z,114,strong,handle|name,neutral,neutral,,,1,neutral
2096991777353797831,ShizzyUnchained,2026-09-07T15:59:34Z,51,strong,handle|name,neutral,neutral,,,1,neutral
2096991777353797831,ShizzyUnchained,2026-09-07T15:59:34Z,64,strong,handle|name,neutral,neutral,,,1,neutral
2097091128470200464,ShizzyUnchained,2026-09-07T22:34:21Z,107,strong,id|name,positive,positive,,,1,positive
2097194050990260410,ShizzyUnchained,2026-09-08T05:23:20Z,80,strong,handle|id|name,positive,positive,,,1,positive
2097483380895953034,ShizzyUnchained,2026-09-09T00:33:02Z,15,strong,handle|name,positive,positive,,,1,positive
2097710811992969558,ShizzyUnchained,2026-09-09T15:36:45Z,48,strong,id,neutral,neutral,yes,yes,1,neutral
2097710811992969558,ShizzyUnchained,2026-09-09T15:36:45Z,63,strong,id,neutral,neutral,yes,yes,1,neutral
2097839909394424123,ShizzyUnchained,2026-09-10T00:09:45Z,51,strong,handle,positive,positive,,,1,positive
2097908302772347134,ShizzyUnchained,2026-09-10T04:41:31Z,51,strong,handle|id|name,positive,positive,,,1,positive
2097908302772347134,ShizzyUnchained,2026-09-10T04:41:31Z,64,strong,id|name,neutral,neutral,,,1,neutral
2098053509794939051,ShizzyUnchained,2026-09-10T14:18:31Z,51,strong,name,positive,positive,,,1,positive
2098099698317824020,ShizzyUnchained,2026-09-10T17:22:03Z,51,strong,handle|name,neutral,neutral,,,1,neutral
2098099698317824020,ShizzyUnchained,2026-09-10T17:22:03Z,93,strong,handle|id|name,neutral,neutral,,,1,neutral
2098950232130175041,ShizzyUnchained,2026-09-13T01:41:46Z,80,strong,handle,positive,positive,,,1,positive
2099164409012596987,ShizzyUnchained,2026-09-13T15:52:50Z,66,strong,handle,positive,positive,,,1,positive
2099166384894730640,ShizzyUnchained,2026-09-13T16:00:41Z,114,strong,handle|id,neutral,neutral,,,1,neutral
2099171938472010239,ShizzyUnchained,2026-09-13T16:22:45Z,68,strong,handle|id|name,neutral,neutral,,,1,neutral
2099524674010984543,ShizzyUnchained,2026-09-14T15:44:24Z,80,strong,handle|name,positive,positive,,,1,positive
2099539755771810008,ShizzyUnchained,2026-09-14T16:44:19Z,80,strong,handle|name,neutral,neutral,,,1,neutral
2099873842562760819,ShizzyUnchained,2026-09-15T14:51:52Z,80,strong,handle|id|name,positive,positive,,,1,positive
2099900638469444027,ShizzyUnchained,2026-09-15T16:38:21Z,85,strong,id|name,positive,positive,,,1,positive
2099963366349398130,ShizzyUnchained,2026-09-15T20:47:36Z,80,strong,handle|id|name,positive,positive,,,1,positive
2100117010751398072,ShizzyUnchained,2026-09-16T06:58:08Z,66,strong,handle|id,neutral,neutral,,,1,neutral
2100220173995094127,ShizzyUnchained,2026-09-16T13:48:04Z,80,strong,handle|id,positive,positive,,,1,positive
2100284899257184341,ShizzyUnchained,2026-09-16T18:05:16Z,80,strong,handle|id,positive,positive,,,1,positive
2100390329312498140,ShizzyUnchained,2026-09-17T01:04:12Z,15,strong,handle|id|name,positive,positive,,,1,positive
2100620140559642866,ShizzyUnchained,2026-09-17T16:17:23Z,28,strong,id|name,neutral,neutral,,,1,neutral
2100620140559642866,ShizzyUnchained,2026-09-17T16:17:23Z,44,strong,id|name,neutral,neutral,,,1,neutral
2100620140559642866,ShizzyUnchained,2026-09-17T16:17:23Z,80,strong,id|name,neutral,neutral,,,1,neutral
2100726004230549832,ShizzyUnchained,2026-09-17T23:18:03Z,46,strong,id|name,positive,positive,,,1,positive
2100843381966393346,ShizzyUnchained,2026-09-18T07:04:28Z,68,strong,handle|id|name,neutral,neutral,,,1,neutral
2100844200979755258,ShizzyUnchained,2026-09-18T07:07:43Z,7,strong,handle|id|name,neutral,neutral,,,1,neutral
2101120832588136855,ShizzyUnchained,2026-09-19T01:26:58Z,16,strong,id|name,neutral,neutral,,,1,neutral
2101488566018683026,ShizzyUnchained,2026-09-20T01:48:12Z,7,strong,handle|id|name,neutral,neutral,,,1,neutral
2102058972337356894,ShizzyUnchained,2026-09-21T15:34:48Z,44,weak,name,neutral,neutral,,,1,neutral
2102058972337356894,ShizzyUnchained,2026-09-21T15:34:48Z,75,strong,handle|name,neutral,neutral,,,1,neutral
2102146745354289413,ShizzyUnchained,2026-09-21T21:23:34Z,80,strong,handle|id,positive,positive,,,1,positive
2102463035713704294,ShizzyUnchained,2026-09-22T18:20:24Z,78,strong,handle|id,positive,neutral,,,1,neutral
2102587133378650241,ShizzyUnchained,2026-09-23T02:33:31Z,53,strong,handle|id,positive,positive,,,1,positive
2102587133378650241,ShizzyUnchained,2026-09-23T02:33:31Z,80,strong,handle|id,positive,positive,,,1,positive
2102616720280064427,ShizzyUnchained,2026-09-23T04:31:05Z,107,strong,handle|id|name,negative,negative,,,1,negative
2102926947051577721,ShizzyUnchained,2026-09-24T01:03:49Z,78,strong,handle|id,neutral,neutral,,,1,neutral
2103015781361500556,ShizzyUnchained,2026-09-24T06:56:49Z,80,strong,handle|id|name,neutral,neutral,,,1,neutral
2103310268784636384,ShizzyUnchained,2026-09-25T02:27:00Z,77,weak,name,not_about,not_about,,,0,
2103310268784636384,ShizzyUnchained,2026-09-25T02:27:00Z,80,strong,handle|id|name,neutral,neutral,,,1,neutral
2103310268784636384,ShizzyUnchained,2026-09-25T02:27:00Z,98,strong,id,neutral,neutral,no,no,0,
2103493956759671259,ShizzyUnchained,2026-09-25T14:36:54Z,80,strong,handle|id|name,positive,positive,,,1,positive
2103513517013729373,ShizzyUnchained,2026-09-25T15:54:38Z,10,strong,id|name,positive,positive,,,1,positive
2103581845061546135,ShizzyUnchained,2026-09-25T20:26:09Z,10,strong,id|name,positive,positive,,,1,positive
2103581845061546135,ShizzyUnchained,2026-09-25T20:26:09Z,49,strong,id|name,positive,positive,,,1,positive
2103581845061546135,ShizzyUnchained,2026-09-25T20:26:09Z,80,strong,handle|id,positive,positive,,,1,positive
2103814260199440811,ShizzyUnchained,2026-09-26T11:49:41Z,49,strong,id|name,positive,positive,,,1,positive
2103814260199440811,ShizzyUnchained,2026-09-26T11:49:41Z,80,strong,handle,positive,positive,,,1,positive
2103826352273080353,ShizzyUnchained,2026-09-26T12:37:44Z,49,strong,name,positive,positive,,,1,positive
2103826352273080353,ShizzyUnchained,2026-09-26T12:37:44Z,51,strong,name,positive,positive,,,1,positive
2103826352273080353,ShizzyUnchained,2026-09-26T12:37:44Z,80,strong,name,positive,positive,,,1,positive
2104024923681517897,ShizzyUnchained,2026-09-27T01:46:47Z,49,strong,id|name,positive,positive,,,1,positive
2104168926561083587,ShizzyUnchained,2026-09-27T11:19:00Z,51,strong,handle|name,neutral,neutral,,,1,neutral
2104270608141848883,ShizzyUnchained,2026-09-27T18:03:03Z,7,strong,id|name,positive,positive,,,1,positive
2104415736550559979,ShizzyUnchained,2026-09-28T03:39:44Z,80,strong,handle|id|name,positive,positive,,,1,positive
2104721083454591432,ShizzyUnchained,2026-09-28T23:53:04Z,49,strong,handle|id|name,positive,positive,,,1,positive
2104751866555064809,ShizzyUnchained,2026-09-29T01:55:24Z,51,strong,name,positive,positive,,,1,positive
2074604109768888528,SiamKidd,2026-07-07T21:18:58Z,18,strong,handle,positive,positive,,,1,positive
2076390175265915249,SiamKidd,2026-07-12T19:36:09Z,27,strong,id,neutral,neutral,yes,yes,1,neutral
2078193620151103672,SiamKidd,2026-07-17T19:02:24Z,9,strong,id|name,neutral,neutral,,,1,neutral
2078193620151103672,SiamKidd,2026-07-17T19:02:24Z,68,strong,id,neutral,neutral,yes,yes,1,neutral
2078193620151103672,SiamKidd,2026-07-17T19:02:24Z,93,strong,name,neutral,neutral,,,1,neutral
2082342692453769679,SiamKidd,2026-07-29T05:49:20Z,110,strong,handle,neutral,neutral,,,1,neutral
2084933706901262816,SiamKidd,2026-08-05T09:25:06Z,69,strong,handle|name,neutral,neutral,,,1,neutral
2084933706901262816,SiamKidd,2026-08-05T09:25:06Z,110,strong,id,neutral,neutral,yes,yes,1,neutral
2085328416354550014,SiamKidd,2026-08-06T11:33:32Z,21,strong,id|name,positive,positive,,,1,positive
2085745872780833029,SiamKidd,2026-08-07T15:12:22Z,4,strong,id,neutral,neutral,yes,yes,1,neutral
2085745872780833029,SiamKidd,2026-08-07T15:12:22Z,9,strong,id,neutral,neutral,yes,yes,1,neutral
2085745872780833029,SiamKidd,2026-08-07T15:12:22Z,18,strong,id,neutral,neutral,yes,yes,1,neutral
2085745872780833029,SiamKidd,2026-08-07T15:12:22Z,21,strong,id,neutral,neutral,yes,yes,1,neutral
2085745872780833029,SiamKidd,2026-08-07T15:12:22Z,24,strong,id|name,neutral,neutral,,,1,neutral
2085745872780833029,SiamKidd,2026-08-07T15:12:22Z,44,strong,id,neutral,neutral,yes,yes,1,neutral
2085745872780833029,SiamKidd,2026-08-07T15:12:22Z,51,strong,id,neutral,neutral,yes,yes,1,neutral
2085745872780833029,SiamKidd,2026-08-07T15:12:22Z,53,strong,id,neutral,neutral,yes,yes,1,neutral
2085745872780833029,SiamKidd,2026-08-07T15:12:22Z,71,strong,id,neutral,neutral,yes,yes,1,neutral
2085745872780833029,SiamKidd,2026-08-07T15:12:22Z,95,strong,id,neutral,neutral,yes,yes,1,neutral
2085745872780833029,SiamKidd,2026-08-07T15:12:22Z,107,strong,id,neutral,neutral,yes,yes,1,neutral
2085745872780833029,SiamKidd,2026-08-07T15:12:22Z,110,strong,id,neutral,neutral,yes,yes,1,neutral
2085757905345687865,SiamKidd,2026-08-07T16:00:10Z,127,strong,id|name,positive,positive,,,1,positive
2087125192694788572,SiamKidd,2026-08-11T10:33:17Z,21,strong,id|name,positive,positive,,,1,positive
2087173842812751939,SiamKidd,2026-08-11T13:46:36Z,127,strong,handle,positive,neutral,,,1,neutral
2087532015578996873,SiamKidd,2026-08-12T13:29:51Z,110,strong,id,positive,positive,yes,yes,1,positive
2087929034629955740,SiamKidd,2026-08-13T15:47:28Z,93,strong,handle|id|name,positive,positive,,,1,positive
2089305738476745136,SiamKidd,2026-08-17T10:58:00Z,28,strong,handle|id,positive,positive,,,1,positive
2090750653018538354,SiamKidd,2026-08-21T10:39:34Z,110,strong,id|name,positive,positive,,,1,positive
2092650979539722635,SiamKidd,2026-08-26T16:30:47Z,88,weak,name,not_about,not_about,,,0,
2093713018336997795,SiamKidd,2026-08-29T14:50:57Z,22,strong,name,neutral,neutral,,,1,neutral
2093713018336997795,SiamKidd,2026-08-29T14:50:57Z,64,strong,name,neutral,neutral,,,1,neutral
2093713018336997795,SiamKidd,2026-08-29T14:50:57Z,71,strong,name,neutral,neutral,,,1,neutral
2093713018336997795,SiamKidd,2026-08-29T14:50:57Z,110,strong,id|name,positive,positive,,,1,positive
2099479883302707611,SiamKidd,2026-09-14T12:46:25Z,69,strong,handle|id|name,positive,positive,,,1,positive
2099479883302707611,SiamKidd,2026-09-14T12:46:25Z,93,strong,handle|id|name,positive,positive,,,1,positive
2099483432820633767,SiamKidd,2026-09-14T13:00:31Z,69,strong,handle|id|name,positive,positive,,,1,positive
2099483432820633767,SiamKidd,2026-09-14T13:00:31Z,93,strong,handle|id|name,positive,positive,,,1,positive
2101327146316624204,SiamKidd,2026-09-19T15:06:47Z,90,strong,id,negative,negative,no,no,0,
2103091946168242285,SiamKidd,2026-09-24T11:59:28Z,127,strong,name,neutral,neutral,,,1,neutral
2104538874848677935,SiamKidd,2026-09-28T11:49:02Z,85,strong,handle|id,positive,positive,,,1,positive
2072921442010726649,TaoOutsider,2026-07-03T05:52:39Z,23,strong,handle|id,positive,positive,,,1,positive
2073157643657424916,TaoOutsider,2026-07-03T21:31:14Z,64,strong,id|name,positive,positive,,,1,positive
2073166937748631676,TaoOutsider,2026-07-03T22:08:10Z,44,strong,handle|id|name,positive,neutral,,,1,neutral
2073169799195377774,TaoOutsider,2026-07-03T22:19:32Z,18,strong,id|name,neutral,neutral,,,1,neutral
2073173564509835302,TaoOutsider,2026-07-03T22:34:30Z,60,strong,handle|id,positive,positive,,,1,positive
2073656043872088369,TaoOutsider,2026-07-05T06:31:42Z,18,strong,id|name,neutral,neutral,,,1,neutral
2073899037074305430,TaoOutsider,2026-07-05T22:37:16Z,9,strong,id|name,neutral,neutral,,,1,neutral
2073899037074305430,TaoOutsider,2026-07-05T22:37:16Z,15,strong,id|name,neutral,neutral,,,1,neutral
2073899037074305430,TaoOutsider,2026-07-05T22:37:16Z,24,strong,id|name,neutral,neutral,,,1,neutral
2073899037074305430,TaoOutsider,2026-07-05T22:37:16Z,44,strong,id|name,neutral,neutral,,,1,neutral
2073899037074305430,TaoOutsider,2026-07-05T22:37:16Z,60,strong,id|name,neutral,neutral,,,1,neutral
2073899037074305430,TaoOutsider,2026-07-05T22:37:16Z,64,strong,id|name,neutral,neutral,,,1,neutral
2073899037074305430,TaoOutsider,2026-07-05T22:37:16Z,68,strong,id,neutral,neutral,yes,yes,1,neutral
2073899037074305430,TaoOutsider,2026-07-05T22:37:16Z,93,strong,id|name,neutral,neutral,,,1,neutral
2073899037074305430,TaoOutsider,2026-07-05T22:37:16Z,97,strong,id|name,neutral,neutral,,,1,neutral
2073899037074305430,TaoOutsider,2026-07-05T22:37:16Z,107,strong,id|name,neutral,neutral,,,1,neutral
2073899037074305430,TaoOutsider,2026-07-05T22:37:16Z,118,strong,id|name,neutral,neutral,,,1,neutral
2073899037074305430,TaoOutsider,2026-07-05T22:37:16Z,120,strong,id|name,neutral,neutral,,,1,neutral
2074169355332424085,TaoOutsider,2026-07-06T16:31:25Z,55,strong,id|name,positive,positive,,,1,positive
2074454027425775852,TaoOutsider,2026-07-07T11:22:36Z,55,strong,name,neutral,neutral,,,1,neutral
2074454027425775852,TaoOutsider,2026-07-07T11:22:36Z,68,weak,name,neutral,neutral,,,1,neutral
2074454027425775852,TaoOutsider,2026-07-07T11:22:36Z,107,strong,name,neutral,neutral,,,1,neutral
2074454027425775852,TaoOutsider,2026-07-07T11:22:36Z,111,weak,name,neutral,neutral,,,1,neutral
2074577479197438068,TaoOutsider,2026-07-07T19:33:09Z,22,strong,id|name,positive,positive,,,1,positive
2074732559565529551,TaoOutsider,2026-07-08T05:49:23Z,97,strong,id,neutral,neutral,yes,yes,1,neutral
2074732559565529551,TaoOutsider,2026-07-08T05:49:23Z,114,strong,handle|id|name,positive,positive,,,1,positive
2074732559565529551,TaoOutsider,2026-07-08T05:49:23Z,118,strong,handle,neutral,neutral,,,1,neutral
2075452680424595684,TaoOutsider,2026-07-10T05:30:53Z,93,strong,name,positive,positive,,,1,positive
2075592510412403002,TaoOutsider,2026-07-10T14:46:31Z,15,strong,id|name,neutral,neutral,,,1,neutral
2075592510412403002,TaoOutsider,2026-07-10T14:46:31Z,22,strong,name,neutral,neutral,,,1,neutral
2075592510412403002,TaoOutsider,2026-07-10T14:46:31Z,91,strong,id,neutral,neutral,yes,yes,1,neutral
2075592510412403002,TaoOutsider,2026-07-10T14:46:31Z,93,strong,id|name,neutral,neutral,,,1,neutral
2075592510412403002,TaoOutsider,2026-07-10T14:46:31Z,114,strong,id|name,neutral,neutral,,,1,neutral
2075592510412403002,TaoOutsider,2026-07-10T14:46:31Z,120,strong,id|name,neutral,neutral,,,1,neutral
2075779831841603837,TaoOutsider,2026-07-11T03:10:52Z,22,strong,id|name,positive,positive,,,1,positive
2075828703855071723,TaoOutsider,2026-07-11T06:25:04Z,23,strong,id|name,neutral,neutral,,,1,neutral
2075828703855071723,TaoOutsider,2026-07-11T06:25:04Z,24,strong,id|name,neutral,neutral,,,1,neutral
2075828703855071723,TaoOutsider,2026-07-11T06:25:04Z,28,strong,id,neutral,neutral,yes,yes,1,neutral
2075828703855071723,TaoOutsider,2026-07-11T06:25:04Z,38,strong,id|name,neutral,neutral,,,1,neutral
2075828703855071723,TaoOutsider,2026-07-11T06:25:04Z,106,strong,id|name,neutral,neutral,,,1,neutral
2075828703855071723,TaoOutsider,2026-07-11T06:25:04Z,121,strong,id|name,neutral,neutral,,,1,neutral
2075974163609600270,TaoOutsider,2026-07-11T16:03:04Z,64,strong,id|name,neutral,neutral,,,1,neutral
2075974509841051927,TaoOutsider,2026-07-11T16:04:27Z,17,strong,id,positive,neutral,yes,yes,1,neutral
2076182477891101001,TaoOutsider,2026-07-12T05:50:50Z,64,strong,name,neutral,neutral,,,1,neutral
2076377102132138432,TaoOutsider,2026-07-12T18:44:13Z,22,strong,id,neutral,neutral,yes,yes,1,neutral
2076377102132138432,TaoOutsider,2026-07-12T18:44:13Z,74,strong,id,neutral,neutral,yes,yes,1,neutral
2076377102132138432,TaoOutsider,2026-07-12T18:44:13Z,88,strong,id,neutral,neutral,yes,yes,1,neutral
2076377102132138432,TaoOutsider,2026-07-12T18:44:13Z,93,strong,handle,neutral,neutral,,,1,neutral
2076549457827557686,TaoOutsider,2026-07-13T06:09:05Z,118,strong,id|name,positive,positive,,,1,positive
2077089278195040365,TaoOutsider,2026-07-14T17:54:09Z,118,strong,id|name,positive,positive,,,1,positive
2077142897892225165,TaoOutsider,2026-07-14T21:27:12Z,85,strong,id|name,positive,positive,,,1,positive
2077143197982028039,TaoOutsider,2026-07-14T21:28:24Z,75,strong,id|name,positive,neutral,,,1,neutral
2077825757833740655,TaoOutsider,2026-07-16T18:40:39Z,60,strong,id|name,positive,positive,,,1,positive
2078299777083568247,TaoOutsider,2026-07-18T02:04:14Z,55,strong,id|name,positive,positive,,,1,positive
2078515772377153760,TaoOutsider,2026-07-18T16:22:31Z,77,weak,name,not_about,not_about,,,0,
2078561517763486176,TaoOutsider,2026-07-18T19:24:18Z,62,weak,name,neutral,neutral,,,1,neutral
2078564888079651172,TaoOutsider,2026-07-18T19:37:41Z,44,strong,id|name,neutral,neutral,,,1,neutral
2078931440759099481,TaoOutsider,2026-07-19T19:54:14Z,118,strong,id,positive,positive,yes,yes,1,positive
2079446359401202140,TaoOutsider,2026-07-21T06:00:20Z,97,strong,id|name,positive,positive,,,1,positive
2079788603056505324,TaoOutsider,2026-07-22T04:40:18Z,53,strong,id,positive,neutral,yes,yes,1,neutral
2079790435438858507,TaoOutsider,2026-07-22T04:47:35Z,44,strong,id|name,neutral,neutral,,,1,neutral
2079806085590929479,TaoOutsider,2026-07-22T05:49:46Z,53,strong,id|name,positive,positive,,,1,positive
2080166201821368490,TaoOutsider,2026-07-23T05:40:44Z,4,strong,id,neutral,neutral,yes,yes,1,neutral
2080348185952727425,TaoOutsider,2026-07-23T17:43:53Z,18,strong,id|name,positive,neutral,,,1,neutral
2080358905234768163,TaoOutsider,2026-07-23T18:26:28Z,4,strong,id|name,neutral,neutral,,,1,neutral
2080387862659260562,TaoOutsider,2026-07-23T20:21:32Z,60,strong,id|name,neutral,neutral,,,1,neutral
2080670912567709937,TaoOutsider,2026-07-24T15:06:17Z,61,weak,name,neutral,neutral,,,1,neutral
2081120318572126211,TaoOutsider,2026-07-25T20:52:03Z,111,strong,id|name,positive,positive,,,1,positive
2081124183447101578,TaoOutsider,2026-07-25T21:07:25Z,91,strong,id,positive,positive,yes,yes,1,positive
2081437752139149643,TaoOutsider,2026-07-26T17:53:26Z,64,strong,name,positive,positive,,,1,positive
2081437752139149643,TaoOutsider,2026-07-26T17:53:26Z,124,strong,id|name,positive,positive,,,1,positive
2081696252937335106,TaoOutsider,2026-07-27T11:00:37Z,118,strong,handle|id,positive,positive,,,1,positive
2082164997262577696,TaoOutsider,2026-07-28T18:03:14Z,107,strong,id|name,neutral,neutral,,,1,neutral
2082987276267659645,TaoOutsider,2026-07-31T00:30:41Z,4,strong,id|name,positive,positive,,,1,positive
2082987276267659645,TaoOutsider,2026-07-31T00:30:41Z,23,strong,id|name,neutral,neutral,,,1,neutral
2082987276267659645,TaoOutsider,2026-07-31T00:30:41Z,44,strong,id,positive,positive,yes,yes,1,positive
2082987276267659645,TaoOutsider,2026-07-31T00:30:41Z,49,strong,id|name,neutral,neutral,,,1,neutral
2082987276267659645,TaoOutsider,2026-07-31T00:30:41Z,71,strong,id|name,positive,positive,,,1,positive
2082987276267659645,TaoOutsider,2026-07-31T00:30:41Z,95,strong,id|name,neutral,neutral,,,1,neutral
2083824698043834376,TaoOutsider,2026-08-02T07:58:18Z,107,strong,id|name,positive,neutral,,,1,neutral
2084064495366791562,TaoOutsider,2026-08-02T23:51:10Z,77,weak,name,not_about,not_about,,,0,
2084074833499824380,TaoOutsider,2026-08-03T00:32:15Z,93,strong,handle|id,positive,positive,,,1,positive
2085522626504495372,TaoOutsider,2026-08-07T00:25:15Z,53,strong,id,positive,positive,yes,yes,1,positive
2086970561582817394,TaoOutsider,2026-08-11T00:18:50Z,93,strong,handle,positive,positive,,,1,positive
2088358232427270483,TaoOutsider,2026-08-14T20:12:57Z,3,strong,id,neutral,neutral,yes,yes,1,neutral
2088401068652904509,TaoOutsider,2026-08-14T23:03:10Z,44,weak,name,not_about,not_about,,,0,
2089810547424538938,TaoOutsider,2026-08-18T20:23:55Z,53,strong,name,neutral,neutral,,,1,neutral
2089810547424538938,TaoOutsider,2026-08-18T20:23:55Z,64,strong,name,neutral,neutral,,,1,neutral
2090518953973985593,TaoOutsider,2026-08-20T19:18:53Z,21,strong,id|name,positive,positive,,,1,positive
2091566439492714553,TaoOutsider,2026-08-23T16:41:13Z,93,strong,name,positive,positive,,,1,positive
2092542002260783428,TaoOutsider,2026-08-26T09:17:45Z,21,strong,id|name,positive,positive,,,1,positive
2092542002260783428,TaoOutsider,2026-08-26T09:17:45Z,71,strong,handle|id|name,positive,positive,,,1,positive
2092542002260783428,TaoOutsider,2026-08-26T09:17:45Z,93,strong,handle|id|name,positive,positive,,,1,positive
2092880933837836718,TaoOutsider,2026-08-27T07:44:33Z,118,weak,name,neutral,neutral,,,1,neutral
2093389349358309461,TaoOutsider,2026-08-28T17:24:48Z,111,weak,name,positive,positive,,,1,positive
2093438957316866529,TaoOutsider,2026-08-28T20:41:56Z,91,strong,id,neutral,neutral,yes,yes,1,neutral
2094353103550083243,TaoOutsider,2026-08-31T09:14:25Z,110,strong,id|name,positive,positive,,,1,positive
2094360830955430024,TaoOutsider,2026-08-31T09:45:08Z,121,strong,handle|id,neutral,neutral,,,1,neutral
2094579351513686022,TaoOutsider,2026-09-01T00:13:27Z,80,strong,handle,neutral,neutral,,,1,neutral
2094855381247819915,TaoOutsider,2026-09-01T18:30:18Z,111,strong,handle,positive,positive,,,1,positive
2094944675035791775,TaoOutsider,2026-09-02T00:25:07Z,30,strong,id,neutral,neutral,yes,yes,1,neutral
2094991453663482329,TaoOutsider,2026-09-02T03:31:00Z,44,strong,id|name,positive,positive,,,1,positive
2095066484317774025,TaoOutsider,2026-09-02T08:29:08Z,114,strong,handle,positive,positive,,,1,positive
2095489701289373857,TaoOutsider,2026-09-03T12:30:51Z,93,strong,id|name,neutral,neutral,,,1,neutral
2095562561793974641,TaoOutsider,2026-09-03T17:20:23Z,1,weak,name,neutral,neutral,,,1,neutral
2095562561793974641,TaoOutsider,2026-09-03T17:20:23Z,4,strong,id|name,neutral,neutral,,,1,neutral
2095562561793974641,TaoOutsider,2026-09-03T17:20:23Z,10,strong,name,neutral,neutral,,,1,neutral
2095562561793974641,TaoOutsider,2026-09-03T17:20:23Z,15,weak,name,neutral,neutral,,,1,neutral
2095562561793974641,TaoOutsider,2026-09-03T17:20:23Z,27,weak,name,neutral,neutral,,,1,neutral
2095562561793974641,TaoOutsider,2026-09-03T17:20:23Z,64,strong,name,neutral,neutral,,,1,neutral
2095562561793974641,TaoOutsider,2026-09-03T17:20:23Z,85,strong,name,neutral,neutral,,,1,neutral
2095562561793974641,TaoOutsider,2026-09-03T17:20:23Z,102,strong,name,neutral,neutral,,,1,neutral
2095562561793974641,TaoOutsider,2026-09-03T17:20:23Z,105,weak,name,neutral,neutral,,,1,neutral
2095562561793974641,TaoOutsider,2026-09-03T17:20:23Z,107,strong,name,neutral,neutral,,,1,neutral
2095562561793974641,TaoOutsider,2026-09-03T17:20:23Z,120,strong,handle,neutral,neutral,,,1,neutral
2095871208902267326,TaoOutsider,2026-09-04T13:46:50Z,21,strong,id,positive,positive,yes,yes,1,positive
2095871208902267326,TaoOutsider,2026-09-04T13:46:50Z,71,strong,handle|id,positive,positive,,,1,positive
2095871208902267326,TaoOutsider,2026-09-04T13:46:50Z,93,strong,handle|id,positive,positive,,,1,positive
2097296002432618528,TaoOutsider,2026-09-08T12:08:27Z,114,strong,handle|id|name,positive,positive,,,1,positive
2097736423453446517,TaoOutsider,2026-09-09T17:18:32Z,120,strong,name,neutral,neutral,,,1,neutral
2097818699419832622,TaoOutsider,2026-09-09T22:45:28Z,22,strong,handle|id|name,positive,positive,,,1,positive
2098124055203230042,TaoOutsider,2026-09-10T18:58:50Z,51,strong,name,positive,positive,,,1,positive
2098124055203230042,TaoOutsider,2026-09-10T18:58:50Z,53,strong,name,negative,negative,,,1,negative
2098124055203230042,TaoOutsider,2026-09-10T18:58:50Z,64,strong,name,negative,negative,,,1,negative
2098500529496391888,TaoOutsider,2026-09-11T19:54:49Z,15,weak,name,neutral,neutral,,,1,neutral
2098500529496391888,TaoOutsider,2026-09-11T19:54:49Z,28,strong,name,neutral,neutral,,,1,neutral
2098500529496391888,TaoOutsider,2026-09-11T19:54:49Z,53,strong,name,neutral,neutral,,,1,neutral
2098500529496391888,TaoOutsider,2026-09-11T19:54:49Z,61,weak,name,neutral,neutral,,,1,neutral
2098500529496391888,TaoOutsider,2026-09-11T19:54:49Z,107,strong,name,neutral,neutral,,,1,neutral
2098500529496391888,TaoOutsider,2026-09-11T19:54:49Z,124,weak,name,neutral,neutral,,,1,neutral
2099116942095216989,TaoOutsider,2026-09-13T12:44:13Z,124,strong,id|name,neutral,neutral,,,1,neutral
2099253416207810898,TaoOutsider,2026-09-13T21:46:31Z,21,strong,id|name,neutral,neutral,,,1,neutral
2099273076969996591,TaoOutsider,2026-09-13T23:04:38Z,61,strong,id|name,positive,positive,,,1,positive
2099682666819748135,TaoOutsider,2026-09-15T02:12:12Z,9,strong,id,neutral,neutral,yes,yes,1,neutral
2099682666819748135,TaoOutsider,2026-09-15T02:12:12Z,49,strong,handle,neutral,neutral,,,1,neutral
2099682666819748135,TaoOutsider,2026-09-15T02:12:12Z,56,strong,handle,neutral,neutral,,,1,neutral
2099682666819748135,TaoOutsider,2026-09-15T02:12:12Z,60,strong,handle,neutral,neutral,,,1,neutral
2099682666819748135,TaoOutsider,2026-09-15T02:12:12Z,62,strong,handle,neutral,neutral,,,1,neutral
2099682666819748135,TaoOutsider,2026-09-15T02:12:12Z,68,strong,handle,neutral,neutral,,,1,neutral
2099682666819748135,TaoOutsider,2026-09-15T02:12:12Z,71,strong,handle,neutral,neutral,,,1,neutral
2099682666819748135,TaoOutsider,2026-09-15T02:12:12Z,80,strong,handle,neutral,neutral,,,1,neutral
2099682666819748135,TaoOutsider,2026-09-15T02:12:12Z,91,strong,id,neutral,neutral,yes,yes,1,neutral
2099682666819748135,TaoOutsider,2026-09-15T02:12:12Z,93,strong,handle,neutral,neutral,,,1,neutral
2099682666819748135,TaoOutsider,2026-09-15T02:12:12Z,102,strong,handle,neutral,neutral,,,1,neutral
2099682666819748135,TaoOutsider,2026-09-15T02:12:12Z,107,strong,handle,neutral,neutral,,,1,neutral
2099682666819748135,TaoOutsider,2026-09-15T02:12:12Z,111,strong,handle,neutral,neutral,,,1,neutral
2099682666819748135,TaoOutsider,2026-09-15T02:12:12Z,118,strong,handle,neutral,neutral,,,1,neutral
2099682666819748135,TaoOutsider,2026-09-15T02:12:12Z,124,strong,handle,neutral,neutral,,,1,neutral
2099682905375084811,TaoOutsider,2026-09-15T02:13:09Z,9,strong,id,neutral,neutral,yes,yes,1,neutral
2099682905375084811,TaoOutsider,2026-09-15T02:13:09Z,49,strong,handle,neutral,neutral,,,1,neutral
2099682905375084811,TaoOutsider,2026-09-15T02:13:09Z,56,strong,handle,neutral,neutral,,,1,neutral
2099682905375084811,TaoOutsider,2026-09-15T02:13:09Z,60,strong,handle,neutral,neutral,,,1,neutral
2099682905375084811,TaoOutsider,2026-09-15T02:13:09Z,62,strong,handle,neutral,neutral,,,1,neutral
2099682905375084811,TaoOutsider,2026-09-15T02:13:09Z,68,strong,handle,neutral,neutral,,,1,neutral
2099682905375084811,TaoOutsider,2026-09-15T02:13:09Z,71,strong,handle,neutral,neutral,,,1,neutral
2099682905375084811,TaoOutsider,2026-09-15T02:13:09Z,80,strong,handle,neutral,neutral,,,1,neutral
2099682905375084811,TaoOutsider,2026-09-15T02:13:09Z,93,strong,handle,neutral,neutral,,,1,neutral
2099682905375084811,TaoOutsider,2026-09-15T02:13:09Z,102,strong,handle,neutral,neutral,,,1,neutral
2099682905375084811,TaoOutsider,2026-09-15T02:13:09Z,107,strong,handle,neutral,neutral,,,1,neutral
2099682905375084811,TaoOutsider,2026-09-15T02:13:09Z,111,strong,handle,neutral,neutral,,,1,neutral
2099682905375084811,TaoOutsider,2026-09-15T02:13:09Z,118,strong,handle,neutral,neutral,,,1,neutral
2099682905375084811,TaoOutsider,2026-09-15T02:13:09Z,124,strong,handle,neutral,neutral,,,1,neutral
2101275376550830446,TaoOutsider,2026-09-19T11:41:04Z,90,strong,id,negative,negative,no,no,0,
2101309003720499467,TaoOutsider,2026-09-19T13:54:41Z,53,strong,name,positive,neutral,,,1,neutral
2101309003720499467,TaoOutsider,2026-09-19T13:54:41Z,93,strong,name,positive,neutral,,,1,neutral
2101309003720499467,TaoOutsider,2026-09-19T13:54:41Z,118,weak,name,positive,neutral,,,1,neutral
2101326367220445416,TaoOutsider,2026-09-19T15:03:41Z,44,weak,name,positive,positive,,,1,positive
2102066421219962883,TaoOutsider,2026-09-21T16:04:23Z,66,strong,handle|id,neutral,neutral,,,1,neutral
2102066958195630499,TaoOutsider,2026-09-21T16:06:32Z,7,strong,handle|id|name,neutral,neutral,,,1,neutral
2102068066184053175,TaoOutsider,2026-09-21T16:10:56Z,7,strong,handle|id|name,positive,positive,,,1,positive
2102068722194120729,TaoOutsider,2026-09-21T16:13:32Z,66,strong,handle|id,positive,positive,,,1,positive
2102500180578664697,TaoOutsider,2026-09-22T20:48:00Z,7,strong,name,positive,positive,,,1,positive
2103261198321906100,TaoOutsider,2026-09-24T23:12:01Z,21,strong,name,positive,neutral,,,1,neutral
2103261198321906100,TaoOutsider,2026-09-24T23:12:01Z,28,strong,name,positive,neutral,,,1,neutral
2103261198321906100,TaoOutsider,2026-09-24T23:12:01Z,44,weak,name,positive,neutral,,,1,neutral
2103261198321906100,TaoOutsider,2026-09-24T23:12:01Z,51,strong,name,positive,neutral,,,1,neutral
2103261198321906100,TaoOutsider,2026-09-24T23:12:01Z,53,strong,name,positive,neutral,,,1,neutral
2103261198321906100,TaoOutsider,2026-09-24T23:12:01Z,64,strong,name,positive,neutral,,,1,neutral
2103292758387507459,TaoOutsider,2026-09-25T01:17:25Z,46,strong,id|name,neutral,neutral,,,1,neutral
2103868337805513134,TaoOutsider,2026-09-26T15:24:34Z,80,strong,handle|id,neutral,neutral,,,1,neutral
2103870079418905082,TaoOutsider,2026-09-26T15:31:29Z,91,strong,id,positive,positive,yes,yes,1,positive
2103973709547545057,TaoOutsider,2026-09-26T22:23:16Z,107,strong,handle,positive,positive,,,1,positive
2104012196392886625,TaoOutsider,2026-09-27T00:56:12Z,38,strong,id|name,neutral,neutral,,,1,neutral
2104012196392886625,TaoOutsider,2026-09-27T00:56:12Z,53,strong,id|name,neutral,neutral,,,1,neutral
2104012196392886625,TaoOutsider,2026-09-27T00:56:12Z,80,strong,id|name,neutral,neutral,,,1,neutral
2104012196392886625,TaoOutsider,2026-09-27T00:56:12Z,107,strong,id|name,neutral,neutral,,,1,neutral
2104012196392886625,TaoOutsider,2026-09-27T00:56:12Z,110,strong,id|name,neutral,neutral,,,1,neutral
2104340411321917577,TaoOutsider,2026-09-27T22:40:25Z,60,strong,name,neutral,neutral,,,1,neutral
2104340411321917577,TaoOutsider,2026-09-27T22:40:25Z,90,strong,name,neutral,neutral,,,1,neutral
2104525221831049415,TaoOutsider,2026-09-28T10:54:47Z,85,strong,handle|name,positive,positive,,,1,positive
2105026217292227033,TaoOutsider,2026-09-29T20:05:34Z,111,strong,handle,neutral,neutral,,,1,neutral
2072941346424295426,TAOTemplar,2026-07-03T07:11:45Z,51,strong,handle,neutral,neutral,,,1,neutral
2072941346424295426,TAOTemplar,2026-07-03T07:11:45Z,64,strong,handle,neutral,neutral,,,1,neutral
2073151725305762258,TAOTemplar,2026-07-03T21:07:43Z,51,strong,handle,positive,positive,,,1,positive
2074171199655936254,TAOTemplar,2026-07-06T16:38:44Z,93,strong,handle,positive,positive,,,1,positive
2074558915723894948,TAOTemplar,2026-07-07T18:19:23Z,60,strong,handle,neutral,neutral,,,1,neutral
2075275692736967138,TAOTemplar,2026-07-09T17:47:36Z,60,strong,handle|id,neutral,neutral,,,1,neutral
2075275692736967138,TAOTemplar,2026-07-09T17:47:36Z,96,strong,handle|id,neutral,neutral,,,1,neutral
2076733520689390038,TAOTemplar,2026-07-13T18:20:29Z,102,strong,id,negative,negative,yes,yes,1,negative
2076794395966226689,TAOTemplar,2026-07-13T22:22:23Z,15,strong,id,negative,negative,yes,yes,1,negative
2076794395966226689,TAOTemplar,2026-07-13T22:22:23Z,102,strong,id,negative,negative,yes,yes,1,negative
2078550823857000456,TAOTemplar,2026-07-18T18:41:48Z,51,strong,handle,positive,positive,,,1,positive
2079446292011397364,TAOTemplar,2026-07-21T06:00:04Z,51,strong,handle,positive,positive,,,1,positive
2082515346003468466,TAOTemplar,2026-07-29T17:15:24Z,93,strong,handle|id|name,positive,positive,,,1,positive
2084735290413871416,TAOTemplar,2026-08-04T20:16:40Z,24,strong,handle|id,neutral,neutral,,,1,neutral
2085161362716537202,TAOTemplar,2026-08-06T00:29:43Z,24,strong,handle|id,neutral,neutral,,,1,neutral
2087649914012733527,TAOTemplar,2026-08-12T21:18:20Z,93,strong,handle,positive,positive,,,1,positive
2088316061808504832,TAOTemplar,2026-08-14T17:25:22Z,93,strong,handle|id|name,positive,positive,,,1,positive
2088317546252399076,TAOTemplar,2026-08-14T17:31:16Z,93,strong,handle|id|name,positive,positive,,,1,positive
2089951691948822953,TAOTemplar,2026-08-19T05:44:47Z,15,strong,handle|id,negative,negative,,,1,negative
2090490415824695491,TAOTemplar,2026-08-20T17:25:29Z,24,strong,handle|name,negative,negative,,,1,negative
2090490415824695491,TAOTemplar,2026-08-20T17:25:29Z,67,strong,id,negative,not_about,no,no,0,
2090636354858217838,TAOTemplar,2026-08-21T03:05:23Z,51,strong,handle,positive,positive,,,1,positive
2090837781735960643,TAOTemplar,2026-08-21T16:25:47Z,93,strong,handle|name,positive,positive,,,1,positive
2092745611573375079,TAOTemplar,2026-08-26T22:46:49Z,110,strong,id|name,neutral,neutral,,,1,neutral
2093113523383443490,TAOTemplar,2026-08-27T23:08:46Z,51,strong,handle,positive,positive,,,1,positive
2093113523383443490,TAOTemplar,2026-08-27T23:08:46Z,64,strong,handle,positive,positive,,,1,positive
2093173771259555941,TAOTemplar,2026-08-28T03:08:11Z,93,strong,handle|id|name,positive,positive,,,1,positive
2095178755278819383,TAOTemplar,2026-09-02T15:55:16Z,93,strong,handle,positive,positive,,,1,positive
2095327949180268915,TAOTemplar,2026-09-03T01:48:07Z,22,strong,id,positive,positive,yes,yes,1,positive
2095327949180268915,TAOTemplar,2026-09-03T01:48:07Z,34,strong,id,positive,positive,yes,yes,1,positive
2095327949180268915,TAOTemplar,2026-09-03T01:48:07Z,51,strong,id,positive,positive,yes,yes,1,positive
2095327949180268915,TAOTemplar,2026-09-03T01:48:07Z,93,strong,id,positive,positive,yes,yes,1,positive
2097748050655547636,TAOTemplar,2026-09-09T18:04:44Z,93,strong,handle,neutral,neutral,,,1,neutral
2097748050655547636,TAOTemplar,2026-09-09T18:04:44Z,111,weak,name,not_about,not_about,,,0,
2098065073553977490,TAOTemplar,2026-09-10T15:04:28Z,93,strong,name,positive,positive,,,1,positive
2104673765116330113,TAOTemplar,2026-09-28T20:45:03Z,4,strong,name,neutral,neutral,,,1,neutral
2074506931163603358,tylerdurdeth,2026-07-07T14:52:49Z,9,strong,id,positive,positive,yes,yes,1,positive
2074506931163603358,tylerdurdeth,2026-07-07T14:52:49Z,64,strong,handle,positive,neutral,,,1,neutral
2079950063040622888,tylerdurdeth,2026-07-22T15:21:53Z,88,weak,name,not_about,not_about,,,0,
2081983897747767368,tylerdurdeth,2026-07-28T06:03:37Z,53,strong,id|name,positive,positive,,,1,positive
2082197772598431840,tylerdurdeth,2026-07-28T20:13:29Z,9,strong,id|name,positive,positive,,,1,positive
2082197772598431840,tylerdurdeth,2026-07-28T20:13:29Z,44,weak,name,positive,positive,,,1,positive
2082197772598431840,tylerdurdeth,2026-07-28T20:13:29Z,68,strong,id,positive,positive,yes,yes,1,positive
2082197772598431840,tylerdurdeth,2026-07-28T20:13:29Z,107,strong,id|name,positive,positive,,,1,positive
2082418017351127085,tylerdurdeth,2026-07-29T10:48:39Z,93,strong,name,positive,positive,,,1,positive
2083155501424988379,tylerdurdeth,2026-07-31T11:39:09Z,53,strong,handle,positive,positive,,,1,positive
2083291663158362241,tylerdurdeth,2026-07-31T20:40:12Z,64,strong,handle,positive,positive,,,1,positive
2083463434948022349,tylerdurdeth,2026-08-01T08:02:46Z,110,weak,name,positive,positive,,,1,positive
2085006291672412205,tylerdurdeth,2026-08-05T14:13:32Z,53,strong,handle|id,positive,positive,,,1,positive
2085251679348273565,tylerdurdeth,2026-08-06T06:28:37Z,53,strong,id,positive,positive,yes,yes,1,positive
2085650879164600591,tylerdurdeth,2026-08-07T08:54:53Z,93,strong,handle|name,positive,positive,,,1,positive
2085656707833680225,tylerdurdeth,2026-08-07T09:18:03Z,44,strong,handle,neutral,neutral,,,1,neutral
2085753102288777256,tylerdurdeth,2026-08-07T15:41:05Z,53,strong,handle,positive,positive,,,1,positive
2086349903215677932,tylerdurdeth,2026-08-09T07:12:34Z,93,strong,handle|name,positive,positive,,,1,positive
2087945561869619536,tylerdurdeth,2026-08-13T16:53:08Z,93,strong,handle,positive,positive,,,1,positive
2088312843238076521,tylerdurdeth,2026-08-14T17:12:35Z,93,strong,name,positive,positive,,,1,positive
2088501409738084467,tylerdurdeth,2026-08-15T05:41:53Z,93,strong,handle|name,positive,positive,,,1,positive
2088506503296675843,tylerdurdeth,2026-08-15T06:02:07Z,63,weak,name,positive,positive,,,1,positive
2088508683982348602,tylerdurdeth,2026-08-15T06:10:47Z,44,strong,handle,neutral,neutral,,,1,neutral
2088541310705664396,tylerdurdeth,2026-08-15T08:20:26Z,96,strong,handle|name,positive,positive,,,1,positive
2088587961386295556,tylerdurdeth,2026-08-15T11:25:48Z,44,weak,name,positive,positive,,,1,positive
2088620285717074424,tylerdurdeth,2026-08-15T13:34:15Z,93,strong,handle,positive,positive,,,1,positive
2088637324095524889,tylerdurdeth,2026-08-15T14:41:57Z,106,strong,handle|id,positive,positive,,,1,positive
2089397133476507729,tylerdurdeth,2026-08-17T17:01:10Z,96,strong,handle,positive,positive,,,1,positive
2089398267180196349,tylerdurdeth,2026-08-17T17:05:40Z,106,strong,handle|id,positive,positive,,,1,positive
2090876627576135984,tylerdurdeth,2026-08-21T19:00:09Z,110,strong,id,positive,positive,yes,yes,1,positive
2090916463527837874,tylerdurdeth,2026-08-21T21:38:26Z,93,strong,handle,positive,positive,,,1,positive
2091453535208485112,tylerdurdeth,2026-08-23T09:12:34Z,53,strong,id|name,positive,positive,,,1,positive
2091506932326511100,tylerdurdeth,2026-08-23T12:44:45Z,93,strong,name,positive,positive,,,1,positive
2091629630226678103,tylerdurdeth,2026-08-23T20:52:19Z,53,strong,handle,positive,positive,,,1,positive
2091883616141795612,tylerdurdeth,2026-08-24T13:41:34Z,9,strong,id|name,neutral,neutral,,,1,neutral
2091883616141795612,tylerdurdeth,2026-08-24T13:41:34Z,110,strong,id|name,positive,positive,,,1,positive
2092594844396818799,tylerdurdeth,2026-08-26T12:47:44Z,93,strong,handle,positive,positive,,,1,positive
2092979303830978593,tylerdurdeth,2026-08-27T14:15:26Z,93,strong,handle|id,positive,positive,,,1,positive
2093609455975854258,tylerdurdeth,2026-08-29T07:59:26Z,44,strong,handle,positive,positive,,,1,positive
2093696870749016306,tylerdurdeth,2026-08-29T13:46:47Z,110,strong,id,positive,positive,yes,yes,1,positive
2094351631877841270,tylerdurdeth,2026-08-31T09:08:34Z,110,strong,id|name,positive,positive,,,1,positive
2094356622898249904,tylerdurdeth,2026-08-31T09:28:24Z,121,strong,handle|id,positive,positive,,,1,positive
2094742729024487844,tylerdurdeth,2026-09-01T11:02:39Z,114,strong,handle|id,positive,positive,,,1,positive
2094743802720174514,tylerdurdeth,2026-09-01T11:06:55Z,80,strong,handle|id|name,positive,positive,,,1,positive
2095094019319562366,tylerdurdeth,2026-09-02T10:18:33Z,114,strong,handle|id|name,positive,positive,,,1,positive
2096955036790075420,tylerdurdeth,2026-09-07T13:33:34Z,93,strong,handle,neutral,neutral,,,1,neutral
2097397772823490932,tylerdurdeth,2026-09-08T18:52:51Z,44,strong,handle,positive,positive,,,1,positive
2097601670599377103,tylerdurdeth,2026-09-09T08:23:04Z,114,strong,handle|id|name,positive,positive,,,1,positive
2097792893855355143,tylerdurdeth,2026-09-09T21:02:55Z,93,strong,name,positive,positive,,,1,positive
2098079481416024239,tylerdurdeth,2026-09-10T16:01:43Z,28,strong,handle,neutral,neutral,,,1,neutral
2098297283347439951,tylerdurdeth,2026-09-11T06:27:11Z,28,strong,handle,positive,positive,,,1,positive
2098327361779331497,tylerdurdeth,2026-09-11T08:26:42Z,68,strong,handle|id|name,positive,positive,,,1,positive
2100167168415461758,tylerdurdeth,2026-09-16T10:17:26Z,66,strong,handle,positive,positive,,,1,positive
2100168776176017813,tylerdurdeth,2026-09-16T10:23:50Z,68,strong,handle|id,positive,positive,,,1,positive
2100400721954791876,tylerdurdeth,2026-09-17T01:45:30Z,51,strong,handle|id,positive,neutral,,,1,neutral
2100609867559915571,tylerdurdeth,2026-09-17T15:36:34Z,66,strong,handle,positive,positive,,,1,positive
2100703023458644314,tylerdurdeth,2026-09-17T21:46:44Z,44,strong,handle,positive,positive,,,1,positive
2100703023458644314,tylerdurdeth,2026-09-17T21:46:44Z,66,strong,handle,positive,positive,,,1,positive
2100703023458644314,tylerdurdeth,2026-09-17T21:46:44Z,85,strong,handle,positive,positive,,,1,positive
2100991021492412570,tylerdurdeth,2026-09-18T16:51:08Z,7,strong,handle|id|name,neutral,neutral,,,1,neutral
2101693438869528792,tylerdurdeth,2026-09-20T15:22:18Z,44,strong,handle,positive,positive,,,1,positive
2102067581326688388,tylerdurdeth,2026-09-21T16:09:00Z,44,strong,handle,positive,positive,,,1,positive
2102072751158632893,tylerdurdeth,2026-09-21T16:29:33Z,64,strong,handle,positive,positive,,,1,positive
2102123692947816867,tylerdurdeth,2026-09-21T19:51:58Z,81,strong,handle,positive,positive,,,1,positive
2102321043838775761,tylerdurdeth,2026-09-22T08:56:10Z,7,strong,id|name,positive,positive,,,1,positive
2102341590765191355,tylerdurdeth,2026-09-22T10:17:49Z,44,strong,handle|name,positive,positive,,,1,positive
2102378855570849901,tylerdurdeth,2026-09-22T12:45:54Z,53,strong,handle|name,positive,positive,,,1,positive
2102404048817189337,tylerdurdeth,2026-09-22T14:26:00Z,44,weak,name,positive,positive,,,1,positive
2102404048817189337,tylerdurdeth,2026-09-22T14:26:00Z,53,strong,name,positive,positive,,,1,positive
2102671448141635736,tylerdurdeth,2026-09-23T08:08:33Z,44,strong,handle,positive,positive,,,1,positive
2102710679908344078,tylerdurdeth,2026-09-23T10:44:27Z,53,strong,handle|id|name,neutral,positive,,,1,neutral
2102713541492973639,tylerdurdeth,2026-09-23T10:55:49Z,53,strong,name,positive,positive,,,1,positive
2103435889640620362,tylerdurdeth,2026-09-25T10:46:10Z,80,strong,handle|id,neutral,neutral,,,1,neutral
2103435982859076050,tylerdurdeth,2026-09-25T10:46:32Z,80,strong,handle|id,neutral,neutral,,,1,neutral
2103521342184464678,tylerdurdeth,2026-09-25T16:25:44Z,44,strong,handle,neutral,neutral,,,1,neutral
2103521342184464678,tylerdurdeth,2026-09-25T16:25:44Z,51,strong,handle,neutral,neutral,,,1,neutral
2103521342184464678,tylerdurdeth,2026-09-25T16:25:44Z,53,strong,handle,neutral,neutral,,,1,neutral
2103632527907057800,tylerdurdeth,2026-09-25T23:47:32Z,17,strong,handle,neutral,neutral,,,1,neutral
2104063589401198644,tylerdurdeth,2026-09-27T04:20:25Z,80,strong,handle|id,positive,positive,,,1,positive
2104101786734739879,tylerdurdeth,2026-09-27T06:52:12Z,51,strong,handle,positive,positive,,,1,positive
2104614585030308119,tylerdurdeth,2026-09-28T16:49:53Z,9,strong,id,positive,positive,yes,yes,1,positive
2104915445866246366,tylerdurdeth,2026-09-29T12:45:24Z,9,strong,name,positive,positive,,,1,positive
2104915445866246366,tylerdurdeth,2026-09-29T12:45:24Z,64,strong,name,positive,positive,,,1,positive
2104915445866246366,tylerdurdeth,2026-09-29T12:45:24Z,93,strong,name,positive,positive,,,1,positive
2104915445866246366,tylerdurdeth,2026-09-29T12:45:24Z,120,strong,name,positive,positive,,,1,positive
2105282383461134420,tylerdurdeth,2026-09-30T13:03:29Z,17,strong,handle,neutral,neutral,,,1,neutral
