username,source,x_user_id,followers,account_created,posts_original_30d,posts_original_61d,posts_original_90d,posts_bittensor_30d,posts_bittensor_61d,posts_bittensor_90d,bittensor_share_90d,rule_exists,rule_independent,rule_reach,rule_volume,passes_rule,rule_focus,rule_activity,passes_first_rule
TaoOutsider,seed,1911448105964163072,5466,2025-04-13,176,267,386,176,267,386,1.0,1,1,1,1,1,1,1,1
TAOTemplar,seed,710127308443529216,6712,2016-03-16,45,97,132,38,83,117,0.8863636363636364,1,1,1,1,1,1,1,1
tylerdurdeth,seed,984760135582142469,8322,2018-04-13,376,613,721,143,249,293,0.406380027739251,1,1,1,1,1,0,1,0
VenturaLabs,seed,1795168285069082624,2499,2024-05-27,14,21,29,10,15,21,0.7241379310344828,1,1,1,0,0,1,0,0
gordonfrayne,seed,18290385,21672,2008-12-21,50,97,135,18,50,77,0.5703703703703704,1,1,1,1,1,1,1,1
KeithSingery,seed,504826591,7759,2012-02-26,87,160,227,53,106,147,0.6475770925110133,1,1,1,1,1,1,1,1
ShizzyUnchained,seed,50817890,13150,2009-06-25,164,274,346,113,200,259,0.7485549132947977,1,1,1,1,1,1,1,1
JesusMartinez,seed,1424636841303629826,323372,2021-08-09,244,384,518,118,155,177,0.3416988416988417,1,1,1,1,1,0,1,0
BittensorGuru,seed,2036280665713393664,1,2026-03-24,0,0,0,0,0,0,,1,1,0,0,0,0,0,0
markjeffrey,podcast_host,11392102,73970,2007-12-21,377,732,1016,113,223,311,0.3061023622047244,1,1,1,1,1,0,1,0
SiamKidd,podcast_host,215615595,26616,2010-11-14,23,54,71,12,27,33,0.4647887323943662,1,1,1,1,1,0,1,0
MarkCreaser,podcast_host,17486417,14789,2008-11-19,1,6,6,1,5,5,0.8333333333333334,1,1,1,0,0,1,0,0
jaltucher,podcast_host,8287602,224273,2007-08-19,8,21,60,1,4,6,0.1,1,1,1,0,0,0,1,0
JosephJacks_,podcast_host,1648999932,45961,2013-08-06,149,307,434,0,0,0,0.0,1,1,1,0,0,0,1,0
opentensor,podcast_host,1405656630872662019,171401,2021-06-17,28,48,65,28,48,65,1.0,1,1,1,1,1,1,1,1
